thread_id,message_id,message_date,subject,state,seller,order_number,order_date,delivery_date,supc,description,pack_size,brand,qty,qty_ordered,uom,unit_price,unit_basis,extended_price,is_third_party,is_oos,is_substitute,bucket
19b8a9a19eeb9aaf,19b8a9a19eeb9aaf,2026-01-04T20:01:52Z,Sysco Order #04301316 - Order Allocated - LARIAT,allocated,Sysco Standard Delivery,04301316,01/04/2026,01/05/2026,6800494,"Potato Fry 5/16"" Beer Extra Long",6/5 LB,BREW CITY,2.0,2.0,CS,62.55,,125.1,0,0,1,food
19b8a9a19eeb9aaf,19b8a9a19eeb9aaf,2026-01-04T20:01:52Z,Sysco Order #04301316 - Order Allocated - LARIAT,allocated,Sysco Standard Delivery,04301316,01/04/2026,01/05/2026,5172253,Mix Pancake Waffle Buttermilk Complete,6/5 LB,KRUSTEAZ,1.0,1.0,CS,84.65,,84.65,0,0,0,food
19b8a9a19eeb9aaf,19b8a9a19eeb9aaf,2026-01-04T20:01:52Z,Sysco Order #04301316 - Order Allocated - LARIAT,allocated,Sysco Standard Delivery,04301316,01/04/2026,01/05/2026,5934567,Liner Trash 39 Inch X 56 Inch 1.7 Mil Silver Linear Low-density Polyethylene (lldpe),50/55GAL,SYSCO CLASSIC,2.0,2.0,CS,44.09,,88.18,0,0,0,non_food
19b8a9a19eeb9aaf,19b8a9a19eeb9aaf,2026-01-04T20:01:52Z,Sysco Order #04301316 - Order Allocated - LARIAT,allocated,Sysco Standard Delivery,04301316,01/04/2026,01/05/2026,8139529,"Tortilla Flour 14""",8/12CT,LA BANDERITA,1.0,1.0,CS,47.65,,47.65,0,0,0,food
19b8a9a19eeb9aaf,19b8a9a19eeb9aaf,2026-01-04T20:01:52Z,Sysco Order #04301316 - Order Allocated - LARIAT,allocated,Sysco Standard Delivery,04301316,01/04/2026,01/05/2026,5229281,Spice Pepper Black Coarse Ground,3/5LB,SYSCO IMPERIAL/MCCORMICK,2.0,2.0,EA,109.99,,219.98,0,0,0,food
19b8a9a19eeb9aaf,19b8a9a19eeb9aaf,2026-01-04T20:01:52Z,Sysco Order #04301316 - Order Allocated - LARIAT,allocated,Sysco Standard Delivery,04301316,01/04/2026,01/05/2026,4218998,Label Roll Universal Plastic 2 Inch X 2 Inch,1/750CT,KEYSTONE PRODUCTS,1.0,1.0,CS,26.95,,26.95,0,0,0,non_food
19b8a9a19eeb9aaf,19b8a9a19eeb9aaf,2026-01-04T20:01:52Z,Sysco Order #04301316 - Order Allocated - LARIAT,allocated,Sysco Standard Delivery,04301316,01/04/2026,01/05/2026,1491552,"Bun Brioche 4.5""",8/10CT,TURANO,2.0,2.0,CS,55.04,,110.08,0,0,0,food
19b8a9a19eeb9aaf,19b8a9a19eeb9aaf,2026-01-04T20:01:52Z,Sysco Order #04301316 - Order Allocated - LARIAT,allocated,Sysco Standard Delivery,04301316,01/04/2026,01/05/2026,7301510,Cheese Oaxaca Shred 5 Pounds,4/5LB,CASA SOLANA CLASSIC,1.0,1.0,CS,104.99,,104.99,0,0,0,food
19b8a9a19eeb9aaf,19b8a9a19eeb9aaf,2026-01-04T20:01:52Z,Sysco Order #04301316 - Order Allocated - LARIAT,allocated,Sysco Standard Delivery,04301316,01/04/2026,01/05/2026,7121503,Sausage Breakfast Patty 3.5 Ounce Antibiotic Free,42/3.5OZ,Polidori,1.0,1.0,CS,55.95,,55.95,0,0,0,food
19b8a9a19eeb9aaf,19b8a9a19eeb9aaf,2026-01-04T20:01:52Z,Sysco Order #04301316 - Order Allocated - LARIAT,allocated,Sysco Standard Delivery,04301316,01/04/2026,01/05/2026,2369233,Chicken Wing Steamed Precooked Large,2/5LB,SYSCO CLASSIC,2.0,2.0,CS,43.95,,87.9,0,0,0,food
19b8a9a19eeb9aaf,19b8a9a19eeb9aaf,2026-01-04T20:01:52Z,Sysco Order #04301316 - Order Allocated - LARIAT,allocated,Sysco Standard Delivery,04301316,01/04/2026,01/05/2026,5098496,Pork Ham Shank Pig Wing 4 Ounce,2/4.5LB,SYSCO CLASSIC,2.0,2.0,CS,89.69,,179.38,0,0,0,food
19b8a9a19eeb9aaf,19b8a9a19eeb9aaf,2026-01-04T20:01:52Z,Sysco Order #04301316 - Order Allocated - LARIAT,allocated,Sysco Standard Delivery,04301316,01/04/2026,01/05/2026,3777570,Bacon Shingle Center-cut 7-9 Per Pound Honey Gas Flushed,1/15#,DAILYS BACON,2.0,2.0,CS,65.99,,131.98,0,0,0,food
19b8a9a19eeb9aaf,19b8a9a19eeb9aaf,2026-01-04T20:01:52Z,Sysco Order #04301316 - Order Allocated - LARIAT,allocated,Sysco Standard Delivery,04301316,01/04/2026,01/05/2026,3029614,Butter Clarified 4-5#,4/5 LB,WHOLESOME FARMS CLASSIC,1.0,1.0,CS,86.95,,86.95,0,0,0,food
19b8a9a19eeb9aaf,19b8a9a19eeb9aaf,2026-01-04T20:01:52Z,Sysco Order #04301316 - Order Allocated - LARIAT,allocated,Sysco Standard Delivery,04301316,01/04/2026,01/05/2026,7078475,Cilantro Bunch Iceless,1/30 CT,IMPERIAL FRESH,1.0,1.0,CS,22.99,,22.99,0,0,0,food
19b8a9a19eeb9aaf,19b8a9a19eeb9aaf,2026-01-04T20:01:52Z,Sysco Order #04301316 - Order Allocated - LARIAT,allocated,Sysco Standard Delivery,04301316,01/04/2026,01/05/2026,2058881,Chives Fresh Herb,1/1 LB,IMPERIAL FRESH,1.0,1.0,CS,17.99,,17.99,0,0,0,food
19b8a9a19eeb9aaf,19b8a9a19eeb9aaf,2026-01-04T20:01:52Z,Sysco Order #04301316 - Order Allocated - LARIAT,allocated,Sysco Standard Delivery,04301316,01/04/2026,01/05/2026,7218368,Shallot Whole Fresh,1/10 LB,IMPERIAL FRESH,1.0,1.0,CS,35.95,,35.95,0,0,0,food
19b8a9a19eeb9aaf,19b8a9a19eeb9aaf,2026-01-04T20:01:52Z,Sysco Order #04301316 - Order Allocated - LARIAT,allocated,Sysco Standard Delivery,04301316,01/04/2026,01/05/2026,1185156,Pepper Jalapeno Fresh,1/5 LB,IMPERIAL FRESH,1.0,1.0,CS,13.95,,13.95,0,0,0,food
19b8a9a19eeb9aaf,19b8a9a19eeb9aaf,2026-01-04T20:01:52Z,Sysco Order #04301316 - Order Allocated - LARIAT,allocated,Sysco Standard Delivery,04301316,01/04/2026,01/05/2026,5844220,Bean Black,6/#10,CASA SOLANA CLASSIC,1.0,1.0,CS,39.85,,39.85,0,0,0,food
19b8a9a19eeb9aaf,19b8a9a19eeb9aaf,2026-01-04T20:01:52Z,Sysco Order #04301316 - Order Allocated - LARIAT,allocated,Sysco Standard Delivery,04301316,01/04/2026,01/05/2026,4011078,Pudding Vanilla Ready To Use,6/#10,SYSCO CLASSIC,1.0,1.0,CS,76.99,,76.99,0,0,0,food
19b8a9a19eeb9aaf,19b8a9a19eeb9aaf,2026-01-04T20:01:52Z,Sysco Order #04301316 - Order Allocated - LARIAT,allocated,Sysco Standard Delivery,04301316,01/04/2026,01/05/2026,2916452,Drink Energy,24/12 OZ,RED BULL,1.0,1.0,CS,67.85,,67.85,0,0,0,beverage
19b9a831a687250f,19b9a831a687250f,2026-01-07T22:10:41Z,Sysco Order #04309562 - Order Allocated - LARIAT,allocated,Sysco Standard Delivery,04309562,01/07/2026,01/08/2026,5172253,Mix Pancake Waffle Buttermilk Complete,6/5 LB,KRUSTEAZ,1.0,1.0,CS,84.65,,84.65,0,0,0,food
19b9a831a687250f,19b9a831a687250f,2026-01-07T22:10:41Z,Sysco Order #04309562 - Order Allocated - LARIAT,allocated,Sysco Standard Delivery,04309562,01/07/2026,01/08/2026,7077653,Pangasius Filet Iqf 7-9 Ounce,1/15LB,PORTICO CLASSIC SEAFOOD,2.0,2.0,CS,47.45,,94.9,0,0,0,food
19b9a831a687250f,19b9a831a687250f,2026-01-07T22:10:41Z,Sysco Order #04309562 - Order Allocated - LARIAT,allocated,Sysco Standard Delivery,04309562,01/07/2026,01/08/2026,2575926,Cheese American Loaf Special Melting White,6/5 LB,CASA SOLANA IMPERIAL,1.0,1.0,CS,86.99,,86.99,0,0,0,food
19b9a831a687250f,19b9a831a687250f,2026-01-07T22:10:41Z,Sysco Order #04309562 - Order Allocated - LARIAT,allocated,Sysco Standard Delivery,04309562,01/07/2026,01/08/2026,1094697,Onions White Jumbo Bag,1/50LB,IMPERIAL FRESH,1.0,1.0,CS,30.95,,30.95,0,0,0,food
19b9a831a687250f,19b9a831a687250f,2026-01-07T22:10:41Z,Sysco Order #04309562 - Order Allocated - LARIAT,allocated,Sysco Standard Delivery,04309562,01/07/2026,01/08/2026,7380755,Chicken Leg Whole Raw Frozen,4/5#AVG,RED BIRD INC (POULTRY),2.0,2.0,CS,2.599,LB,98.76,0,0,0,food
19b9a831a687250f,19b9a831a687250f,2026-01-07T22:10:41Z,Sysco Order #04309562 - Order Allocated - LARIAT,allocated,Sysco Standard Delivery,04309562,01/07/2026,01/08/2026,7210106,Onion Red Jumbo Sack,10/5 LB,IMPERIAL FRESH,1.0,1.0,CS,36.75,,36.75,0,0,0,food
19b9a831a687250f,19b9a831a687250f,2026-01-07T22:10:41Z,Sysco Order #04309562 - Order Allocated - LARIAT,allocated,Sysco Standard Delivery,04309562,01/07/2026,01/08/2026,5661143,Tomato Cherry Heirloom Mix,12/.5 PTS,PACKER,1.0,1.0,CS,40.95,,40.95,0,0,0,food
19b9a831a687250f,19b9a831a687250f,2026-01-07T22:10:41Z,Sysco Order #04309562 - Order Allocated - LARIAT,allocated,Sysco Standard Delivery,04309562,01/07/2026,01/08/2026,1008663,Tomato 2 Layer 5x6 Fresh,1/60 CT,IMPERIAL FRESH,1.0,1.0,CS,30.45,,30.45,0,0,0,food
19bbebc824e547a5,19bbebc824e547a5,2026-01-14T22:59:43Z,Sysco Order #04324390 - Order Allocated - LARIAT,allocated,Sysco Standard Delivery,04324390,01/14/2026,01/15/2026,5848056,Rice Long Grain & Wild,6/36OZ,SYSCO IMPERIAL,1.0,1.0,CS,61.65,,61.65,0,0,0,food
19bbebc824e547a5,19bbebc824e547a5,2026-01-14T22:59:43Z,Sysco Order #04324390 - Order Allocated - LARIAT,allocated,Sysco Standard Delivery,04324390,01/14/2026,01/15/2026,5934567,Liner Trash 39 Inch X 56 Inch 1.7 Mil Silver Linear Low-density Polyethylene (lldpe),50/55GAL,SYSCO CLASSIC,2.0,2.0,CS,44.09,,88.18,0,0,0,non_food
19bbebc824e547a5,19bbebc824e547a5,2026-01-14T22:59:43Z,Sysco Order #04324390 - Order Allocated - LARIAT,allocated,Sysco Standard Delivery,04324390,01/14/2026,01/15/2026,8139529,"Tortilla Flour 14""",8/12CT,LA BANDERITA,1.0,1.0,CS,47.65,,47.65,0,0,0,food
19bbebc824e547a5,19bbebc824e547a5,2026-01-14T22:59:43Z,Sysco Order #04324390 - Order Allocated - LARIAT,allocated,Sysco Standard Delivery,04324390,01/14/2026,01/15/2026,5061643,Oil Salad Canola Zero Trans Fat,1/35 LB,SYSCO CLASSIC,1.0,1.0,CS,42.65,,42.65,0,0,0,food
19bbebc824e547a5,19bbebc824e547a5,2026-01-14T22:59:43Z,Sysco Order #04324390 - Order Allocated - LARIAT,allocated,Sysco Standard Delivery,04324390,01/14/2026,01/15/2026,1491552,"Bun Brioche 4.5""",8/10CT,TURANO,2.0,2.0,CS,56.34,,112.68,0,0,0,food
19bbebc824e547a5,19bbebc824e547a5,2026-01-14T22:59:43Z,Sysco Order #04324390 - Order Allocated - LARIAT,allocated,Sysco Standard Delivery,04324390,01/14/2026,01/15/2026,3617531,Vegetarian Blend Sweet Potato & Roasted Root Vegetables,6/2.5LB,SYSCO SUPREME,1.0,1.0,CS,56.45,,56.45,0,0,0,food
19bbebc824e547a5,19bbebc824e547a5,2026-01-14T22:59:43Z,Sysco Order #04324390 - Order Allocated - LARIAT,allocated,Sysco Standard Delivery,04324390,01/14/2026,01/15/2026,3554615,"Potato Fry 5/16"" Beer Extra Long",6/5 LB,SYSCO IMPERIAL,3.0,3.0,CS,55.0,,165.0,0,0,0,food
19bbebc824e547a5,19bbebc824e547a5,2026-01-14T22:59:43Z,Sysco Order #04324390 - Order Allocated - LARIAT,allocated,Sysco Standard Delivery,04324390,01/14/2026,01/15/2026,7085140,Corn Yellow Roasted Blend,6/2.5LB,SYSCO IMPERIAL,1.0,1.0,CS,50.59,,50.59,0,0,0,food
19bbebc824e547a5,19bbebc824e547a5,2026-01-14T22:59:43Z,Sysco Order #04324390 - Order Allocated - LARIAT,allocated,Sysco Standard Delivery,04324390,01/14/2026,01/15/2026,2369233,Chicken Wing Steamed Precooked Large,2/5LB,SYSCO CLASSIC,5.0,5.0,CS,43.95,,219.75,0,0,0,food
19bbebc824e547a5,19bbebc824e547a5,2026-01-14T22:59:43Z,Sysco Order #04324390 - Order Allocated - LARIAT,allocated,Sysco Standard Delivery,04324390,01/14/2026,01/15/2026,9702150,Pretzel Soft Bavarian 7 Oz,10/4 PK,TEXAS TWIST,1.0,1.0,CS,79.95,,79.95,0,0,0,food
19bbebc824e547a5,19bbebc824e547a5,2026-01-14T22:59:43Z,Sysco Order #04324390 - Order Allocated - LARIAT,allocated,Sysco Standard Delivery,04324390,01/14/2026,01/15/2026,7235243,Chicken Breast Cutlet 5 Ounce,4/5 LB,RED BIRD INC (POULTRY),2.0,2.0,CS,5.359,LB,221.52,0,0,0,food
19bbebc824e547a5,19bbebc824e547a5,2026-01-14T22:59:43Z,Sysco Order #04324390 - Order Allocated - LARIAT,allocated,Sysco Standard Delivery,04324390,01/14/2026,01/15/2026,9448986,Beef Cheek Meat,1/30 LB,PACKER,1.0,1.0,CS,4.959,LB,147.31,0,0,0,food
19bbebc824e547a5,19bbebc824e547a5,2026-01-14T22:59:43Z,Sysco Order #04324390 - Order Allocated - LARIAT,allocated,Sysco Standard Delivery,04324390,01/14/2026,01/15/2026,7210310,Buttermilk Whole Qt,12/1 QT,MEADOW GOLD,1.0,1.0,CS,35.85,,35.85,0,0,0,food
19bbebc824e547a5,19bbebc824e547a5,2026-01-14T22:59:43Z,Sysco Order #04324390 - Order Allocated - LARIAT,allocated,Sysco Standard Delivery,04324390,01/14/2026,01/15/2026,6935464,Cream Heavy 40% Extended Shelf Life Stabilized,12/32OZ,WHOLESOME FARMS CLASSIC,1.0,1.0,CS,56.45,,56.45,0,0,0,food
19bbebc824e547a5,19bbebc824e547a5,2026-01-14T22:59:43Z,Sysco Order #04324390 - Order Allocated - LARIAT,allocated,Sysco Standard Delivery,04324390,01/14/2026,01/15/2026,3029614,Butter Clarified 4-5#,4/5 LB,WHOLESOME FARMS CLASSIC,1.0,1.0,CS,86.95,,86.95,0,0,0,food
19bbebc824e547a5,19bbebc824e547a5,2026-01-14T22:59:43Z,Sysco Order #04324390 - Order Allocated - LARIAT,allocated,Sysco Standard Delivery,04324390,01/14/2026,01/15/2026,3030117,Butter Solid Unsalted 83% Minimum Butterfat European,36/1 LB,WHOLESOME FARMS IMPERIAL,1.0,1.0,CS,113.9,,113.9,0,0,0,food
19bbebc824e547a5,19bbebc824e547a5,2026-01-14T22:59:43Z,Sysco Order #04324390 - Order Allocated - LARIAT,allocated,Sysco Standard Delivery,04324390,01/14/2026,01/15/2026,2058881,Chives Fresh Herb,1/1 LB,IMPERIAL FRESH,1.0,1.0,CS,17.99,,17.99,0,0,0,food
19bbebc824e547a5,19bbebc824e547a5,2026-01-14T22:59:43Z,Sysco Order #04324390 - Order Allocated - LARIAT,allocated,Sysco Standard Delivery,04324390,01/14/2026,01/15/2026,1675909,Lettuce Greens Leaf Fresh,4/6 CT,SYSCO/FRESHPOINT NATURAL,1.0,1.0,CS,26.36,,26.36,0,0,0,food
19bbebc824e547a5,19bbebc824e547a5,2026-01-14T22:59:43Z,Sysco Order #04324390 - Order Allocated - LARIAT,allocated,Sysco Standard Delivery,04324390,01/14/2026,01/15/2026,1675719,Cabbage Red Shredded Fresh,4/5 LB,IMPERIAL FRESH,2.0,2.0,EA,13.95,,27.9,0,0,0,food
19bbebc824e547a5,19bbebc824e547a5,2026-01-14T22:59:43Z,Sysco Order #04324390 - Order Allocated - LARIAT,allocated,Sysco Standard Delivery,04324390,01/14/2026,01/15/2026,9927799,Pepper Jalapeno Fresh,1/10 LB,IMPERIAL FRESH,1.0,1.0,CS,31.99,,31.99,0,0,0,food
19bbebc824e547a5,19bbebc824e547a5,2026-01-14T22:59:43Z,Sysco Order #04324390 - Order Allocated - LARIAT,allocated,Sysco Standard Delivery,04324390,01/14/2026,01/15/2026,6206551,Mustard Yellow Jug,6/6.5 LB,HEINZ,1.0,1.0,CS,60.76,,60.76,0,0,0,food
19bbebc824e547a5,19bbebc824e547a5,2026-01-14T22:59:43Z,Sysco Order #04324390 - Order Allocated - LARIAT,allocated,Sysco Standard Delivery,04324390,01/14/2026,01/15/2026,2575926,Cheese American Loaf Special Melting White,6/5 LB,CASA SOLANA IMPERIAL,1.0,1.0,CS,86.99,,86.99,0,0,0,food
19bbebc824e547a5,19bbebc824e547a5,2026-01-14T22:59:43Z,Sysco Order #04324390 - Order Allocated - LARIAT,allocated,Sysco Standard Delivery,04324390,01/14/2026,01/15/2026,5134365,Egg Breakfast Blend Scramble Mix Cgfr,15/2 LB,WHOLESOME FARMS IMPERIAL,1.0,1.0,CS,83.95,,83.95,0,0,0,food
19bbebc824e547a5,19bbebc824e547a5,2026-01-14T22:59:43Z,Sysco Order #04324390 - Order Allocated - LARIAT,allocated,Sysco Standard Delivery,04324390,01/14/2026,01/15/2026,7182310,Egg Shell Medium White Aa Cage Free,1/15 DZ,WHOLESOME FARMS IMPERIAL,1.0,1.0,CS,19.27,,19.27,0,0,0,food
19bbebc824e547a5,19bbebc824e547a5,2026-01-14T22:59:43Z,Sysco Order #04324390 - Order Allocated - LARIAT,allocated,Sysco Standard Delivery,04324390,01/14/2026,01/15/2026,7199866,Egg Hardcooked Cgfree Hard Pk,12/12 CT,WHOLESOME FARMS IMPERIAL,1.0,1.0,CS,64.99,,64.99,0,0,0,food
19bbebc824e547a5,19bbebc824e547a5,2026-01-14T22:59:43Z,Sysco Order #04324390 - Order Allocated - LARIAT,allocated,Sysco Standard Delivery,04324390,01/14/2026,01/15/2026,1007350,Avocado Hass Breaking Fresh,1/48 CT,PROPACK,1.0,1.0,CS,41.95,,41.95,0,0,0,food
19bbebc824e547a5,19bbebc824e547a5,2026-01-14T22:59:43Z,Sysco Order #04324390 - Order Allocated - LARIAT,allocated,Sysco Standard Delivery,04324390,01/14/2026,01/15/2026,1008663,Tomato 2 Layer 5x6 Fresh,1/60 CT,IMPERIAL FRESH,1.0,1.0,CS,28.55,,28.55,0,0,0,food
19bbebc824e547a5,19bbebc824e547a5,2026-01-14T22:59:43Z,Sysco Order #04324390 - Order Allocated - LARIAT,allocated,Sysco Standard Delivery,04324390,01/14/2026,01/15/2026,7210106,Onion Red Jumbo Sack,10/5 LB,IMPERIAL FRESH,1.0,1.0,CS,36.75,,36.75,0,0,0,food
19bbebc824e547a5,19bbebc824e547a5,2026-01-14T22:59:43Z,Sysco Order #04324390 - Order Allocated - LARIAT,allocated,Sysco Standard Delivery,04324390,01/14/2026,01/15/2026,1094697,Onions White Jumbo Bag,1/50LB,IMPERIAL FRESH,1.0,1.0,CS,30.95,,30.95,0,0,0,food
19bbebc824e547a5,19bbebc824e547a5,2026-01-14T22:59:43Z,Sysco Order #04324390 - Order Allocated - LARIAT,allocated,Sysco Standard Delivery,04324390,01/14/2026,01/15/2026,1120625,Celery Fresh,1/24 CT,IMPERIAL FRESH,1.0,1.0,CS,79.95,,79.95,0,0,0,food
19bbebc824e547a5,19bbebc824e547a5,2026-01-14T22:59:43Z,Sysco Order #04324390 - Order Allocated - LARIAT,allocated,Sysco Standard Delivery,04324390,01/14/2026,01/15/2026,1423726,Container Paper #4 Takeout Kraft,2/45CT,EARTH PLUS,1.0,1.0,CS,52.95,,52.95,0,0,0,non_food
19bbebc824e547a5,19bbebc824e547a5,2026-01-14T22:59:43Z,Sysco Order #04324390 - Order Allocated - LARIAT,allocated,Sysco Standard Delivery,04324390,01/14/2026,01/15/2026,5793963,"Grill Brick 3.5"" Thick",12/1EA,SYSCO SUPPLIES CLASSIC,1.0,1.0,CS,22.99,,22.99,0,0,0,non_food
19bbebc824e547a5,19bbebc824e547a5,2026-01-14T22:59:43Z,Sysco Order #04324390 - Order Allocated - LARIAT,allocated,Sysco Standard Delivery,04324390,01/14/2026,01/15/2026,6040885,Pasta Cavatappi 100% Durum Wheat Semolina,2/10 LB,PASTA LABELLA,1.0,1.0,CS,32.99,,32.99,0,0,0,food
19bbebc824e547a5,19bbebc824e547a5,2026-01-14T22:59:43Z,Sysco Order #04324390 - Order Allocated - LARIAT,allocated,Sysco Standard Delivery,04324390,01/14/2026,01/15/2026,8516029,"Potato Sweet Julienne .188""",5/3 LB,LAMB WESTON,1.0,1.0,CS,49.95,,49.95,0,0,0,food
19bbebc824e547a5,19bbebc824e547a5,2026-01-14T22:59:43Z,Sysco Order #04324390 - Order Allocated - LARIAT,allocated,Sysco Standard Delivery,04324390,01/14/2026,01/15/2026,7644909,Fry On Shortening Frying Liquid,1/35 LB,SYSCO PREMIUM,6.0,6.0,CS,57.59,,345.54,0,0,0,food
19bbebc824e547a5,19bbebc824e547a5,2026-01-14T22:59:43Z,Sysco Order #04324390 - Order Allocated - LARIAT,allocated,Sysco Standard Delivery,04324390,01/14/2026,01/15/2026,2916452,Drink Energy,24/12 OZ,RED BULL,1.0,1.0,CS,67.85,,67.85,0,0,0,beverage
19bbebc824e547a5,19bbebc824e547a5,2026-01-14T22:59:43Z,Sysco Order #04324390 - Order Allocated - LARIAT,allocated,Sysco Standard Delivery,04324390,01/14/2026,01/15/2026,4689212,Anchovy Fillet Easy Open Tin In Olive Oil,12/13 OZ,ARREZZIO CLASSIC,1.0,1.0,EA,15.68,,15.68,0,0,0,food
19be28eb88cfc57e,19be28eb88cfc57e,2026-01-21T21:56:02Z,Sysco Order Jan 20 2026 12:28 AM  - Order Confirmation - LARIAT,confirmation,Sysco Standard Delivery,04338192,01/21/2026,01/21/2026,3852940,Beef Ground Chuck Brisket Shortrib Patty,24/7 OZ,BUCKHEAD PRIDE/ NEWPORT PRIDE,6.0,6.0,CS,72.99,,437.94,0,0,0,food
19be28eb88cfc57e,19be28eb88cfc57e,2026-01-21T21:56:02Z,Sysco Order Jan 20 2026 12:28 AM  - Order Confirmation - LARIAT,confirmation,Sysco Standard Delivery,04338192,01/21/2026,01/21/2026,3777570,Bacon Shingle Center-cut 7-9 Per Pound Honey Gas Flushed,1/15#,DAILYS BACON,2.0,2.0,CS,65.99,,131.98,0,0,0,food
19be28eb88cfc57e,19be28eb88cfc57e,2026-01-21T21:56:02Z,Sysco Order Jan 20 2026 12:28 AM  - Order Confirmation - LARIAT,confirmation,Sysco Standard Delivery,04338192,01/21/2026,01/21/2026,2386159,"Tortilla Flour Pressed 10""",12/12CT,CASA SOLANA CLASSIC,3.0,3.0,CS,56.3,,168.9,0,0,0,food
19be28eb88cfc57e,19be28eb88cfc57e,2026-01-21T21:56:02Z,Sysco Order Jan 20 2026 12:28 AM  - Order Confirmation - LARIAT,confirmation,Sysco Standard Delivery,04338192,01/21/2026,01/21/2026,5204383,Pan Coating Professional,6/16 OZ,SYSCO SUPREME,1.0,1.0,CS,40.87,,40.87,0,0,0,food
19be28eb88cfc57e,19be28eb88cfc57e,2026-01-21T21:56:02Z,Sysco Order Jan 20 2026 12:28 AM  - Order Confirmation - LARIAT,confirmation,Sysco Standard Delivery,04338192,01/21/2026,01/21/2026,2406189,Cheese Cheddar Jack Fancy Shredded,4/5LB,CASA SOLANA IMPERIAL,1.0,1.0,CS,57.45,,57.45,0,0,0,food
19be28eb88cfc57e,19be28eb88cfc57e,2026-01-21T21:56:02Z,Sysco Order Jan 20 2026 12:28 AM  - Order Confirmation - LARIAT,confirmation,Sysco Standard Delivery,04338192,01/21/2026,01/21/2026,7126651,Sauce Worcestershire,4/1GAL,SYSCO CLASSIC,1.0,1.0,EA,10.92,,10.92,0,0,0,food
19be28eb88cfc57e,19be28eb88cfc57e,2026-01-21T21:56:02Z,Sysco Order Jan 20 2026 12:28 AM  - Order Confirmation - LARIAT,confirmation,Sysco Standard Delivery,04338192,01/21/2026,01/21/2026,7063131,Pickle Chip Bread Butter Refrigerated 500-650 Count,1/2 GAL,BLOCK & BARREL CLASSIC,3.0,3.0,CS,30.39,,91.17,0,0,0,food
19be28eb88cfc57e,19be28eb88cfc57e,2026-01-21T21:56:02Z,Sysco Order Jan 20 2026 12:28 AM  - Order Confirmation - LARIAT,confirmation,Sysco Standard Delivery,04338192,01/21/2026,01/21/2026,2227007,Carrots Fresh Jumbo,1/25 LB,IMPERIAL FRESH,1.0,1.0,CS,26.55,,26.55,0,0,0,food
19be28eb88cfc57e,19be28eb88cfc57e,2026-01-21T21:56:02Z,Sysco Order Jan 20 2026 12:28 AM  - Order Confirmation - LARIAT,confirmation,Sysco Standard Delivery,04338192,01/21/2026,01/21/2026,8379251,Flour All Purpose Hotel & Restaurant Bleached,1/25LB,SYSCO CLASSIC,1.0,1.0,CS,10.69,,10.69,0,0,0,food
19be28eb88cfc57e,19be28eb88cfc57e,2026-01-21T21:56:02Z,Sysco Order Jan 20 2026 12:28 AM  - Order Confirmation - LARIAT,confirmation,Sysco Standard Delivery,04338192,01/21/2026,01/21/2026,5230057,Extract Vanilla Pure,6/32 OZ,SYSCO IMPERIAL/MCCORMICK,1.0,1.0,EA,82.65,,82.65,0,0,0,food
19be28eb88cfc57e,19be28eb88cfc57e,2026-01-21T21:56:02Z,Sysco Order Jan 20 2026 12:28 AM  - Order Confirmation - LARIAT,confirmation,Sysco Standard Delivery,04338192,01/21/2026,01/21/2026,1423726,Container Paper #4 Takeout Kraft,2/45CT,EARTH PLUS,2.0,2.0,CS,52.95,,105.9,0,0,0,non_food
19be28eb88cfc57e,19be28eb88cfc57e,2026-01-21T21:56:02Z,Sysco Order Jan 20 2026 12:28 AM  - Order Confirmation - LARIAT,confirmation,Sysco Standard Delivery,04338192,01/21/2026,01/21/2026,7585326,"Bread Sourdough Thick Sliced .75""",6/32 OZ,ROTELLA,1.0,1.0,CS,38.95,,38.95,0,0,0,food
19be28eb88cfc57e,19be28eb88cfc57e,2026-01-21T21:56:02Z,Sysco Order Jan 20 2026 12:28 AM  - Order Confirmation - LARIAT,confirmation,Sysco Standard Delivery,04338192,01/21/2026,01/21/2026,1675909,Lettuce Greens Leaf Fresh,4/6 CT,SYSCO/FRESHPOINT NATURAL,1.0,1.0,CS,26.36,,26.36,0,0,0,food
19be28eb88cfc57e,19be28eb88cfc57e,2026-01-21T21:56:02Z,Sysco Order Jan 20 2026 12:28 AM  - Order Confirmation - LARIAT,confirmation,Sysco Standard Delivery,04338192,01/21/2026,01/21/2026,5934567,Liner Trash 39 Inch X 56 Inch 1.7 Mil Silver Linear Low-density Polyethylene (lldpe),50/55GAL,SYSCO CLASSIC,1.0,1.0,CS,45.45,,45.45,0,0,0,non_food
19be28eb88cfc57e,19be28eb88cfc57e,2026-01-21T21:56:02Z,Sysco Order Jan 20 2026 12:28 AM  - Order Confirmation - LARIAT,confirmation,Sysco Standard Delivery,04338192,01/21/2026,01/21/2026,3554615,"Potato Fry 5/16"" Beer Extra Long",6/5 LB,SYSCO IMPERIAL,3.0,3.0,CS,55.0,,165.0,0,0,0,food
19be28eb88cfc57e,19be28eb88cfc57e,2026-01-21T21:56:02Z,Sysco Order Jan 20 2026 12:28 AM  - Order Confirmation - LARIAT,confirmation,Sysco Standard Delivery,04338192,01/21/2026,01/21/2026,6040885,Pasta Cavatappi 100% Durum Wheat Semolina,2/10 LB,PASTA LABELLA,2.0,2.0,CS,33.55,,67.1,0,0,0,food
19be28eb88cfc57e,19be28eb88cfc57e,2026-01-21T21:56:02Z,Sysco Order Jan 20 2026 12:28 AM  - Order Confirmation - LARIAT,confirmation,Sysco Standard Delivery,04338192,01/21/2026,01/21/2026,6935464,Cream Heavy 40% Extended Shelf Life Stabilized,12/32OZ,WHOLESOME FARMS CLASSIC,1.0,1.0,CS,56.45,,56.45,0,0,0,food
19be28eb88cfc57e,19be28eb88cfc57e,2026-01-21T21:56:02Z,Sysco Order Jan 20 2026 12:28 AM  - Order Confirmation - LARIAT,confirmation,Sysco Standard Delivery,04338192,01/21/2026,01/21/2026,1675719,Cabbage Red Shredded Fresh,4/5 LB,IMPERIAL FRESH,2.0,2.0,EA,13.95,,27.9,0,0,0,food
19be28eb88cfc57e,19be28eb88cfc57e,2026-01-21T21:56:02Z,Sysco Order Jan 20 2026 12:28 AM  - Order Confirmation - LARIAT,confirmation,Sysco Standard Delivery,04338192,01/21/2026,01/21/2026,8071803,Pangasius Fillet Iqf 7-9 Ounce,1/15 LB,PORTICO IMPERIAL,3.0,3.0,CS,49.79,,149.37,0,0,0,food
19be28eb88cfc57e,19be28eb88cfc57e,2026-01-21T21:56:02Z,Sysco Order Jan 20 2026 12:28 AM  - Order Confirmation - LARIAT,confirmation,Sysco Standard Delivery,04338192,01/21/2026,01/21/2026,7032400,Tortilla White Corn 5.5 Inch,12/36CT,RAQUELITAS TORTILLAS,3.0,3.0,CS,42.95,,128.85,0,0,0,food
19be28eb88cfc57e,19be28eb88cfc57e,2026-01-21T21:56:02Z,Sysco Order Jan 20 2026 12:28 AM  - Order Confirmation - LARIAT,confirmation,Sysco Standard Delivery,04338192,01/21/2026,01/21/2026,2369233,Chicken Wing Steamed Precooked Large,2/5LB,SYSCO CLASSIC,10.0,10.0,CS,41.75,,417.5,0,0,0,food
19be28eb88cfc57e,19be28eb88cfc57e,2026-01-21T21:56:02Z,Sysco Order Jan 20 2026 12:28 AM  - Order Confirmation - LARIAT,confirmation,Sysco Standard Delivery,04338192,01/21/2026,01/21/2026,2979989,Potato Fry Sweet Wavelengths,6/2.5LB,SYSCO IMPERIAL,2.0,2.0,CS,48.75,,97.5,0,0,0,food
19be28eb88cfc57e,19be28eb88cfc57e,2026-01-21T21:56:02Z,Sysco Order Jan 20 2026 12:28 AM  - Order Confirmation - LARIAT,confirmation,Sysco Standard Delivery,04338192,01/21/2026,01/21/2026,1008663,Tomato 2 Layer 5x6 Fresh,1/60 CT,IMPERIAL FRESH,1.0,1.0,CS,30.75,,30.75,0,0,0,food
19be28eb88cfc57e,19be28eb88cfc57e,2026-01-21T21:56:02Z,Sysco Order Jan 20 2026 12:28 AM  - Order Confirmation - LARIAT,confirmation,Sysco Standard Delivery,04338192,01/21/2026,01/21/2026,7644909,Fry On Shortening Frying Liquid,1/35 LB,SYSCO PREMIUM,1.0,1.0,CS,59.99,,59.99,0,0,0,food
19be28eb88cfc57e,19be28eb88cfc57e,2026-01-21T21:56:02Z,Sysco Order Jan 20 2026 12:28 AM  - Order Confirmation - LARIAT,confirmation,Sysco Standard Delivery,04338192,01/21/2026,01/21/2026,7235243,Chicken Breast Cutlet 5 Ounce,4/5 LB,RED BIRD INC (POULTRY),1.0,1.0,CS,5.359,LB,108.57,0,0,0,food
19be28eb88cfc57e,19be28eb88cfc57e,2026-01-21T21:56:02Z,Sysco Order Jan 20 2026 12:28 AM  - Order Confirmation - LARIAT,confirmation,Sysco Standard Delivery,04338192,01/21/2026,01/21/2026,8516029,"Potato Sweet Julienne .188""",5/3 LB,LAMB WESTON,1.0,1.0,CS,49.95,,49.95,0,0,0,food
19be28eb88cfc57e,19be28eb88cfc57e,2026-01-21T21:56:02Z,Sysco Order Jan 20 2026 12:28 AM  - Order Confirmation - LARIAT,confirmation,Sysco Standard Delivery,04338192,01/21/2026,01/21/2026,1007350,Avocado Hass Breaking Fresh,1/48 CT,PROPACK,1.0,1.0,CS,44.95,,44.95,0,0,0,food
19be28eb88cfc57e,19be28eb88cfc57e,2026-01-21T21:56:02Z,Sysco Order Jan 20 2026 12:28 AM  - Order Confirmation - LARIAT,confirmation,Sysco Standard Delivery,04338192,01/21/2026,01/21/2026,6042715,Seasoning Asian Seaweed Nori Topping Furikake 3CT,3/300,UMMA U,1.0,1.0,CS,87.0,,87.0,1,0,0,food
19be28eb88cfc57e,19be28eb88cfc57e,2026-01-21T21:56:02Z,Sysco Order Jan 20 2026 12:28 AM  - Order Confirmation - LARIAT,confirmation,Sold and Shipped by Route66 International,M2d061034a3df,01/21/2026,01/21/2026,7318773,"Scraper Grill Replacement Blade Stainless 6"" Length",1/6 CT,WINCO INC,1.0,1.0,CS,32.29,,32.29,1,0,0,non_food
19bf745497581589,19bf745497581589,2026-01-25T22:27:51Z,Sysco Order #04345267 - Order Allocated - LARIAT,allocated,Sysco Standard Delivery,04345267,01/25/2026,01/26/2026,5934567,Liner Trash 39 Inch X 56 Inch 1.7 Mil Silver Linear Low-density Polyethylene (lldpe),50/55GAL,SYSCO CLASSIC,2.0,2.0,CS,45.45,,90.9,0,0,0,non_food
19bf745497581589,19bf745497581589,2026-01-25T22:27:51Z,Sysco Order #04345267 - Order Allocated - LARIAT,allocated,Sysco Standard Delivery,04345267,01/25/2026,01/26/2026,4692174,Tortilla Flour Pressed 6 Inch,12/24CT,LA BANDERITA,1.0,1.0,CS,28.75,,28.75,0,0,0,food
19bf745497581589,19bf745497581589,2026-01-25T22:27:51Z,Sysco Order #04345267 - Order Allocated - LARIAT,allocated,Sysco Standard Delivery,04345267,01/25/2026,01/26/2026,5229117,Spice Onion Powder,3/5.5LB,SYSCO IMPERIAL/MCCORMICK,1.0,1.0,CS,150.99,,150.99,0,0,0,food
19bf745497581589,19bf745497581589,2026-01-25T22:27:51Z,Sysco Order #04345267 - Order Allocated - LARIAT,allocated,Sysco Standard Delivery,04345267,01/25/2026,01/26/2026,3852940,Beef Ground Chuck Brisket Shortrib Patty,24/7 OZ,BUCKHEAD PRIDE/ NEWPORT PRIDE,4.0,4.0,CS,75.95,,303.8,0,0,0,food
19bf745497581589,19bf745497581589,2026-01-25T22:27:51Z,Sysco Order #04345267 - Order Allocated - LARIAT,allocated,Sysco Standard Delivery,04345267,01/25/2026,01/26/2026,1400464,Chicken Tenders Breaded Golden Flat Large,2/5 LB,SYSCO CLASSIC,4.0,4.0,CS,53.12,,212.48,0,0,0,food
19bf745497581589,19bf745497581589,2026-01-25T22:27:51Z,Sysco Order #04345267 - Order Allocated - LARIAT,allocated,Sysco Standard Delivery,04345267,01/25/2026,01/26/2026,8071803,Pangasius Fillet Iqf 7-9 Ounce,1/15 LB,PORTICO IMPERIAL,1.0,1.0,CS,49.79,,49.79,0,0,0,food
19bf745497581589,19bf745497581589,2026-01-25T22:27:51Z,Sysco Order #04345267 - Order Allocated - LARIAT,allocated,Sysco Standard Delivery,04345267,01/25/2026,01/26/2026,7235243,Chicken Breast Cutlet 5 Ounce,4/5 LB,RED BIRD INC (POULTRY),2.0,2.0,CS,5.299,LB,216.35,0,0,0,food
19bf745497581589,19bf745497581589,2026-01-25T22:27:51Z,Sysco Order #04345267 - Order Allocated - LARIAT,allocated,Sysco Standard Delivery,04345267,01/25/2026,01/26/2026,3777570,Bacon Shingle Center-cut 7-9 Per Pound Honey Gas Flushed,1/15#,DAILYS BACON,2.0,2.0,CS,65.99,,131.98,0,0,0,food
19bf745497581589,19bf745497581589,2026-01-25T22:27:51Z,Sysco Order #04345267 - Order Allocated - LARIAT,allocated,Sysco Standard Delivery,04345267,01/25/2026,01/26/2026,7585326,"Bread Sourdough Thick Sliced .75""",6/32 OZ,ROTELLA,2.0,2.0,CS,38.95,,77.9,0,0,0,food
19bf745497581589,19bf745497581589,2026-01-25T22:27:51Z,Sysco Order #04345267 - Order Allocated - LARIAT,allocated,Sysco Standard Delivery,04345267,01/25/2026,01/26/2026,7181814,Sausage Chorizo Bulk Raw,2/7 LB,Polidori,2.0,2.0,CS,75.93,,151.86,0,0,0,food
19bf745497581589,19bf745497581589,2026-01-25T22:27:51Z,Sysco Order #04345267 - Order Allocated - LARIAT,allocated,Sysco Standard Delivery,04345267,01/25/2026,01/26/2026,1675909,Lettuce Greens Leaf Fresh,4/6 CT,SYSCO/FRESHPOINT NATURAL,1.0,1.0,CS,26.36,,26.36,0,0,0,food
19bf745497581589,19bf745497581589,2026-01-25T22:27:51Z,Sysco Order #04345267 - Order Allocated - LARIAT,allocated,Sysco Standard Delivery,04345267,01/25/2026,01/26/2026,1675701,Cabbage Green Shredded Fresh In Bag,4/5 LB,IMPERIAL FRESH,1.0,1.0,CS,24.85,,24.85,0,0,0,food
19bf745497581589,19bf745497581589,2026-01-25T22:27:51Z,Sysco Order #04345267 - Order Allocated - LARIAT,allocated,Sysco Standard Delivery,04345267,01/25/2026,01/26/2026,1185156,Pepper Jalapeno Fresh,1/5 LB,IMPERIAL FRESH,1.0,1.0,CS,13.99,,13.99,0,0,0,food
19bf745497581589,19bf745497581589,2026-01-25T22:27:51Z,Sysco Order #04345267 - Order Allocated - LARIAT,allocated,Sysco Standard Delivery,04345267,01/25/2026,01/26/2026,4002408,Mayonnaise Heavy Duty Pail,1/28LB,SYSCO RELIANCE,1.0,1.0,CS,56.99,,56.99,0,0,0,food
19bf745497581589,19bf745497581589,2026-01-25T22:27:51Z,Sysco Order #04345267 - Order Allocated - LARIAT,allocated,Sysco Standard Delivery,04345267,01/25/2026,01/26/2026,1552272,Cheese Mozzarella Fresh Cryovac Log,8/1 LB,ARREZZIO IMPERIAL,1.0,1.0,CS,37.93,,37.93,0,0,0,food
19bf745497581589,19bf745497581589,2026-01-25T22:27:51Z,Sysco Order #04345267 - Order Allocated - LARIAT,allocated,Sysco Standard Delivery,04345267,01/25/2026,01/26/2026,7134591,Cucumber English Medium Seedless 12 Count,1/12CT,IMPERIAL FRESH,1.0,1.0,CS,20.3,,20.3,0,0,0,food
19bf745497581589,19bf745497581589,2026-01-25T22:27:51Z,Sysco Order #04345267 - Order Allocated - LARIAT,allocated,Sysco Standard Delivery,04345267,01/25/2026,01/26/2026,4595138,Cleaner Grill And Panini High Temperature,6/32 OZ,ECOLAB,1.0,1.0,CS,161.99,,161.99,0,0,0,non_food
19bf745497581589,19bf745497581589,2026-01-25T22:27:51Z,Sysco Order #04345267 - Order Allocated - LARIAT,allocated,Sysco Standard Delivery,04345267,01/25/2026,01/26/2026,8378111,Flour All Purpose Hotel & Restaurant Bleached,1/50LB,SYSCO CLASSIC,1.0,1.0,CS,19.89,,19.89,0,0,0,food
19bf745497581589,19bf745497581589,2026-01-25T22:27:51Z,Sysco Order #04345267 - Order Allocated - LARIAT,allocated,Sysco Standard Delivery,04345267,01/25/2026,01/26/2026,7380755,Chicken Leg Whole Raw Frozen,4/5#AVG,RED BIRD INC (POULTRY),1.0,1.0,CS,2.659,LB,50.52,0,0,0,food
19bf745497581589,19bf745497581589,2026-01-25T22:27:51Z,Sysco Order #04345267 - Order Allocated - LARIAT,allocated,Sysco Standard Delivery,04345267,01/25/2026,01/26/2026,7644909,Fry On Shortening Frying Liquid,1/35 LB,SYSCO PREMIUM,3.0,3.0,CS,59.99,,179.97,0,0,0,food
19bf745497581589,19bf745497581589,2026-01-25T22:27:51Z,Sysco Order #04345267 - Order Allocated - LARIAT,allocated,Sysco Standard Delivery,04345267,01/25/2026,01/26/2026,7019826,Tortilla Corn White 6.25 Inch,4/90 CT,LA BANDERITA,1.0,1.0,CS,38.95,,38.95,0,0,0,food
19c06d57e9edb782,19c06d57e9edb782,2026-01-28T22:59:40Z,Sysco Order #04352622 - Order Allocated - LARIAT,allocated,Sysco Standard Delivery,04352622,01/28/2026,01/29/2026,3852940,Beef Ground Chuck Brisket Shortrib Patty,24/7 OZ,BUCKHEAD PRIDE/ NEWPORT PRIDE,2.0,2.0,CS,75.95,,151.9,0,0,0,food
19c06d57e9edb782,19c06d57e9edb782,2026-01-28T22:59:40Z,Sysco Order #04352622 - Order Allocated - LARIAT,allocated,Sysco Standard Delivery,04352622,01/28/2026,01/29/2026,7790239,Cup Plastic Portion Translucent 2 Ounce,12/200CT,SYSCO RELIANCE,1.0,1.0,CS,30.23,,30.23,0,0,0,non_food
19c06d57e9edb782,19c06d57e9edb782,2026-01-28T22:59:40Z,Sysco Order #04352622 - Order Allocated - LARIAT,allocated,Sysco Standard Delivery,04352622,01/28/2026,01/29/2026,7644909,Fry On Shortening Frying Liquid,1/35 LB,SYSCO PREMIUM,2.0,2.0,CS,59.99,,119.98,0,0,0,food
19c06d57e9edb782,19c06d57e9edb782,2026-01-28T22:59:40Z,Sysco Order #04352622 - Order Allocated - LARIAT,allocated,Sysco Standard Delivery,04352622,01/28/2026,01/29/2026,3554615,"Potato Fry 5/16"" Beer Extra Long",6/5 LB,SYSCO IMPERIAL,2.0,2.0,CS,55.0,,110.0,0,0,0,food
19c06d57e9edb782,19c06d57e9edb782,2026-01-28T22:59:40Z,Sysco Order #04352622 - Order Allocated - LARIAT,allocated,Sysco Standard Delivery,04352622,01/28/2026,01/29/2026,1675909,Lettuce Greens Leaf Fresh,4/6 CT,SYSCO/FRESHPOINT NATURAL,1.0,1.0,EA,8.22,,8.22,0,0,0,food
19c06d57e9edb782,19c06d57e9edb782,2026-01-28T22:59:40Z,Sysco Order #04352622 - Order Allocated - LARIAT,allocated,Sysco Standard Delivery,04352622,01/28/2026,01/29/2026,1132040,Lettuce Fresh Tender Greens,4/3 LB,IMPERIAL FRESH,1.0,1.0,CS,34.91,,34.91,0,0,0,food
19c06d57e9edb782,19c06d57e9edb782,2026-01-28T22:59:40Z,Sysco Order #04352622 - Order Allocated - LARIAT,allocated,Sysco Standard Delivery,04352622,01/28/2026,01/29/2026,1007350,Avocado Hass Breaking Fresh,1/48 CT,PROPACK,1.0,1.0,CS,43.95,,43.95,0,0,0,food
19c06d57e9edb782,19c06d57e9edb782,2026-01-28T22:59:40Z,Sysco Order #04352622 - Order Allocated - LARIAT,allocated,Sysco Standard Delivery,04352622,01/28/2026,01/29/2026,2369233,Chicken Wing Steamed Precooked Large,2/5LB,SYSCO CLASSIC,1.0,1.0,CS,43.95,,43.95,0,0,0,food
19c1b548daefd1e4,19c1b548daefd1e4,2026-02-01T22:30:51Z,Sysco Order #04359300 - Order Allocated - LARIAT,allocated,Sysco Standard Delivery,04359300,02/01/2026,02/02/2026,4113056,Vinegar Red Wine 50 Grain,4/1 GAL,SYSCO CLASSIC,2.0,2.0,EA,13.94,,27.88,0,0,0,food
19c1b548daefd1e4,19c1b548daefd1e4,2026-02-01T22:30:51Z,Sysco Order #04359300 - Order Allocated - LARIAT,allocated,Sysco Standard Delivery,04359300,02/01/2026,02/02/2026,7644909,Fry On Shortening Frying Liquid,1/35 LB,SYSCO PREMIUM,3.0,3.0,CS,61.59,,184.77,0,0,0,food
19c1b548daefd1e4,19c1b548daefd1e4,2026-02-01T22:30:51Z,Sysco Order #04359300 - Order Allocated - LARIAT,allocated,Sysco Standard Delivery,04359300,02/01/2026,02/02/2026,2369233,Chicken Wing Steamed Precooked Large,2/5LB,SYSCO CLASSIC,10.0,10.0,CS,43.65,,436.5,0,0,0,food
19c1b548daefd1e4,19c1b548daefd1e4,2026-02-01T22:30:51Z,Sysco Order #04359300 - Order Allocated - LARIAT,allocated,Sysco Standard Delivery,04359300,02/01/2026,02/02/2026,3554615,"Potato Fry 5/16"" Beer Extra Long",6/5 LB,SYSCO IMPERIAL,2.0,2.0,CS,55.0,,110.0,0,0,0,food
19c1b548daefd1e4,19c1b548daefd1e4,2026-02-01T22:30:51Z,Sysco Order #04359300 - Order Allocated - LARIAT,allocated,Sysco Standard Delivery,04359300,02/01/2026,02/02/2026,6935464,Cream Heavy 40% Extended Shelf Life Stabilized,12/32OZ,WHOLESOME FARMS CLASSIC,1.0,1.0,CS,56.45,,56.45,0,0,0,food
19c2ac78a532d3f7,19c2ac78a532d3f7,2026-02-04T22:30:45Z,Sysco Order #04367270 - Order Allocated - LARIAT,allocated,Sysco Standard Delivery,04367270,02/04/2026,02/05/2026,3533643,Tomatillo Whole,6/100 OZ,DEL SOL (CANNED),1.0,1.0,CS,36.65,,36.65,0,0,0,food
19c2ac78a532d3f7,19c2ac78a532d3f7,2026-02-04T22:30:45Z,Sysco Order #04367270 - Order Allocated - LARIAT,allocated,Sysco Standard Delivery,04367270,02/04/2026,02/05/2026,0610337,Drink Energy Red Bull,24/8.4 OZ,RED BULL,1.0,1.0,CS,50.31,,50.31,0,0,0,beverage
19c2ac78a532d3f7,19c2ac78a532d3f7,2026-02-04T22:30:45Z,Sysco Order #04367270 - Order Allocated - LARIAT,allocated,Sysco Standard Delivery,04367270,02/04/2026,02/05/2026,1008663,Tomato 2 Layer 5x6 Fresh,1/60 CT,IMPERIAL FRESH,1.0,1.0,CS,40.95,,40.95,0,0,0,food
19c2ac78a532d3f7,19c2ac78a532d3f7,2026-02-04T22:30:45Z,Sysco Order #04367270 - Order Allocated - LARIAT,allocated,Sysco Standard Delivery,04367270,02/04/2026,02/05/2026,2369233,Chicken Wing Steamed Precooked Large,2/5LB,SYSCO CLASSIC,6.0,6.0,CS,44.57,,267.42,0,0,0,food
19c2ac78a532d3f7,19c2ac78a532d3f7,2026-02-04T22:30:45Z,Sysco Order #04367270 - Order Allocated - LARIAT,allocated,Sysco Standard Delivery,04367270,02/04/2026,02/05/2026,1353010,Clam Whole In Shell Vacuum Packed 17-22 Per #,10/1 LB,PANA PESCA (SEAFOOD),1.0,1.0,CS,40.91,,40.91,0,0,0,food
19c2ac78a532d3f7,19c2ac78a532d3f7,2026-02-04T22:30:45Z,Sysco Order #04367270 - Order Allocated - LARIAT,allocated,Sysco Standard Delivery,04367270,02/04/2026,02/05/2026,7235243,Chicken Breast Cutlet 5 Ounce,4/5 LB,RED BIRD INC (POULTRY),1.0,1.0,CS,5.699,LB,114.33,0,0,0,food
19c2ac78a532d3f7,19c2ac78a532d3f7,2026-02-04T22:30:45Z,Sysco Order #04367270 - Order Allocated - LARIAT,allocated,Sysco Standard Delivery,04367270,02/04/2026,02/05/2026,3852940,Beef Ground Chuck Brisket Shortrib Patty,24/7 OZ,BUCKHEAD PRIDE/ NEWPORT PRIDE,2.0,2.0,CS,74.95,,149.9,0,0,0,food
19c2ac78a532d3f7,19c2ac78a532d3f7,2026-02-04T22:30:45Z,Sysco Order #04367270 - Order Allocated - LARIAT,allocated,Sysco Standard Delivery,04367270,02/04/2026,02/05/2026,1185156,Pepper Jalapeno Fresh,1/5 LB,IMPERIAL FRESH,1.0,1.0,CS,13.99,,13.99,0,0,0,food
19c2ac78a532d3f7,19c2ac78a532d3f7,2026-02-04T22:30:45Z,Sysco Order #04367270 - Order Allocated - LARIAT,allocated,Sysco Standard Delivery,04367270,02/04/2026,02/05/2026,7585326,"Bread Sourdough Thick Sliced .75""",6/32 OZ,ROTELLA,1.0,1.0,CS,38.95,,38.95,0,0,0,food
19c2ac78a532d3f7,19c2ac78a532d3f7,2026-02-04T22:30:45Z,Sysco Order #04367270 - Order Allocated - LARIAT,allocated,Sysco Standard Delivery,04367270,02/04/2026,02/05/2026,1675909,Lettuce Greens Leaf Fresh,4/6 CT,SYSCO/FRESHPOINT NATURAL,1.0,1.0,EA,8.5,,8.5,0,0,0,food
19c2ac78a532d3f7,19c2ac78a532d3f7,2026-02-04T22:30:45Z,Sysco Order #04367270 - Order Allocated - LARIAT,allocated,Sysco Standard Delivery,04367270,02/04/2026,02/05/2026,7759566,Lettuce Spring Mix,4/3 LB,IMPERIAL FRESH,1.0,1.0,CS,28.8,,28.8,0,0,0,food
19c4e92f864ad290,19c4e92f864ad290,2026-02-11T21:19:40Z,Sysco Order Feb 11 2026 01:56 PM  - Order Confirmation - LARIAT,confirmation,Sysco Standard Delivery,04382191,02/11/2026,02/11/2026,4690483,Chip Tortilla Yellow 4 Inches Cut,1/30 LB,LA BANDERITA,2.0,2.0,CS,36.55,,73.1,0,0,0,food
19c4e92f864ad290,19c4e92f864ad290,2026-02-11T21:19:40Z,Sysco Order Feb 11 2026 01:56 PM  - Order Confirmation - LARIAT,confirmation,Sysco Standard Delivery,04382191,02/11/2026,02/11/2026,5913439,Spice Cumin Ground,3/4.5 LB,SYSCO IMPERIAL/MCCORMICK,1.0,1.0,EA,52.9,,52.9,0,0,0,food
19c4e92f864ad290,19c4e92f864ad290,2026-02-11T21:19:40Z,Sysco Order Feb 11 2026 01:56 PM  - Order Confirmation - LARIAT,confirmation,Sysco Standard Delivery,04382191,02/11/2026,02/11/2026,3554615,"Potato Fry 5/16"" Beer Extra Long",6/5 LB,SYSCO IMPERIAL,3.0,3.0,CS,55.0,,165.0,0,0,0,food
19c4e92f864ad290,19c4e92f864ad290,2026-02-11T21:19:40Z,Sysco Order Feb 11 2026 01:56 PM  - Order Confirmation - LARIAT,confirmation,Sysco Standard Delivery,04382191,02/11/2026,02/11/2026,7005009,Chile Green Hatch Diced Mild,5/5LB,YOUNG GUNS PRODUCE,1.0,1.0,CS,53.95,,53.95,0,0,0,food
19c4e92f864ad290,19c4e92f864ad290,2026-02-11T21:19:40Z,Sysco Order Feb 11 2026 01:56 PM  - Order Confirmation - LARIAT,confirmation,Sysco Standard Delivery,04382191,02/11/2026,02/11/2026,3852940,Beef Ground Chuck Brisket Shortrib Patty,24/7 OZ,BUCKHEAD PRIDE/ NEWPORT PRIDE,2.0,2.0,CS,74.99,,149.98,0,0,0,food
19c4e92f864ad290,19c4e92f864ad290,2026-02-11T21:19:40Z,Sysco Order Feb 11 2026 01:56 PM  - Order Confirmation - LARIAT,confirmation,Sysco Standard Delivery,04382191,02/11/2026,02/11/2026,7077653,Pangasius Filet Iqf 7-9 Ounce,1/15LB,PORTICO CLASSIC SEAFOOD,5.0,5.0,CS,47.69,,238.45,0,0,0,food
19c4e92f864ad290,19c4e92f864ad290,2026-02-11T21:19:40Z,Sysco Order Feb 11 2026 01:56 PM  - Order Confirmation - LARIAT,confirmation,Sysco Standard Delivery,04382191,02/11/2026,02/11/2026,9903289,Cilantro Fresh Iceless,1/60 CT,IMPERIAL FRESH,1.0,1.0,CS,34.99,,34.99,0,0,0,food
19c4e92f864ad290,19c4e92f864ad290,2026-02-11T21:19:40Z,Sysco Order Feb 11 2026 01:56 PM  - Order Confirmation - LARIAT,confirmation,Sysco Standard Delivery,04382191,02/11/2026,02/11/2026,4776161,Eggshell Medium White Aa Cage Free 15 Dozen,1/15 DZ,EGGS AMERICA,1.0,1.0,CS,14.21,,14.21,0,0,0,food
19c4e92f864ad290,19c4e92f864ad290,2026-02-11T21:19:40Z,Sysco Order Feb 11 2026 01:56 PM  - Order Confirmation - LARIAT,confirmation,Sysco Standard Delivery,04382191,02/11/2026,02/11/2026,7644909,Fry On Shortening Frying Liquid,1/35 LB,SYSCO PREMIUM,3.0,3.0,CS,62.45,,187.35,0,0,0,food
19c4e92f864ad290,19c4e92f864ad290,2026-02-11T21:19:40Z,Sysco Order Feb 11 2026 01:56 PM  - Order Confirmation - LARIAT,confirmation,Sysco Standard Delivery,04382191,02/11/2026,02/11/2026,5890280,Anchovy Paste Jar,12/16 OZ,ARREZZIO CLASSIC,1.0,1.0,CS,129.75,,129.75,0,0,0,food
19c4e93d16cec50b,19c4e93d16cec50b,2026-02-11T21:20:35Z,Sysco Order Feb 11 2026 02:19 PM  - Order Confirmation - LARIAT,confirmation,Sysco Standard Delivery,14219691,02/11/2026,02/11/2026,0312344,Dipper Aluminum Ice Cream Size 12,1/EA,WINCO INC,1.0,1.0,CS,8.61,,8.61,1,0,0,food
19c63691cb0313b5,19c63691cb0313b5,2026-02-15T22:25:58Z,Sysco Order #04390089 - Order Allocated - LARIAT,allocated,Sysco Standard Delivery,04390089,02/15/2026,02/16/2026,5934567,Liner Trash 39 Inch X 56 Inch 1.7 Mil Silver Linear Low-density Polyethylene (lldpe),50/55GAL,SYSCO CLASSIC,1.0,1.0,CS,45.65,,45.65,0,0,0,non_food
19c63691cb0313b5,19c63691cb0313b5,2026-02-15T22:25:58Z,Sysco Order #04390089 - Order Allocated - LARIAT,allocated,Sysco Standard Delivery,04390089,02/15/2026,02/16/2026,5229406,Spice Pepper Cayenne Ground,3/4.5LB,SYSCO IMPERIAL/MCCORMICK,1.0,1.0,EA,61.55,,61.55,0,0,0,food
19c63691cb0313b5,19c63691cb0313b5,2026-02-15T22:25:58Z,Sysco Order #04390089 - Order Allocated - LARIAT,allocated,Sysco Standard Delivery,04390089,02/15/2026,02/16/2026,5913439,Spice Cumin Ground,3/4.5 LB,SYSCO IMPERIAL/MCCORMICK,1.0,1.0,EA,52.9,,52.9,0,0,0,food
19c63691cb0313b5,19c63691cb0313b5,2026-02-15T22:25:58Z,Sysco Order #04390089 - Order Allocated - LARIAT,allocated,Sysco Standard Delivery,04390089,02/15/2026,02/16/2026,4108936,Towel Multifold Advanced White 2-ply,16/189CT,TORK (TOWELS ETC),1.0,1.0,CS,55.55,,55.55,0,0,0,non_food
19c63691cb0313b5,19c63691cb0313b5,2026-02-15T22:25:58Z,Sysco Order #04390089 - Order Allocated - LARIAT,allocated,Sysco Standard Delivery,04390089,02/15/2026,02/16/2026,4458772,Tissue Toilet 3.8 Inch X 4 Inch Wrapped 2 Ply,80/550CT,EARTH PLUS,1.0,1.0,CS,47.66,,47.66,0,0,0,non_food
19c63691cb0313b5,19c63691cb0313b5,2026-02-15T22:25:58Z,Sysco Order #04390089 - Order Allocated - LARIAT,allocated,Sysco Standard Delivery,04390089,02/15/2026,02/16/2026,7644909,Fry On Shortening Frying Liquid,1/35 LB,SYSCO PREMIUM,3.0,3.0,CS,61.95,,185.85,0,0,0,food
19c63691cb0313b5,19c63691cb0313b5,2026-02-15T22:25:58Z,Sysco Order #04390089 - Order Allocated - LARIAT,allocated,Sysco Standard Delivery,04390089,02/15/2026,02/16/2026,3777570,Bacon Shingle Center-cut 7-9 Per Pound Honey Gas Flushed,1/15#,DAILYS BACON,1.0,1.0,CS,67.95,,67.95,0,0,0,food
19c63691cb0313b5,19c63691cb0313b5,2026-02-15T22:25:58Z,Sysco Order #04390089 - Order Allocated - LARIAT,allocated,Sysco Standard Delivery,04390089,02/15/2026,02/16/2026,6935464,Cream Heavy 40% Extended Shelf Life Stabilized,12/32OZ,WHOLESOME FARMS CLASSIC,1.0,1.0,CS,54.61,,54.61,0,0,0,food
19c636d55e6be8cc,19c636d55e6be8cc,2026-02-15T22:30:35Z,Sysco Order #04390120 - Order Allocated - LARIAT,allocated,Sysco Standard Delivery,04390120,02/15/2026,02/16/2026,2916452,Drink Energy,24/12 OZ,RED BULL,1.0,1.0,CS,62.0,,62.0,0,0,0,beverage
19c636d55e6be8cc,19c636d55e6be8cc,2026-02-15T22:30:35Z,Sysco Order #04390120 - Order Allocated - LARIAT,allocated,Sysco Standard Delivery,04390120,02/15/2026,02/16/2026,7005009,Chile Green Hatch Diced Mild,5/5LB,YOUNG GUNS PRODUCE,1.0,1.0,CS,53.95,,53.95,0,0,0,food
19c636d55e6be8cc,19c636d55e6be8cc,2026-02-15T22:30:35Z,Sysco Order #04390120 - Order Allocated - LARIAT,allocated,Sysco Standard Delivery,04390120,02/15/2026,02/16/2026,7235243,Chicken Breast Cutlet 5 Ounce,4/5 LB,RED BIRD INC (POULTRY),2.0,2.0,CS,5.699,LB,227.81,0,0,0,food
19c72e678b4c2381,19c72e678b4c2381,2026-02-18T22:37:12Z,Sysco Order Feb 15 2026 04:21 PM  - Order Confirmation - LARIAT,confirmation,Sysco Standard Delivery,04398005,02/18/2026,02/18/2026,9230970,Avocado Hass Breaking Fresh #2,1/48 CT,PROPACK,1.0,1.0,CS,37.95,,37.95,0,0,1,food
19c72e678b4c2381,19c72e678b4c2381,2026-02-18T22:37:12Z,Sysco Order Feb 15 2026 04:21 PM  - Order Confirmation - LARIAT,confirmation,Sysco Standard Delivery,04398005,02/18/2026,02/18/2026,3554553,Cheese Monterey Pepper Jack Sliced Interleaf .,8/1.5LB,BLOCK & BARREL IMPERIAL,1.0,1.0,CS,43.45,,43.45,0,0,0,food
19c72e678b4c2381,19c72e678b4c2381,2026-02-18T22:37:12Z,Sysco Order Feb 15 2026 04:21 PM  - Order Confirmation - LARIAT,confirmation,Sysco Standard Delivery,04398005,02/18/2026,02/18/2026,1094697,Onions White Jumbo Bag,1/50LB,IMPERIAL FRESH,1.0,1.0,CS,32.71,,32.71,0,0,0,food
19c72e678b4c2381,19c72e678b4c2381,2026-02-18T22:37:12Z,Sysco Order Feb 15 2026 04:21 PM  - Order Confirmation - LARIAT,confirmation,Sysco Standard Delivery,04398005,02/18/2026,02/18/2026,7210106,Onion Red Jumbo Sack,10/5 LB,IMPERIAL FRESH,1.0,1.0,CS,37.45,,37.45,0,0,0,food
19c72e678b4c2381,19c72e678b4c2381,2026-02-18T22:37:12Z,Sysco Order Feb 15 2026 04:21 PM  - Order Confirmation - LARIAT,confirmation,Sysco Standard Delivery,04398005,02/18/2026,02/18/2026,7492218,Cake Chocolate Fudge 10 Inch,2/110 OZ,CHEESECAKE FACTORY BAKERY,1.0,1.0,CS,103.9,,103.9,0,0,0,food
19c72e678b4c2381,19c72e678b4c2381,2026-02-18T22:37:12Z,Sysco Order Feb 15 2026 04:21 PM  - Order Confirmation - LARIAT,confirmation,Sysco Standard Delivery,04398005,02/18/2026,02/18/2026,7077490,Baking Soda,24/1 LB,SYSCO CLASSIC,1.0,1.0,CS,33.49,,33.49,0,0,0,food
19c72e678b4c2381,19c72e678b4c2381,2026-02-18T22:37:12Z,Sysco Order Feb 15 2026 04:21 PM  - Order Confirmation - LARIAT,confirmation,Sysco Standard Delivery,04398005,02/18/2026,02/18/2026,3554615,"Potato Fry 5/16"" Beer Extra Long",6/5 LB,SYSCO IMPERIAL,3.0,3.0,CS,55.0,,165.0,0,0,0,food
19c72e678b4c2381,19c72e678b4c2381,2026-02-18T22:37:12Z,Sysco Order Feb 15 2026 04:21 PM  - Order Confirmation - LARIAT,confirmation,Sysco Standard Delivery,04398005,02/18/2026,02/18/2026,8516029,"Potato Sweet Julienne .188""",5/3 LB,LAMB WESTON,3.0,3.0,CS,49.95,,149.85,0,0,0,food
19c72e678b4c2381,19c72e678b4c2381,2026-02-18T22:37:12Z,Sysco Order Feb 15 2026 04:21 PM  - Order Confirmation - LARIAT,confirmation,Sysco Standard Delivery,04398005,02/18/2026,02/18/2026,2369233,Chicken Wing Steamed Precooked Large,2/5LB,SYSCO CLASSIC,4.0,4.0,CS,46.45,,185.8,0,0,0,food
19c72e678b4c2381,19c72e678b4c2381,2026-02-18T22:37:12Z,Sysco Order Feb 15 2026 04:21 PM  - Order Confirmation - LARIAT,confirmation,Sysco Standard Delivery,04398005,02/18/2026,02/18/2026,1901992,Sauce Chili Sweet Thai,12/32 OZ,MAEPLOY (UNIQUE FOODS),1.0,1.0,CS,69.11,,69.11,0,0,0,food
19c72e678b4c2381,19c72e678b4c2381,2026-02-18T22:37:12Z,Sysco Order Feb 15 2026 04:21 PM  - Order Confirmation - LARIAT,confirmation,Sysco Standard Delivery,04398005,02/18/2026,02/18/2026,4361432,Honey Pure Clover Grade A True Source Certifie,6/5 LB,SYSCO CLASSIC,1.0,1.0,CS,132.66,,132.66,0,0,0,food
19c72e678b4c2381,19c72e678b4c2381,2026-02-18T22:37:12Z,Sysco Order Feb 15 2026 04:21 PM  - Order Confirmation - LARIAT,confirmation,Sysco Standard Delivery,04398005,02/18/2026,02/18/2026,1491552,"Bun Brioche 4.5""",8/10CT,TURANO,1.0,1.0,CS,58.06,,58.06,0,0,0,food
19c72e678b4c2381,19c72e678b4c2381,2026-02-18T22:37:12Z,Sysco Order Feb 15 2026 04:21 PM  - Order Confirmation - LARIAT,confirmation,Sysco Standard Delivery,04398005,02/18/2026,02/18/2026,1423211,Container Paper #1 Takeout Kraft,3/60CT,EARTH PLUS,1.0,1.0,CS,52.95,,52.95,0,0,0,non_food
19c72e678b4c2381,19c72e678b4c2381,2026-02-18T22:37:12Z,Sysco Order Feb 15 2026 04:21 PM  - Order Confirmation - LARIAT,confirmation,Sysco Standard Delivery,04398005,02/18/2026,02/18/2026,9903289,Cilantro Fresh Iceless,1/60 CT,IMPERIAL FRESH,1.0,1.0,CS,34.95,,34.95,0,0,0,food
19c72e678b4c2381,19c72e678b4c2381,2026-02-18T22:37:12Z,Sysco Order Feb 15 2026 04:21 PM  - Order Confirmation - LARIAT,confirmation,Sysco Standard Delivery,04398005,02/18/2026,02/18/2026,3644036,Potato Hash Brown Cubed Breakfast Skin-on,6/5 LB,MCCAIN,1.0,1.0,CS,67.84,,67.84,0,0,0,food
19c72e678b4c2381,19c72e678b4c2381,2026-02-18T22:37:12Z,Sysco Order Feb 15 2026 04:21 PM  - Order Confirmation - LARIAT,confirmation,Sysco Standard Delivery,04398005,02/18/2026,02/18/2026,3852940,Beef Ground Chuck Brisket Shortrib Patty,24/7 OZ,BUCKHEAD PRIDE/ NEWPORT PRIDE,1.0,1.0,CS,64.95,,64.95,0,0,0,food
19c72e678b4c2381,19c72e678b4c2381,2026-02-18T22:37:12Z,Sysco Order Feb 15 2026 04:21 PM  - Order Confirmation - LARIAT,confirmation,Sysco Standard Delivery,04398005,02/18/2026,02/18/2026,1185156,Pepper Jalapeno Fresh,1/5 LB,IMPERIAL FRESH,1.0,1.0,CS,13.99,,13.99,0,0,0,food
19c72e678b4c2381,19c72e678b4c2381,2026-02-18T22:37:12Z,Sysco Order Feb 15 2026 04:21 PM  - Order Confirmation - LARIAT,confirmation,Sysco Standard Delivery,04398005,02/18/2026,02/18/2026,7224680,Chicken Leg Whole,4/5 LB,RED BIRD INC (POULTRY),2.0,2.0,CS,2.899,LB,120.6,0,0,0,food
19c72e678b4c2381,19c72e678b4c2381,2026-02-18T22:37:12Z,Sysco Order Feb 15 2026 04:21 PM  - Order Confirmation - LARIAT,confirmation,Sysco Standard Delivery,14227895,02/18/2026,02/18/2026,7398796,"Trigger Sprayer Plastic Red/white 12"" Height",1/12 CT,JANICO DRY BTTLS/TRIGGERS,1.0,1.0,CS,44.94,,44.94,1,0,0,non_food
19c87537610f173d,19c87537610f173d,2026-02-22T21:48:39Z,Sysco Order #04405210 - Order Allocated - LARIAT,allocated,Sysco Standard Delivery,04405210,02/22/2026,02/23/2026,5934567,Liner Trash 39 Inch X 56 Inch 1.7 Mil Silver Linear Low-density Polyethylene (lldpe),50/55GAL,SYSCO CLASSIC,1.0,1.0,CS,45.65,,45.65,0,0,0,non_food
19c87537610f173d,19c87537610f173d,2026-02-22T21:48:39Z,Sysco Order #04405210 - Order Allocated - LARIAT,allocated,Sysco Standard Delivery,04405210,02/22/2026,02/23/2026,4218998,Label Roll Universal Plastic 2 Inch X 2 Inch,1/750CT,KEYSTONE PRODUCTS,2.0,2.0,CS,27.95,,55.9,0,0,0,non_food
19c87537610f173d,19c87537610f173d,2026-02-22T21:48:39Z,Sysco Order #04405210 - Order Allocated - LARIAT,allocated,Sysco Standard Delivery,04405210,02/22/2026,02/23/2026,7644909,Fry On Shortening Frying Liquid,1/35 LB,SYSCO PREMIUM,4.0,4.0,CS,61.69,,246.76,0,0,0,food
19c87537610f173d,19c87537610f173d,2026-02-22T21:48:39Z,Sysco Order #04405210 - Order Allocated - LARIAT,allocated,Sysco Standard Delivery,04405210,02/22/2026,02/23/2026,2369233,Chicken Wing Steamed Precooked Large,2/5LB,SYSCO CLASSIC,3.0,3.0,CS,46.45,,139.35,0,0,0,food
19c87537610f173d,19c87537610f173d,2026-02-22T21:48:39Z,Sysco Order #04405210 - Order Allocated - LARIAT,allocated,Sysco Standard Delivery,04405210,02/22/2026,02/23/2026,5098496,Pork Ham Shank Pig Wing 4 Ounce,2/4.5LB,SYSCO CLASSIC,2.0,2.0,CS,94.49,,188.98,0,0,0,food
19c87537610f173d,19c87537610f173d,2026-02-22T21:48:39Z,Sysco Order #04405210 - Order Allocated - LARIAT,allocated,Sysco Standard Delivery,04405210,02/22/2026,02/23/2026,7380755,Chicken Leg Whole Raw Frozen,4/5#AVG,RED BIRD INC (POULTRY),1.0,1.0,CS,2.659,LB,53.18,0,0,0,food
19c87537610f173d,19c87537610f173d,2026-02-22T21:48:39Z,Sysco Order #04405210 - Order Allocated - LARIAT,allocated,Sysco Standard Delivery,04405210,02/22/2026,02/23/2026,7235243,Chicken Breast Cutlet 5 Ounce,4/5 LB,RED BIRD INC (POULTRY),2.0,2.0,CS,5.699,LB,228.23,0,0,0,food
19c87537610f173d,19c87537610f173d,2026-02-22T21:48:39Z,Sysco Order #04405210 - Order Allocated - LARIAT,allocated,Sysco Standard Delivery,04405210,02/22/2026,02/23/2026,3554615,"Potato Fry 5/16"" Beer Extra Long",6/5 LB,SYSCO IMPERIAL,3.0,3.0,CS,55.0,,165.0,0,0,0,food
19c87537610f173d,19c87537610f173d,2026-02-22T21:48:39Z,Sysco Order #04405210 - Order Allocated - LARIAT,allocated,Sysco Standard Delivery,04405210,02/22/2026,02/23/2026,8516029,"Potato Sweet Julienne .188""",5/3 LB,LAMB WESTON,3.0,3.0,CS,49.95,,149.85,0,0,0,food
19c87537610f173d,19c87537610f173d,2026-02-22T21:48:39Z,Sysco Order #04405210 - Order Allocated - LARIAT,allocated,Sysco Standard Delivery,04405210,02/22/2026,02/23/2026,7385215,Container Paper #8 Take Out Kraft,6/50 CT,SYSCO RELIANCE,1.0,1.0,CS,53.99,,53.99,0,0,0,non_food
19c87537610f173d,19c87537610f173d,2026-02-22T21:48:39Z,Sysco Order #04405210 - Order Allocated - LARIAT,allocated,Sysco Standard Delivery,04405210,02/22/2026,02/23/2026,7585326,"Bread Sourdough Thick Sliced .75""",6/32 OZ,ROTELLA,1.0,1.0,CS,38.99,,38.99,0,0,0,food
19c9601702061ae5,19c9601702061ae5,2026-02-25T18:13:22Z,Sysco Order Feb 25 2026 10:48 AM  - Order Confirmation - LARIAT,confirmation,Sysco Standard Delivery,04411626,02/25/2026,02/25/2026,4874526,Pork Chop Bone In Frenched Long Bone Frozen,10/12 OZ,BUCKHEAD PRIDE/ NEWPORT PRIDE,2.0,2.0,CS,18.25,LB,292.0,0,0,1,food
19c9601702061ae5,19c9601702061ae5,2026-02-25T18:13:22Z,Sysco Order Feb 25 2026 10:48 AM  - Order Confirmation - LARIAT,confirmation,Sysco Standard Delivery,04411626,02/25/2026,02/25/2026,3852940,Beef Ground Chuck Brisket Shortrib Patty,24/7 OZ,BUCKHEAD PRIDE/ NEWPORT PRIDE,3.0,3.0,CS,64.95,,194.85,0,0,0,food
19c9601702061ae5,19c9601702061ae5,2026-02-25T18:13:22Z,Sysco Order Feb 25 2026 10:48 AM  - Order Confirmation - LARIAT,confirmation,Sysco Standard Delivery,04411626,02/25/2026,02/25/2026,7134591,Cucumber English Medium Seedless 12 Count,1/12CT,IMPERIAL FRESH,1.0,1.0,CS,25.99,,25.99,0,0,0,food
19c9601702061ae5,19c9601702061ae5,2026-02-25T18:13:22Z,Sysco Order Feb 25 2026 10:48 AM  - Order Confirmation - LARIAT,confirmation,Sysco Standard Delivery,04411626,02/25/2026,02/25/2026,7005009,Chile Green Hatch Diced Mild,5/5LB,YOUNG GUNS PRODUCE,1.0,1.0,CS,53.95,,53.95,0,0,0,food
19c9601702061ae5,19c9601702061ae5,2026-02-25T18:13:22Z,Sysco Order Feb 25 2026 10:48 AM  - Order Confirmation - LARIAT,confirmation,Sysco Standard Delivery,04411626,02/25/2026,02/25/2026,6935464,Cream Heavy 40% Extended Shelf Life Stabilized,12/32OZ,WHOLESOME FARMS CLASSIC,1.0,1.0,CS,54.61,,54.61,0,0,0,food
19c9601702061ae5,19c9601702061ae5,2026-02-25T18:13:22Z,Sysco Order Feb 25 2026 10:48 AM  - Order Confirmation - LARIAT,confirmation,Sysco Standard Delivery,04411628,02/25/2026,02/25/2026,7224680,Chicken Leg Whole,4/5 LB,RED BIRD INC (POULTRY),1.0,1.0,CS,2.899,LB,63.2,0,0,0,food
19c9601702061ae5,19c9601702061ae5,2026-02-25T18:13:22Z,Sysco Order Feb 25 2026 10:48 AM  - Order Confirmation - LARIAT,confirmation,Sysco Standard Delivery,04411628,02/25/2026,02/25/2026,1813973,Pork Chop Bone-in Frenched Long Bone,10/12 OZ,BUCKHEAD PRIDE/ NEWPORT PRIDE,1.0,3.0,CS,22.55,LB,195.8,0,1,0,food
19cab64f3ea6db5c,19cab64f3ea6db5c,2026-03-01T21:54:05Z,04419927 Order #LARIAT - Order Allocated - {2},allocated,Sysco Standard Delivery,04419927,03/01/2026,03/02/2026,3852940,Beef Ground Chuck Brisket Shortrib Patty,24/7 OZ,BUCKHEAD PRIDE/ NEWPORT PRIDE,4.0,8.0,CS,64.95,,259.8,0,1,0,food
19cab64f3ea6db5c,19cab64f3ea6db5c,2026-03-01T21:54:05Z,04419927 Order #LARIAT - Order Allocated - {2},allocated,Sysco Standard Delivery,04419927,03/01/2026,03/02/2026,4110039,Beef Ground Chuck Brisket Short Rib Frozen,24/7 OZ,BUCKHEAD PRIDE/ NEWPORT PRIDE,4.0,4.0,CS,54.95,,219.8,0,0,1,food
19cab64f3ea6db5c,19cab64f3ea6db5c,2026-03-01T21:54:05Z,04419927 Order #LARIAT - Order Allocated - {2},allocated,Sysco Standard Delivery,04419927,03/01/2026,03/02/2026,4690483,Chip Tortilla Yellow 4 Inches Cut,1/30 LB,LA BANDERITA,1.0,1.0,CS,36.55,,36.55,0,0,0,food
19cab64f3ea6db5c,19cab64f3ea6db5c,2026-03-01T21:54:05Z,04419927 Order #LARIAT - Order Allocated - {2},allocated,Sysco Standard Delivery,04419927,03/01/2026,03/02/2026,1491552,"Bun Brioche 4.5""",8/10CT,TURANO,3.0,3.0,CS,57.89,,173.67,0,0,0,food
19cab64f3ea6db5c,19cab64f3ea6db5c,2026-03-01T21:54:05Z,04419927 Order #LARIAT - Order Allocated - {2},allocated,Sysco Standard Delivery,04419927,03/01/2026,03/02/2026,7005009,Chile Green Hatch Diced Mild,5/5LB,YOUNG GUNS PRODUCE,1.0,1.0,CS,53.95,,53.95,0,0,0,food
19cab64f3ea6db5c,19cab64f3ea6db5c,2026-03-01T21:54:05Z,04419927 Order #LARIAT - Order Allocated - {2},allocated,Sysco Standard Delivery,04419927,03/01/2026,03/02/2026,6206551,Mustard Yellow Jug,6/6.5 LB,HEINZ,1.0,1.0,CS,63.21,,63.21,0,0,0,food
19cab64f3ea6db5c,19cab64f3ea6db5c,2026-03-01T21:54:05Z,04419927 Order #LARIAT - Order Allocated - {2},allocated,Sysco Standard Delivery,04419927,03/01/2026,03/02/2026,4064986,Mustard French Whole Grain In Tin,4/8.6 LB,SYSCO IMPERIAL,1.0,1.0,CS,119.59,,119.59,0,0,0,food
19cab64f3ea6db5c,19cab64f3ea6db5c,2026-03-01T21:54:05Z,04419927 Order #LARIAT - Order Allocated - {2},allocated,Sysco Standard Delivery,04419927,03/01/2026,03/02/2026,7134591,Cucumber English Medium Seedless 12 Count,1/12CT,IMPERIAL FRESH,1.0,1.0,CS,25.99,,25.99,0,0,0,food
19cab64f3ea6db5c,19cab64f3ea6db5c,2026-03-01T21:54:05Z,04419927 Order #LARIAT - Order Allocated - {2},allocated,Sysco Standard Delivery,04419927,03/01/2026,03/02/2026,8516029,"Potato Sweet Julienne .188""",5/3 LB,LAMB WESTON,3.0,3.0,CS,50.25,,150.75,0,0,0,food
19cab64f3ea6db5c,19cab64f3ea6db5c,2026-03-01T21:54:05Z,04419927 Order #LARIAT - Order Allocated - {2},allocated,Sysco Standard Delivery,04419927,03/01/2026,03/02/2026,2916452,Drink Energy,24/12 OZ,RED BULL,1.0,1.0,CS,62.0,,62.0,0,0,0,beverage
19cab64f3ea6db5c,19cab64f3ea6db5c,2026-03-01T21:54:05Z,04419927 Order #LARIAT - Order Allocated - {2},allocated,Sysco Standard Delivery,04419927,03/01/2026,03/02/2026,7435266,Film Pvc 18 Inchx2000 Feet Roll,1/18 IN,SYSCO CLASSIC,2.0,2.0,CS,21.85,,43.7,0,0,0,non_food
19cab64f3ea6db5c,19cab64f3ea6db5c,2026-03-01T21:54:05Z,04419927 Order #LARIAT - Order Allocated - {2},allocated,Sysco Standard Delivery,04419927,03/01/2026,03/02/2026,6937734,Foil Aluminum Roll Standard Weight 1000 Feet,1/12 IN,SYSCO CLASSIC,1.0,1.0,CS,38.49,,38.49,0,0,0,non_food
19cab64f3ea6db5c,19cab64f3ea6db5c,2026-03-01T21:54:05Z,04419927 Order #LARIAT - Order Allocated - {2},allocated,Sysco Standard Delivery,04419927,03/01/2026,03/02/2026,3777570,Bacon Shingle Center-cut 7-9 Per Pound Honey Gas Flushed,1/15#,DAILYS BACON,1.0,1.0,CS,69.95,,69.95,0,0,0,food
19cab64f3ea6db5c,19cab64f3ea6db5c,2026-03-01T21:54:05Z,04419927 Order #LARIAT - Order Allocated - {2},allocated,Sysco Standard Delivery,04419927,03/01/2026,03/02/2026,6438545,Bacon Layflat Hickory Smoked #2,1/15LB,RANCH & GRILL,1.0,1.0,CS,41.0,,41.0,0,0,0,food
19cab64f3ea6db5c,19cab64f3ea6db5c,2026-03-01T21:54:05Z,04419927 Order #LARIAT - Order Allocated - {2},allocated,Sysco Standard Delivery,04419927,03/01/2026,03/02/2026,7626013,Shortening Fry Canola Clear Zero Trans Fat,1/35LB,SYSCO CLASSIC,3.0,3.0,CS,37.86,,113.58,0,0,0,food
19cab64f3ea6db5c,19cab64f3ea6db5c,2026-03-01T21:54:05Z,04419927 Order #LARIAT - Order Allocated - {2},allocated,Sysco Standard Delivery,04419927,03/01/2026,03/02/2026,4361432,Honey Pure Clover Grade A True Source Certifie,6/5 LB,SYSCO CLASSIC,2.0,2.0,EA,25.75,,51.5,0,0,0,food
19cab64f3ea6db5c,19cab64f3ea6db5c,2026-03-01T21:54:05Z,04419927 Order #LARIAT - Order Allocated - {2},allocated,Sysco Standard Delivery,04419927,03/01/2026,03/02/2026,2575926,Cheese American Loaf Special Melting White,6/5 LB,CASA SOLANA IMPERIAL,1.0,1.0,CS,85.99,,85.99,0,0,0,food
19cab64f3ea6db5c,19cab64f3ea6db5c,2026-03-01T21:54:05Z,04419927 Order #LARIAT - Order Allocated - {2},allocated,Sysco Standard Delivery,04419927,03/01/2026,03/02/2026,7644909,Fry On Shortening Frying Liquid,1/35 LB,SYSCO PREMIUM,3.0,3.0,CS,64.59,,193.77,0,0,0,food
19cabd0b9067a2d4,19cabd0b9067a2d4,2026-03-01T23:51:48Z,04420381 Order #LARIAT - Order Confirmation - {2},confirmation,Sysco Standard Delivery,04420381,03/01/2026,03/05/2026,1860295,Chicken Cvp Without Giblets Whole Halal,14/3-3.50,SYSCO CLASSIC,1.0,1.0,CS,1.999,LB,94.22,0,0,0,food
19cbaf724092e4dd,19cbaf724092e4dd,2026-03-04T22:28:04Z,04428063 Order #LARIAT - Order Allocated - {2},allocated,Sysco Standard Delivery,04428063,03/04/2026,03/05/2026,4690483,Chip Tortilla Yellow 4 Inches Cut,1/30 LB,LA BANDERITA,1.0,1.0,CS,36.55,,36.55,0,0,0,food
19cbaf724092e4dd,19cbaf724092e4dd,2026-03-04T22:28:04Z,04428063 Order #LARIAT - Order Allocated - {2},allocated,Sysco Standard Delivery,04428063,03/04/2026,03/05/2026,5020266,Potato Hash Brown Dice Batter Crispy,6/6LB,SYSCO IMPERIAL,1.0,1.0,CS,80.75,,80.75,0,0,0,food
19cbaf724092e4dd,19cbaf724092e4dd,2026-03-04T22:28:04Z,04428063 Order #LARIAT - Order Allocated - {2},allocated,Sysco Standard Delivery,04428063,03/04/2026,03/05/2026,9869108,Horseradish White Prepared,6/32 OZ,SYSCO CLASSIC,1.0,1.0,CS,59.9,,59.9,0,0,0,food
19cbaf724092e4dd,19cbaf724092e4dd,2026-03-04T22:28:04Z,04428063 Order #LARIAT - Order Allocated - {2},allocated,Sysco Standard Delivery,04428063,03/04/2026,03/05/2026,4676306,Milk Whole Gallon,4/1 GAL,WHOLESOME FARMS CLASSIC,1.0,1.0,CS,20.33,,20.33,0,0,0,food
19cbaf724092e4dd,19cbaf724092e4dd,2026-03-04T22:28:04Z,04428063 Order #LARIAT - Order Allocated - {2},allocated,Sysco Standard Delivery,04428063,03/04/2026,03/05/2026,6935464,Cream Heavy 40% Extended Shelf Life Stabilized,12/32OZ,WHOLESOME FARMS CLASSIC,1.0,1.0,CS,53.63,,53.63,0,0,0,food
19cbaf724092e4dd,19cbaf724092e4dd,2026-03-04T22:28:04Z,04428063 Order #LARIAT - Order Allocated - {2},allocated,Sysco Standard Delivery,04428063,03/04/2026,03/05/2026,2005262,Thyme Fresh Herb,1/4 OZ,IMPERIAL FRESH,1.0,1.0,CS,10.49,,10.49,0,0,0,food
19cbaf724092e4dd,19cbaf724092e4dd,2026-03-04T22:28:04Z,04428063 Order #LARIAT - Order Allocated - {2},allocated,Sysco Standard Delivery,04428063,03/04/2026,03/05/2026,1908359,Parsley Bunch Foodservice,1/12 CT,IMPERIAL FRESH,1.0,1.0,CS,20.95,,20.95,0,0,0,food
19cbaf724092e4dd,19cbaf724092e4dd,2026-03-04T22:28:04Z,04428063 Order #LARIAT - Order Allocated - {2},allocated,Sysco Standard Delivery,04428063,03/04/2026,03/05/2026,3029614,Butter Clarified 4-5#,4/5 LB,WHOLESOME FARMS CLASSIC,1.0,1.0,CS,96.89,,96.89,0,0,0,food
19cbaf724092e4dd,19cbaf724092e4dd,2026-03-04T22:28:04Z,04428063 Order #LARIAT - Order Allocated - {2},allocated,Sysco Standard Delivery,04428063,03/04/2026,03/05/2026,4966123,Lettuce Leaf Ultimate Burger,2/5 LB,IMPERIAL FRESH,2.0,2.0,CS,34.19,,68.38,0,0,0,food
19cbaf724092e4dd,19cbaf724092e4dd,2026-03-04T22:28:04Z,04428063 Order #LARIAT - Order Allocated - {2},allocated,Sysco Standard Delivery,04428063,03/04/2026,03/05/2026,1008630,Tomato 1 Layer 5x6,1/30 CT,IMPERIAL FRESH,1.0,1.0,CS,34.95,,34.95,0,0,0,food
19cbaf724092e4dd,19cbaf724092e4dd,2026-03-04T22:28:04Z,04428063 Order #LARIAT - Order Allocated - {2},allocated,Sysco Standard Delivery,04428063,03/04/2026,03/05/2026,1675776,Celery Sticks Fresh,4/5 LB,IMPERIAL FRESH,2.0,2.0,EA,15.45,,30.9,0,0,0,food
19cbaf724092e4dd,19cbaf724092e4dd,2026-03-04T22:28:04Z,04428063 Order #LARIAT - Order Allocated - {2},allocated,Sysco Standard Delivery,04428063,03/04/2026,03/05/2026,3554615,"Potato Fry 5/16"" Beer Extra Long",6/5 LB,SYSCO IMPERIAL,2.0,2.0,CS,55.0,,110.0,0,0,0,food
19cde4486da59609,19cde4486da59609,2026-03-11T18:59:18Z,Sysco Order Mar 05 2026 04:41 PM  - Order Confirmation - LARIAT,confirmation,Sysco Standard Delivery,04442762,03/11/2026,03/11/2026,8095107,Straw Plastic Unwrapped Jumbo Black 7.75 Inch,12/500CT,SYSCO CLASSIC,1.0,1.0,CS,29.99,,29.99,0,0,0,non_food
19cde4486da59609,19cde4486da59609,2026-03-11T18:59:18Z,Sysco Order Mar 05 2026 04:41 PM  - Order Confirmation - LARIAT,confirmation,Sysco Standard Delivery,04442762,03/11/2026,03/11/2026,5934567,Liner Trash 39 Inch X 56 Inch 1.7 Mil Silver Linear Low-density Polyethylene (lldpe),50/55GAL,SYSCO CLASSIC,1.0,1.0,CS,45.65,,45.65,0,0,0,non_food
19cde4486da59609,19cde4486da59609,2026-03-11T18:59:18Z,Sysco Order Mar 05 2026 04:41 PM  - Order Confirmation - LARIAT,confirmation,Sysco Standard Delivery,04442762,03/11/2026,03/11/2026,1012327,Cheese Blue Crumbles Style Chunk,4/5LB,BLOCK & BARREL IMPERIAL,1.0,1.0,CS,66.91,,66.91,0,0,0,food
19cde4486da59609,19cde4486da59609,2026-03-11T18:59:18Z,Sysco Order Mar 05 2026 04:41 PM  - Order Confirmation - LARIAT,confirmation,Sysco Standard Delivery,04442762,03/11/2026,03/11/2026,4692174,Tortilla Flour Pressed 6 Inch,12/24CT,LA BANDERITA,1.0,1.0,CS,28.89,,28.89,0,0,0,food
19cde4486da59609,19cde4486da59609,2026-03-11T18:59:18Z,Sysco Order Mar 05 2026 04:41 PM  - Order Confirmation - LARIAT,confirmation,Sysco Standard Delivery,04442762,03/11/2026,03/11/2026,5757091,Pepper Chipotle Adobo Sauce,12/7 OZ,EMBASA,1.0,1.0,CS,29.65,,29.65,0,0,0,food
19cde4486da59609,19cde4486da59609,2026-03-11T18:59:18Z,Sysco Order Mar 05 2026 04:41 PM  - Order Confirmation - LARIAT,confirmation,Sysco Standard Delivery,04442762,03/11/2026,03/11/2026,5228499,Spice Celery Seed Whole,6/1LB,SYSCO IMPERIAL/MCCORMICK,1.0,1.0,EA,14.85,,14.85,0,0,0,food
19cde4486da59609,19cde4486da59609,2026-03-11T18:59:18Z,Sysco Order Mar 05 2026 04:41 PM  - Order Confirmation - LARIAT,confirmation,Sysco Standard Delivery,04442762,03/11/2026,03/11/2026,5847011,Oil Olive Pomace Tin,3/1GAL,ARREZZIO CLASSIC,1.0,1.0,CS,85.56,,85.56,0,0,0,food
19cde4486da59609,19cde4486da59609,2026-03-11T18:59:18Z,Sysco Order Mar 05 2026 04:41 PM  - Order Confirmation - LARIAT,confirmation,Sysco Standard Delivery,04442762,03/11/2026,03/11/2026,6935464,Cream Heavy 40% Extended Shelf Life Stabilized,12/32OZ,WHOLESOME FARMS CLASSIC,1.0,1.0,CS,53.63,,53.63,0,0,0,food
19cde4486da59609,19cde4486da59609,2026-03-11T18:59:18Z,Sysco Order Mar 05 2026 04:41 PM  - Order Confirmation - LARIAT,confirmation,Sysco Standard Delivery,04442762,03/11/2026,03/11/2026,4064986,Mustard French Whole Grain In Tin,4/8.6 LB,SYSCO IMPERIAL,1.0,1.0,CS,119.59,,119.59,0,0,0,food
19cde4486da59609,19cde4486da59609,2026-03-11T18:59:18Z,Sysco Order Mar 05 2026 04:41 PM  - Order Confirmation - LARIAT,confirmation,Sysco Standard Delivery,04442762,03/11/2026,03/11/2026,7385215,Container Paper #8 Take Out Kraft,6/50 CT,SYSCO RELIANCE,2.0,2.0,CS,56.45,,112.9,0,0,0,non_food
19cde4486da59609,19cde4486da59609,2026-03-11T18:59:18Z,Sysco Order Mar 05 2026 04:41 PM  - Order Confirmation - LARIAT,confirmation,Sysco Standard Delivery,04442762,03/11/2026,03/11/2026,1423726,Container Paper #4 Takeout Kraft,2/45CT,EARTH PLUS,2.0,2.0,CS,56.95,,113.9,0,0,0,non_food
19cde4486da59609,19cde4486da59609,2026-03-11T18:59:18Z,Sysco Order Mar 05 2026 04:41 PM  - Order Confirmation - LARIAT,confirmation,Sysco Standard Delivery,04442762,03/11/2026,03/11/2026,4782694,Sugar Granulated Extra Fine Cane,1/50LB,SYSCO CLASSIC,1.0,1.0,CS,39.99,,39.99,0,0,0,food
19cde4486da59609,19cde4486da59609,2026-03-11T18:59:18Z,Sysco Order Mar 05 2026 04:41 PM  - Order Confirmation - LARIAT,confirmation,Sysco Standard Delivery,04442762,03/11/2026,03/11/2026,1008663,Tomato 2 Layer 5x6 Fresh,1/60 CT,IMPERIAL FRESH,1.0,1.0,CS,70.95,,70.95,0,0,0,food
19cde4486da59609,19cde4486da59609,2026-03-11T18:59:18Z,Sysco Order Mar 05 2026 04:41 PM  - Order Confirmation - LARIAT,confirmation,Sysco Standard Delivery,04442762,03/11/2026,03/11/2026,1491552,"Bun Brioche 4.5""",8/10CT,TURANO,2.0,2.0,CS,57.89,,115.78,0,0,0,food
19cde4486da59609,19cde4486da59609,2026-03-11T18:59:18Z,Sysco Order Mar 05 2026 04:41 PM  - Order Confirmation - LARIAT,confirmation,Sysco Standard Delivery,04442762,03/11/2026,03/11/2026,9516907,Lettuce Spring Mix Sweet Pillow,1/3 LB,IMPERIAL FRESH,2.0,2.0,CS,12.3,,24.6,0,0,0,food
19cde4486da59609,19cde4486da59609,2026-03-11T18:59:18Z,Sysco Order Mar 05 2026 04:41 PM  - Order Confirmation - LARIAT,confirmation,Sysco Standard Delivery,04442762,03/11/2026,03/11/2026,7005009,Chile Green Hatch Diced Mild,5/5LB,YOUNG GUNS PRODUCE,1.0,1.0,CS,53.95,,53.95,0,0,0,food
19cde4486da59609,19cde4486da59609,2026-03-11T18:59:18Z,Sysco Order Mar 05 2026 04:41 PM  - Order Confirmation - LARIAT,confirmation,Sysco Standard Delivery,04442762,03/11/2026,03/11/2026,8516029,"Potato Sweet Julienne .188""",5/3 LB,LAMB WESTON,1.0,1.0,CS,50.25,,50.25,0,0,0,food
19cde4486da59609,19cde4486da59609,2026-03-11T18:59:18Z,Sysco Order Mar 05 2026 04:41 PM  - Order Confirmation - LARIAT,confirmation,Sysco Standard Delivery,04442762,03/11/2026,03/11/2026,4874526,Pork Chop Bone In Frenched Long Bone Frozen,10/12 OZ,BUCKHEAD PRIDE/ NEWPORT PRIDE,2.0,2.0,CS,18.29,LB,292.64,0,0,0,food
19cde4486da59609,19cde4486da59609,2026-03-11T18:59:18Z,Sysco Order Mar 05 2026 04:41 PM  - Order Confirmation - LARIAT,confirmation,Sysco Standard Delivery,04442762,03/11/2026,03/11/2026,7585326,"Bread Sourdough Thick Sliced .75""",6/32 OZ,ROTELLA,2.0,2.0,CS,38.99,,77.98,0,0,0,food
19cde4486da59609,19cde4486da59609,2026-03-11T18:59:18Z,Sysco Order Mar 05 2026 04:41 PM  - Order Confirmation - LARIAT,confirmation,Sysco Standard Delivery,04442762,03/11/2026,03/11/2026,9230970,Avocado Hass Breaking Fresh #2,1/48 CT,PROPACK,1.0,1.0,CS,41.95,,41.95,0,0,0,food
19cde4486da59609,19cde4486da59609,2026-03-11T18:59:18Z,Sysco Order Mar 05 2026 04:41 PM  - Order Confirmation - LARIAT,confirmation,Sysco Standard Delivery,04442762,03/11/2026,03/11/2026,4776161,Eggshell Medium White Aa Cage Free 15 Dozen,1/15 DZ,EGGS AMERICA,1.0,1.0,CS,12.47,,12.47,0,0,0,food
19cde4486da59609,19cde4486da59609,2026-03-11T18:59:18Z,Sysco Order Mar 05 2026 04:41 PM  - Order Confirmation - LARIAT,confirmation,Sysco Standard Delivery,04442762,03/11/2026,03/11/2026,6395974,Asparagus Jumbo,1/11 LB,PROPACK,1.0,1.0,CS,46.49,,46.49,0,0,0,food
19cde4486da59609,19cde4486da59609,2026-03-11T18:59:18Z,Sysco Order Mar 05 2026 04:41 PM  - Order Confirmation - LARIAT,confirmation,Sysco Standard Delivery,04442762,03/11/2026,03/11/2026,1675719,Cabbage Red Shredded Fresh,4/5 LB,IMPERIAL FRESH,1.0,1.0,CS,46.75,,46.75,0,0,0,food
19cde4486da59609,19cde4486da59609,2026-03-11T18:59:18Z,Sysco Order Mar 05 2026 04:41 PM  - Order Confirmation - LARIAT,confirmation,Sysco Standard Delivery,04442762,03/11/2026,03/11/2026,2406189,Cheese Cheddar Jack Fancy Shredded,4/5LB,CASA SOLANA IMPERIAL,1.0,1.0,CS,52.99,,52.99,0,0,0,food
19cde4486da59609,19cde4486da59609,2026-03-11T18:59:18Z,Sysco Order Mar 05 2026 04:41 PM  - Order Confirmation - LARIAT,confirmation,Sysco Standard Delivery,04442762,03/11/2026,03/11/2026,8379251,Flour All Purpose Hotel & Restaurant Bleached,1/25LB,SYSCO CLASSIC,2.0,2.0,CS,10.79,,21.58,0,0,0,food
19cde4486da59609,19cde4486da59609,2026-03-11T18:59:18Z,Sysco Order Mar 05 2026 04:41 PM  - Order Confirmation - LARIAT,confirmation,Sysco Standard Delivery,04442762,03/11/2026,03/11/2026,6040885,Pasta Cavatappi 100% Durum Wheat Semolina,2/10 LB,PASTA LABELLA,1.0,1.0,CS,33.65,,33.65,0,0,0,food
19cde4486da59609,19cde4486da59609,2026-03-11T18:59:18Z,Sysco Order Mar 05 2026 04:41 PM  - Order Confirmation - LARIAT,confirmation,Sysco Standard Delivery,04442762,03/11/2026,03/11/2026,5844220,Bean Black,6/#10,CASA SOLANA CLASSIC,1.0,1.0,CS,40.33,,40.33,0,0,0,food
19cde4486da59609,19cde4486da59609,2026-03-11T18:59:18Z,Sysco Order Mar 05 2026 04:41 PM  - Order Confirmation - LARIAT,confirmation,Sysco Standard Delivery,04442762,03/11/2026,03/11/2026,7301510,Cheese Oaxaca Shred 5 Pounds,4/5LB,CASA SOLANA CLASSIC,1.0,1.0,CS,108.99,,108.99,0,0,0,food
19cde4486da59609,19cde4486da59609,2026-03-11T18:59:18Z,Sysco Order Mar 05 2026 04:41 PM  - Order Confirmation - LARIAT,confirmation,Sysco Standard Delivery,04442762,03/11/2026,03/11/2026,2058881,Chives Fresh Herb,1/1 LB,IMPERIAL FRESH,1.0,1.0,CS,18.55,,18.55,0,0,0,food
19cde4486da59609,19cde4486da59609,2026-03-11T18:59:18Z,Sysco Order Mar 05 2026 04:41 PM  - Order Confirmation - LARIAT,confirmation,Sysco Standard Delivery,04442762,03/11/2026,03/11/2026,4011078,Pudding Vanilla Ready To Use,6/#10,SYSCO CLASSIC,1.0,1.0,CS,80.95,,80.95,0,0,0,food
19cde4486da59609,19cde4486da59609,2026-03-11T18:59:18Z,Sysco Order Mar 05 2026 04:41 PM  - Order Confirmation - LARIAT,confirmation,Sysco Standard Delivery,04442762,03/11/2026,03/11/2026,4566873,Mix Cornbread Homestyle Complete,6/5 LB,KRUSTEAZ,1.0,1.0,CS,87.95,,87.95,0,0,0,food
19cde4486da59609,19cde4486da59609,2026-03-11T18:59:18Z,Sysco Order Mar 05 2026 04:41 PM  - Order Confirmation - LARIAT,confirmation,Sysco Standard Delivery,04442762,03/11/2026,03/11/2026,2004810,Rosemary Fresh Herb,1/4 OZ,IMPERIAL FRESH,1.0,1.0,CS,8.99,,8.99,0,0,0,food
19cde4486da59609,19cde4486da59609,2026-03-11T18:59:18Z,Sysco Order Mar 05 2026 04:41 PM  - Order Confirmation - LARIAT,confirmation,Sysco Standard Delivery,04442762,03/11/2026,03/11/2026,7191401,Egg Hardcooked Cf Grab N Go Drypick,14/2 CT,EASY EGG,1.0,1.0,CS,21.95,,21.95,0,0,0,food
19cde4486da59609,19cde4486da59609,2026-03-11T18:59:18Z,Sysco Order Mar 05 2026 04:41 PM  - Order Confirmation - LARIAT,confirmation,Sysco Standard Delivery,04442762,03/11/2026,03/11/2026,3554615,"Potato Fry 5/16"" Beer Extra Long",6/5 LB,SYSCO IMPERIAL,1.0,1.0,CS,55.0,,55.0,0,0,0,food
19cde4486da59609,19cde4486da59609,2026-03-11T18:59:18Z,Sysco Order Mar 05 2026 04:41 PM  - Order Confirmation - LARIAT,confirmation,Sysco Standard Delivery,04442762,03/11/2026,03/11/2026,2575926,Cheese American Loaf Special Melting White,6/5 LB,CASA SOLANA IMPERIAL,1.0,1.0,CS,81.69,,81.69,0,0,0,food
19cde4486da59609,19cde4486da59609,2026-03-11T18:59:18Z,Sysco Order Mar 05 2026 04:41 PM  - Order Confirmation - LARIAT,confirmation,Sysco Standard Delivery,04442764,03/11/2026,03/11/2026,5172253,Mix Pancake Waffle Buttermilk Complete,6/5 LB,KRUSTEAZ,2.0,2.0,CS,84.65,,169.3,0,0,0,food
19cdeb59a1d7f23e,19cdeb59a1d7f23e,2026-03-11T21:02:49Z,Sysco Order #04443539 - Order Allocated - LARIAT,allocated,Sysco Standard Delivery,04443539,03/11/2026,03/12/2026,1185156,Pepper Jalapeno Fresh,1/5 LB,IMPERIAL FRESH,2.0,2.0,CS,15.65,,31.3,0,0,0,food
19cdeb59a1d7f23e,19cdeb59a1d7f23e,2026-03-11T21:02:49Z,Sysco Order #04443539 - Order Allocated - LARIAT,allocated,Sysco Standard Delivery,04443539,03/11/2026,03/12/2026,6935464,Cream Heavy 40% Extended Shelf Life Stabilized,12/32OZ,WHOLESOME FARMS CLASSIC,1.0,1.0,CS,53.63,,53.63,0,0,0,food
19cdeb59a1d7f23e,19cdeb59a1d7f23e,2026-03-11T21:02:49Z,Sysco Order #04443539 - Order Allocated - LARIAT,allocated,Sysco Standard Delivery,04443539,03/11/2026,03/12/2026,7235243,Chicken Breast Cutlet 5 Ounce,4/5 LB,RED BIRD INC (POULTRY),1.0,1.0,CS,5.699,LB,118.38,0,0,0,food
19cde4486da59609,19cde4486da59609,2026-03-11T18:59:18Z,Sysco Order Mar 05 2026 04:41 PM  - Order Confirmation - LARIAT,confirmation,Sysco Standard Delivery,Md0159224bef6,03/11/2026,03/11/2026,6042715,Seasoning Asian Seaweed Nori Topping Furikake 3CT,3/300,UMMA U,1.0,1.0,CS,87.0,,87.0,1,0,0,food
19cde4486da59609,19cde4486da59609,2026-03-11T18:59:18Z,Sysco Order Mar 05 2026 04:41 PM  - Order Confirmation - LARIAT,confirmation,Sold and Shipped by Route66 International,Md0159224bef6,03/11/2026,03/11/2026,7224680,Chicken Leg Whole,4/5 LB,RED BIRD INC (POULTRY),1.0,1.0,CS,2.899,LB,56.53,0,0,0,food
19d0291e9caac345,19d0291e9caac345,2026-03-18T20:10:09Z,Sysco Order #04457919 - Order Allocated - LARIAT,allocated,Sysco Standard Delivery,04457919,03/18/2026,03/19/2026,5934567,Liner Trash 39 Inch X 56 Inch 1.7 Mil Silver Linear Low-density Polyethylene (lldpe),50/55GAL,SYSCO CLASSIC,3.0,3.0,CS,45.95,,137.85,0,0,0,non_food
19d0291e9caac345,19d0291e9caac345,2026-03-18T20:10:09Z,Sysco Order #04457919 - Order Allocated - LARIAT,allocated,Sysco Standard Delivery,04457919,03/18/2026,03/19/2026,3554615,"Potato Fry 5/16"" Beer Extra Long",6/5 LB,SYSCO IMPERIAL,3.0,3.0,CS,55.0,,165.0,0,0,0,food
19d0291e9caac345,19d0291e9caac345,2026-03-18T20:10:09Z,Sysco Order #04457919 - Order Allocated - LARIAT,allocated,Sysco Standard Delivery,04457919,03/18/2026,03/19/2026,1008663,Tomato 2 Layer 5x6 Fresh,1/60 CT,IMPERIAL FRESH,2.0,2.0,CS,60.75,,121.5,0,0,0,food
19d0291e9caac345,19d0291e9caac345,2026-03-18T20:10:09Z,Sysco Order #04457919 - Order Allocated - LARIAT,allocated,Sysco Standard Delivery,04457919,03/18/2026,03/19/2026,2369233,Chicken Wing Steamed Precooked Large,2/5LB,SYSCO CLASSIC,2.0,2.0,CS,46.45,,92.9,0,0,0,food
19d0291e9caac345,19d0291e9caac345,2026-03-18T20:10:09Z,Sysco Order #04457919 - Order Allocated - LARIAT,allocated,Sysco Standard Delivery,04457919,03/18/2026,03/19/2026,7585326,"Bread Sourdough Thick Sliced .75""",6/32 OZ,ROTELLA,1.0,1.0,CS,38.99,,38.99,0,0,0,food
19d0291e9caac345,19d0291e9caac345,2026-03-18T20:10:09Z,Sysco Order #04457919 - Order Allocated - LARIAT,allocated,Sysco Standard Delivery,04457919,03/18/2026,03/19/2026,4690483,Chip Tortilla Yellow 4 Inches Cut,1/30 LB,LA BANDERITA,1.0,1.0,CS,36.55,,36.55,0,0,0,food
19d0291e9caac345,19d0291e9caac345,2026-03-18T20:10:09Z,Sysco Order #04457919 - Order Allocated - LARIAT,allocated,Sysco Standard Delivery,04457919,03/18/2026,03/19/2026,5236690,Spice Paprika Domestic Ground,3/4.5LB,SYSCO CLASSIC,1.0,1.0,EA,27.95,,27.95,0,0,0,food
19d0291e9caac345,19d0291e9caac345,2026-03-18T20:10:09Z,Sysco Order #04457919 - Order Allocated - LARIAT,allocated,Sysco Standard Delivery,04457919,03/18/2026,03/19/2026,7492218,Cake Chocolate Fudge 10 Inch,2/110 OZ,CHEESECAKE FACTORY BAKERY,1.0,1.0,CS,103.9,,103.9,0,0,0,food
19d0291e9caac345,19d0291e9caac345,2026-03-18T20:10:09Z,Sysco Order #04457919 - Order Allocated - LARIAT,allocated,Sysco Standard Delivery,04457919,03/18/2026,03/19/2026,7005009,Chile Green Hatch Diced Mild,5/5LB,YOUNG GUNS PRODUCE,1.0,1.0,CS,53.95,,53.95,0,0,0,food
19d0291e9caac345,19d0291e9caac345,2026-03-18T20:10:09Z,Sysco Order #04457919 - Order Allocated - LARIAT,allocated,Sysco Standard Delivery,04457919,03/18/2026,03/19/2026,1400464,Chicken Tenders Breaded Golden Flat Large,2/5 LB,SYSCO CLASSIC,3.0,3.0,CS,49.89,,149.67,0,0,0,food
19d0291e9caac345,19d0291e9caac345,2026-03-18T20:10:09Z,Sysco Order #04457919 - Order Allocated - LARIAT,allocated,Sysco Standard Delivery,04457919,03/18/2026,03/19/2026,8071803,Pangasius Fillet Iqf 7-9 Ounce,1/15 LB,PORTICO IMPERIAL,3.0,3.0,CS,44.89,,134.67,0,0,0,food
19d0291e9caac345,19d0291e9caac345,2026-03-18T20:10:09Z,Sysco Order #04457919 - Order Allocated - LARIAT,allocated,Sysco Standard Delivery,04457919,03/18/2026,03/19/2026,5098496,Pork Ham Shank Pig Wing 4 Ounce,2/4.5LB,SYSCO CLASSIC,1.0,1.0,CS,94.49,,94.49,0,0,0,food
19d0291e9caac345,19d0291e9caac345,2026-03-18T20:10:09Z,Sysco Order #04457919 - Order Allocated - LARIAT,allocated,Sysco Standard Delivery,04457919,03/18/2026,03/19/2026,7235243,Chicken Breast Cutlet 5 Ounce,4/5 LB,RED BIRD INC (POULTRY),1.0,1.0,CS,5.699,LB,115.1,0,0,0,food
19d0291e9caac345,19d0291e9caac345,2026-03-18T20:10:09Z,Sysco Order #04457919 - Order Allocated - LARIAT,allocated,Sysco Standard Delivery,04457919,03/18/2026,03/19/2026,3777570,Bacon Shingle Center-cut 7-9 Per Pound Honey Gas Flushed,1/15#,DAILYS BACON,1.0,1.0,CS,72.99,,72.99,0,0,0,food
19d0291e9caac345,19d0291e9caac345,2026-03-18T20:10:09Z,Sysco Order #04457919 - Order Allocated - LARIAT,allocated,Sysco Standard Delivery,04457919,03/18/2026,03/19/2026,9448986,Beef Cheek Meat,1/30 LB,PACKER,1.0,1.0,CS,4.09,LB,120.24,0,0,0,food
19d0291e9caac345,19d0291e9caac345,2026-03-18T20:10:09Z,Sysco Order #04457919 - Order Allocated - LARIAT,allocated,Sysco Standard Delivery,04457919,03/18/2026,03/19/2026,7063131,Pickle Chip Bread Butter Refrigerated 500-650 Count,1/2 GAL,BLOCK & BARREL CLASSIC,1.0,1.0,CS,30.83,,30.83,0,0,0,food
19d0291e9caac345,19d0291e9caac345,2026-03-18T20:10:09Z,Sysco Order #04457919 - Order Allocated - LARIAT,allocated,Sysco Standard Delivery,04457919,03/18/2026,03/19/2026,7078475,Cilantro Bunch Iceless,1/30 CT,IMPERIAL FRESH,1.0,1.0,CS,19.99,,19.99,0,0,0,food
19d0291e9caac345,19d0291e9caac345,2026-03-18T20:10:09Z,Sysco Order #04457919 - Order Allocated - LARIAT,allocated,Sysco Standard Delivery,04457919,03/18/2026,03/19/2026,2058881,Chives Fresh Herb,1/1 LB,IMPERIAL FRESH,1.0,1.0,CS,18.55,,18.55,0,0,0,food
19d0291e9caac345,19d0291e9caac345,2026-03-18T20:10:09Z,Sysco Order #04457919 - Order Allocated - LARIAT,allocated,Sysco Standard Delivery,04457919,03/18/2026,03/19/2026,1675701,Cabbage Green Shredded Fresh In Bag,4/5 LB,IMPERIAL FRESH,1.0,1.0,CS,24.95,,24.95,0,0,0,food
19d0291e9caac345,19d0291e9caac345,2026-03-18T20:10:09Z,Sysco Order #04457919 - Order Allocated - LARIAT,allocated,Sysco Standard Delivery,04457919,03/18/2026,03/19/2026,5134365,Egg Breakfast Blend Scramble Mix Cgfr,15/2 LB,WHOLESOME FARMS IMPERIAL,1.0,1.0,CS,84.45,,84.45,0,0,0,food
19d0291e9caac345,19d0291e9caac345,2026-03-18T20:10:09Z,Sysco Order #04457919 - Order Allocated - LARIAT,allocated,Sysco Standard Delivery,04457919,03/18/2026,03/19/2026,7199866,Egg Hardcooked Cgfree Hard Pk,12/12 CT,WHOLESOME FARMS IMPERIAL,1.0,1.0,CS,65.99,,65.99,0,0,0,food
19d0291e9caac345,19d0291e9caac345,2026-03-18T20:10:09Z,Sysco Order #04457919 - Order Allocated - LARIAT,allocated,Sysco Standard Delivery,04457919,03/18/2026,03/19/2026,1094697,Onions White Jumbo Bag,1/50LB,IMPERIAL FRESH,1.0,1.0,CS,34.69,,34.69,0,0,0,food
19d0291e9caac345,19d0291e9caac345,2026-03-18T20:10:09Z,Sysco Order #04457919 - Order Allocated - LARIAT,allocated,Sysco Standard Delivery,04457919,03/18/2026,03/19/2026,5844220,Bean Black,6/#10,CASA SOLANA CLASSIC,1.0,1.0,CS,40.33,,40.33,0,0,0,food
19d0291e9caac345,19d0291e9caac345,2026-03-18T20:10:09Z,Sysco Order #04457919 - Order Allocated - LARIAT,allocated,Sysco Standard Delivery,04457919,03/18/2026,03/19/2026,2406189,Cheese Cheddar Jack Fancy Shredded,4/5LB,CASA SOLANA IMPERIAL,1.0,1.0,CS,55.05,,55.05,0,0,0,food
19d0291e9caac345,19d0291e9caac345,2026-03-18T20:10:09Z,Sysco Order #04457919 - Order Allocated - LARIAT,allocated,Sysco Standard Delivery,04457919,03/18/2026,03/19/2026,7385215,Container Paper #8 Take Out Kraft,6/50 CT,SYSCO RELIANCE,1.0,1.0,CS,56.45,,56.45,0,0,0,non_food
19d02d4b53461ccc,19d02d4b53461ccc,2026-03-18T21:23:07Z,Sysco Order #04458360 - Order Allocated - LARIAT,allocated,Sysco Standard Delivery,04458360,03/18/2026,03/19/2026,7759566,Lettuce Spring Mix,4/3 LB,IMPERIAL FRESH,2.0,2.0,CS,28.83,,57.66,0,0,0,food
19d02d4b53461ccc,19d02d4b53461ccc,2026-03-18T21:23:07Z,Sysco Order #04458360 - Order Allocated - LARIAT,allocated,Sysco Standard Delivery,04458360,03/18/2026,03/19/2026,5934567,Liner Trash 39 Inch X 56 Inch 1.7 Mil Silver Linear Low-density Polyethylene (lldpe),50/55GAL,SYSCO CLASSIC,3.0,3.0,CS,45.95,,137.85,0,0,0,non_food
19d1770d1095db5d,19d17757e0f319d3,2026-03-22T21:31:09Z,Sysco Order #04465435 - Order Allocated - LARIAT,allocated,Sysco Standard Delivery,04465435,03/22/2026,03/23/2026,2369233,Chicken Wing Steamed Precooked Large,2/5LB,SYSCO CLASSIC,3.0,3.0,CS,46.45,,139.35,0,0,0,food
19d1770d1095db5d,19d17757e0f319d3,2026-03-22T21:31:09Z,Sysco Order #04465435 - Order Allocated - LARIAT,allocated,Sysco Standard Delivery,04465435,03/22/2026,03/23/2026,5098496,Pork Ham Shank Pig Wing 4 Ounce,2/4.5LB,SYSCO CLASSIC,2.0,2.0,CS,94.49,,188.98,0,0,0,food
19d1770d1095db5d,19d17757e0f319d3,2026-03-22T21:31:09Z,Sysco Order #04465435 - Order Allocated - LARIAT,allocated,Sysco Standard Delivery,04465435,03/22/2026,03/23/2026,5236690,Spice Paprika Domestic Ground,3/4.5LB,SYSCO CLASSIC,1.0,1.0,EA,27.95,,27.95,0,0,0,food
19d1770d1095db5d,19d17757e0f319d3,2026-03-22T21:31:09Z,Sysco Order #04465435 - Order Allocated - LARIAT,allocated,Sysco Standard Delivery,04465435,03/22/2026,03/23/2026,5847011,Oil Olive Pomace Tin,3/1GAL,ARREZZIO CLASSIC,1.0,1.0,CS,85.56,,85.56,0,0,0,food
19d1770d1095db5d,19d17757e0f319d3,2026-03-22T21:31:09Z,Sysco Order #04465435 - Order Allocated - LARIAT,allocated,Sysco Standard Delivery,04465435,03/22/2026,03/23/2026,9516907,Lettuce Spring Mix Sweet Pillow,1/3 LB,IMPERIAL FRESH,2.0,2.0,CS,12.3,,24.6,0,0,0,food
19d1770d1095db5d,19d17757e0f319d3,2026-03-22T21:31:09Z,Sysco Order #04465435 - Order Allocated - LARIAT,allocated,Sysco Standard Delivery,04465435,03/22/2026,03/23/2026,5061643,Oil Salad Canola Zero Trans Fat,1/35 LB,SYSCO CLASSIC,1.0,1.0,CS,46.95,,46.95,0,0,0,food
19d1770d1095db5d,19d17757e0f319d3,2026-03-22T21:31:09Z,Sysco Order #04465435 - Order Allocated - LARIAT,allocated,Sysco Standard Delivery,04465435,03/22/2026,03/23/2026,7644909,Fry On Shortening Frying Liquid,1/35 LB,SYSCO PREMIUM,9.0,9.0,CS,62.47,,562.23,0,0,0,food
19d1770d1095db5d,19d17757e0f319d3,2026-03-22T21:31:09Z,Sysco Order #04465435 - Order Allocated - LARIAT,allocated,Sysco Standard Delivery,04465435,03/22/2026,03/23/2026,1871227,Ice Cream Vanilla,1/2.5GAL,HAAGEN DAAZ,1.0,1.0,CS,61.54,,61.54,0,0,0,food
19d1770d1095db5d,19d17757e0f319d3,2026-03-22T21:31:09Z,Sysco Order #04465435 - Order Allocated - LARIAT,allocated,Sysco Standard Delivery,04465435,03/22/2026,03/23/2026,1491552,"Bun Brioche 4.5""",8/10CT,TURANO,2.0,2.0,CS,57.89,,115.78,0,0,0,food
19d1770d1095db5d,19d17757e0f319d3,2026-03-22T21:31:09Z,Sysco Order #04465435 - Order Allocated - LARIAT,allocated,Sysco Standard Delivery,04465435,03/22/2026,03/23/2026,8516029,"Potato Sweet Julienne .188""",5/3 LB,LAMB WESTON,2.0,2.0,CS,50.25,,100.5,0,0,0,food
19d1770d1095db5d,19d17757e0f319d3,2026-03-22T21:31:09Z,Sysco Order #04465435 - Order Allocated - LARIAT,allocated,Sysco Standard Delivery,04465435,03/22/2026,03/23/2026,7085140,Corn Yellow Roasted Blend,6/2.5LB,SYSCO IMPERIAL,1.0,1.0,CS,51.89,,51.89,0,0,0,food
19d1770d1095db5d,19d17757e0f319d3,2026-03-22T21:31:09Z,Sysco Order #04465435 - Order Allocated - LARIAT,allocated,Sysco Standard Delivery,04465435,03/22/2026,03/23/2026,7235243,Chicken Breast Cutlet 5 Ounce,4/5 LB,RED BIRD INC (POULTRY),3.0,3.0,CS,5.699,LB,351.89,0,0,0,food
19d1770d1095db5d,19d17757e0f319d3,2026-03-22T21:31:09Z,Sysco Order #04465435 - Order Allocated - LARIAT,allocated,Sysco Standard Delivery,04465435,03/22/2026,03/23/2026,1400464,Chicken Tenders Breaded Golden Flat Large,2/5 LB,SYSCO CLASSIC,3.0,3.0,CS,49.89,,149.67,0,0,0,food
19d1770d1095db5d,19d17757e0f319d3,2026-03-22T21:31:09Z,Sysco Order #04465435 - Order Allocated - LARIAT,allocated,Sysco Standard Delivery,04465435,03/22/2026,03/23/2026,7380755,Chicken Leg Whole Raw Frozen,4/5#AVG,RED BIRD INC (POULTRY),1.0,1.0,CS,2.659,LB,50.52,0,0,0,food
19d1770d1095db5d,19d17757e0f319d3,2026-03-22T21:31:09Z,Sysco Order #04465435 - Order Allocated - LARIAT,allocated,Sysco Standard Delivery,04465435,03/22/2026,03/23/2026,3777570,Bacon Shingle Center-cut 7-9 Per Pound Honey Gas Flushed,1/15#,DAILYS BACON,4.0,4.0,CS,74.95,,299.8,0,0,0,food
19d1770d1095db5d,19d17757e0f319d3,2026-03-22T21:31:09Z,Sysco Order #04465435 - Order Allocated - LARIAT,allocated,Sysco Standard Delivery,04465435,03/22/2026,03/23/2026,7585326,"Bread Sourdough Thick Sliced .75""",6/32 OZ,ROTELLA,1.0,1.0,CS,38.99,,38.99,0,0,0,food
19d1770d1095db5d,19d17757e0f319d3,2026-03-22T21:31:09Z,Sysco Order #04465435 - Order Allocated - LARIAT,allocated,Sysco Standard Delivery,04465435,03/22/2026,03/23/2026,7210310,Buttermilk Whole Qt,12/1 QT,MEADOW GOLD,1.0,1.0,CS,35.07,,35.07,0,0,0,food
19d1770d1095db5d,19d17757e0f319d3,2026-03-22T21:31:09Z,Sysco Order #04465435 - Order Allocated - LARIAT,allocated,Sysco Standard Delivery,04465435,03/22/2026,03/23/2026,3267655,Cookie Vanilla Wafer,12/11 OZ,SYSCO CLASSIC,2.0,2.0,CS,40.95,,81.9,0,0,0,food
19d1770d1095db5d,19d17757e0f319d3,2026-03-22T21:31:09Z,Sysco Order #04465435 - Order Allocated - LARIAT,allocated,Sysco Standard Delivery,04465435,03/22/2026,03/23/2026,7019826,Tortilla Corn White 6.25 Inch,4/90 CT,LA BANDERITA,1.0,1.0,CS,39.55,,39.55,0,0,0,food
19d1770d1095db5d,19d17757e0f319d3,2026-03-22T21:31:09Z,Sysco Order #04465435 - Order Allocated - LARIAT,allocated,Sysco Standard Delivery,04465435,03/22/2026,03/23/2026,4064978,Mustard Dijon With White Wine In Tin,4/9 LB,SYSCO IMPERIAL,1.0,1.0,CS,110.39,,110.39,0,0,0,food
19d1770d1095db5d,19d17757e0f319d3,2026-03-22T21:31:09Z,Sysco Order #04465435 - Order Allocated - LARIAT,allocated,Sysco Standard Delivery,04465435,03/22/2026,03/23/2026,1186253,Cream Sour Pure Grade A,4/5LB,DAISY BRAND,1.0,1.0,CS,27.51,,27.51,0,0,0,food
19d1770d1095db5d,19d17757e0f319d3,2026-03-22T21:31:09Z,Sysco Order #04465435 - Order Allocated - LARIAT,allocated,Sysco Standard Delivery,04465435,03/22/2026,03/23/2026,3554615,"Potato Fry 5/16"" Beer Extra Long",6/5 LB,SYSCO IMPERIAL,4.0,4.0,CS,55.0,,220.0,0,0,0,food
19d1770d1095db5d,19d17757e0f319d3,2026-03-22T21:31:09Z,Sysco Order #04465435 - Order Allocated - LARIAT,allocated,Sysco Standard Delivery,04465435,03/22/2026,03/23/2026,1185156,Pepper Jalapeno Fresh,1/5 LB,IMPERIAL FRESH,1.0,1.0,CS,16.99,,16.99,0,0,0,food
19d1770d1095db5d,19d17757e0f319d3,2026-03-22T21:31:09Z,Sysco Order #04465435 - Order Allocated - LARIAT,allocated,Sysco Standard Delivery,04465435,03/22/2026,03/23/2026,2916452,Drink Energy,24/12 OZ,RED BULL,1.0,1.0,CS,62.0,,62.0,0,0,0,beverage
19d26e79042fdd4c,19d26e79042fdd4c,2026-03-25T21:30:02Z,Sysco Order #04473173 - Order Allocated - LARIAT,allocated,Sysco Standard Delivery,04473173,03/25/2026,03/26/2026,1675719,Cabbage Red Shredded Fresh,4/5 LB,IMPERIAL FRESH,1.0,1.0,CS,46.75,,46.75,0,0,0,food
19d26e79042fdd4c,19d26e79042fdd4c,2026-03-25T21:30:02Z,Sysco Order #04473173 - Order Allocated - LARIAT,allocated,Sysco Standard Delivery,04473173,03/25/2026,03/26/2026,1675701,Cabbage Green Shredded Fresh In Bag,4/5 LB,IMPERIAL FRESH,1.0,1.0,CS,25.95,,25.95,0,0,0,food
19d26e79042fdd4c,19d26e79042fdd4c,2026-03-25T21:30:02Z,Sysco Order #04473173 - Order Allocated - LARIAT,allocated,Sysco Standard Delivery,04473173,03/25/2026,03/26/2026,7301510,Cheese Oaxaca Shred 5 Pounds,4/5LB,CASA SOLANA CLASSIC,1.0,1.0,CS,108.99,,108.99,0,0,0,food
19d26e79042fdd4c,19d26e79042fdd4c,2026-03-25T21:30:02Z,Sysco Order #04473173 - Order Allocated - LARIAT,allocated,Sysco Standard Delivery,04473173,03/25/2026,03/26/2026,1094697,Onions White Jumbo Bag,1/50LB,IMPERIAL FRESH,1.0,1.0,CS,33.95,,33.95,0,0,0,food
19d26e79042fdd4c,19d26e79042fdd4c,2026-03-25T21:30:02Z,Sysco Order #04473173 - Order Allocated - LARIAT,allocated,Sysco Standard Delivery,04473173,03/25/2026,03/26/2026,7210106,Onion Red Jumbo Sack,10/5 LB,IMPERIAL FRESH,1.0,1.0,CS,47.79,,47.79,0,0,0,food
19d26e79042fdd4c,19d26e79042fdd4c,2026-03-25T21:30:02Z,Sysco Order #04473173 - Order Allocated - LARIAT,allocated,Sysco Standard Delivery,04473173,03/25/2026,03/26/2026,3644036,Potato Hash Brown Cubed Breakfast Skin-on,6/5 LB,MCCAIN,1.0,1.0,CS,70.76,,70.76,0,0,0,food
19d26e79042fdd4c,19d26e79042fdd4c,2026-03-25T21:30:02Z,Sysco Order #04473173 - Order Allocated - LARIAT,allocated,Sysco Standard Delivery,04473173,03/25/2026,03/26/2026,7218368,Shallot Whole Fresh,1/10 LB,IMPERIAL FRESH,1.0,1.0,CS,35.79,,35.79,0,0,0,food
19d26e79042fdd4c,19d26e79042fdd4c,2026-03-25T21:30:02Z,Sysco Order #04473173 - Order Allocated - LARIAT,allocated,Sysco Standard Delivery,04473173,03/25/2026,03/26/2026,1008663,Tomato 2 Layer 5x6 Fresh,1/60 CT,IMPERIAL FRESH,2.0,2.0,CS,57.69,,115.38,0,0,0,food
19d26e79042fdd4c,19d26e79042fdd4c,2026-03-25T21:30:02Z,Sysco Order #04473173 - Order Allocated - LARIAT,allocated,Sysco Standard Delivery,04473173,03/25/2026,03/26/2026,1491552,"Bun Brioche 4.5""",8/10CT,TURANO,3.0,3.0,CS,57.89,,173.67,0,0,0,food
19d26e79042fdd4c,19d26e79042fdd4c,2026-03-25T21:30:02Z,Sysco Order #04473173 - Order Allocated - LARIAT,allocated,Sysco Standard Delivery,04473173,03/25/2026,03/26/2026,2369233,Chicken Wing Steamed Precooked Large,2/5LB,SYSCO CLASSIC,1.0,1.0,CS,46.45,,46.45,0,0,0,food
19d26e79042fdd4c,19d26e79042fdd4c,2026-03-25T21:30:02Z,Sysco Order #04473173 - Order Allocated - LARIAT,allocated,Sysco Standard Delivery,04473173,03/25/2026,03/26/2026,2406189,Cheese Cheddar Jack Fancy Shredded,4/5LB,CASA SOLANA IMPERIAL,1.0,1.0,CS,55.05,,55.05,0,0,0,food
19d26e79042fdd4c,19d26e79042fdd4c,2026-03-25T21:30:02Z,Sysco Order #04473173 - Order Allocated - LARIAT,allocated,Sysco Standard Delivery,04473173,03/25/2026,03/26/2026,2005262,Thyme Fresh Herb,1/4 OZ,IMPERIAL FRESH,1.0,1.0,CS,8.85,,8.85,0,0,0,food
19d26e79042fdd4c,19d26e79042fdd4c,2026-03-25T21:30:02Z,Sysco Order #04473173 - Order Allocated - LARIAT,allocated,Sysco Standard Delivery,04473173,03/25/2026,03/26/2026,2004968,Tarragon Fresh Herb,1/4 OZ,IMPERIAL FRESH,1.0,1.0,CS,7.79,,7.79,0,0,0,food
19d26e79042fdd4c,19d26e79042fdd4c,2026-03-25T21:30:02Z,Sysco Order #04473173 - Order Allocated - LARIAT,allocated,Sysco Standard Delivery,04473173,03/25/2026,03/26/2026,5265465,Spice Garlic Powder,3/6LB,SYSCO IMPERIAL/MCCORMICK,2.0,2.0,EA,79.95,,159.9,0,0,0,food
19d3b80be3e9012c,19d3b80be3e9012c,2026-03-29T21:29:45Z,Sysco Order #04480577 - Order Allocated - LARIAT,allocated,Sysco Standard Delivery,04480577,03/29/2026,03/30/2026,5934567,Liner Trash 39 Inch X 56 Inch 1.7 Mil Silver Linear Low-density Polyethylene (lldpe),50/55GAL,SYSCO CLASSIC,1.0,1.0,CS,45.95,,45.95,0,0,0,non_food
19d3b80be3e9012c,19d3b80be3e9012c,2026-03-29T21:29:45Z,Sysco Order #04480577 - Order Allocated - LARIAT,allocated,Sysco Standard Delivery,04480577,03/29/2026,03/30/2026,3554615,"Potato Fry 5/16"" Beer Extra Long",6/5 LB,SYSCO IMPERIAL,4.0,4.0,CS,55.0,,220.0,0,0,0,food
19d3b80be3e9012c,19d3b80be3e9012c,2026-03-29T21:29:45Z,Sysco Order #04480577 - Order Allocated - LARIAT,allocated,Sysco Standard Delivery,04480577,03/29/2026,03/30/2026,7005009,Chile Green Hatch Diced Mild,5/5LB,YOUNG GUNS PRODUCE,1.0,1.0,CS,53.95,,53.95,0,0,0,food
19d3b80be3e9012c,19d3b80be3e9012c,2026-03-29T21:29:45Z,Sysco Order #04480577 - Order Allocated - LARIAT,allocated,Sysco Standard Delivery,04480577,03/29/2026,03/30/2026,1400464,Chicken Tenders Breaded Golden Flat Large,2/5 LB,SYSCO CLASSIC,3.0,3.0,CS,50.86,,152.58,0,0,0,food
19d3b80be3e9012c,19d3b80be3e9012c,2026-03-29T21:29:45Z,Sysco Order #04480577 - Order Allocated - LARIAT,allocated,Sysco Standard Delivery,04480577,03/29/2026,03/30/2026,8071803,Pangasius Fillet Iqf 7-9 Ounce,1/15 LB,PORTICO IMPERIAL,2.0,2.0,CS,44.89,,89.78,0,0,0,food
19d3b80be3e9012c,19d3b80be3e9012c,2026-03-29T21:29:45Z,Sysco Order #04480577 - Order Allocated - LARIAT,allocated,Sysco Standard Delivery,04480577,03/29/2026,03/30/2026,2369233,Chicken Wing Steamed Precooked Large,2/5LB,SYSCO CLASSIC,3.0,3.0,CS,46.51,,139.53,0,0,0,food
19d3b80be3e9012c,19d3b80be3e9012c,2026-03-29T21:29:45Z,Sysco Order #04480577 - Order Allocated - LARIAT,allocated,Sysco Standard Delivery,04480577,03/29/2026,03/30/2026,3777570,Bacon Shingle Center-cut 7-9 Per Pound Honey Gas Flushed,1/15#,DAILYS BACON,2.0,2.0,CS,76.95,,153.9,0,0,0,food
19d3b80be3e9012c,19d3b80be3e9012c,2026-03-29T21:29:45Z,Sysco Order #04480577 - Order Allocated - LARIAT,allocated,Sysco Standard Delivery,04480577,03/29/2026,03/30/2026,7585326,"Bread Sourdough Thick Sliced .75""",6/32 OZ,ROTELLA,1.0,1.0,CS,38.99,,38.99,0,0,0,food
19d3b80be3e9012c,19d3b80be3e9012c,2026-03-29T21:29:45Z,Sysco Order #04480577 - Order Allocated - LARIAT,allocated,Sysco Standard Delivery,04480577,03/29/2026,03/30/2026,7181814,Sausage Chorizo Bulk Raw,2/7 LB,Polidori,2.0,2.0,CS,73.78,,147.56,0,0,0,food
19d3b80be3e9012c,19d3b80be3e9012c,2026-03-29T21:29:45Z,Sysco Order #04480577 - Order Allocated - LARIAT,allocated,Sysco Standard Delivery,04480577,03/29/2026,03/30/2026,6046902,Pork Butt Boneless 1/4 6-9 Pounds Each Fresh,8/6-9#AV,BUTCHERS BLOCK,1.0,1.0,CS,2.116,LB,156.63,0,0,0,food
19d3b80be3e9012c,19d3b80be3e9012c,2026-03-29T21:29:45Z,Sysco Order #04480577 - Order Allocated - LARIAT,allocated,Sysco Standard Delivery,04480577,03/29/2026,03/30/2026,7210310,Buttermilk Whole Qt,12/1 QT,MEADOW GOLD,1.0,1.0,CS,35.07,,35.07,0,0,0,food
19d3b80be3e9012c,19d3b80be3e9012c,2026-03-29T21:29:45Z,Sysco Order #04480577 - Order Allocated - LARIAT,allocated,Sysco Standard Delivery,04480577,03/29/2026,03/30/2026,7078475,Cilantro Bunch Iceless,1/30 CT,IMPERIAL FRESH,1.0,1.0,CS,22.45,,22.45,0,0,0,food
19d3b80be3e9012c,19d3b80be3e9012c,2026-03-29T21:29:45Z,Sysco Order #04480577 - Order Allocated - LARIAT,allocated,Sysco Standard Delivery,04480577,03/29/2026,03/30/2026,7134591,Cucumber English Medium Seedless 12 Count,1/12CT,IMPERIAL FRESH,2.0,2.0,CS,20.69,,41.38,0,0,0,food
19d3b80be3e9012c,19d3b80be3e9012c,2026-03-29T21:29:45Z,Sysco Order #04480577 - Order Allocated - LARIAT,allocated,Sysco Standard Delivery,04480577,03/29/2026,03/30/2026,5661143,Tomato Cherry Heirloom Mix,12/.5 PTS,PACKER,1.0,1.0,CS,48.95,,48.95,0,0,0,food
19d3b80be3e9012c,19d3b80be3e9012c,2026-03-29T21:29:45Z,Sysco Order #04480577 - Order Allocated - LARIAT,allocated,Sysco Standard Delivery,04480577,03/29/2026,03/30/2026,7644909,Fry On Shortening Frying Liquid,1/35 LB,SYSCO PREMIUM,3.0,3.0,CS,60.97,,182.91,0,0,0,food
19d3b80be3e9012c,19d3b80be3e9012c,2026-03-29T21:29:45Z,Sysco Order #04480577 - Order Allocated - LARIAT,allocated,Sysco Standard Delivery,04480577,03/29/2026,03/30/2026,1813973,Pork Chop Bone-in Frenched Long Bone,10/12 OZ,BUCKHEAD PRIDE/ NEWPORT PRIDE,1.0,1.0,CS,22.59,LB,176.2,0,0,0,food
19d3b80be3e9012c,19d3b80be3e9012c,2026-03-29T21:29:45Z,Sysco Order #04480577 - Order Allocated - LARIAT,allocated,Sysco Standard Delivery,04480577,03/29/2026,03/30/2026,2916452,Drink Energy,24/12 OZ,RED BULL,1.0,1.0,CS,62.0,,62.0,0,0,0,beverage
19d4af36b6a2914b,19d4af36b6a2914b,2026-04-01T21:29:18Z,Sysco Order Mar 25 2026 03:05 PM  - Order Confirmation - LARIAT,confirmation,Sysco Standard Delivery,04488129,04/01/2026,04/01/2026,5934567,Liner Trash 39 Inch X 56 Inch 1.7 Mil Silver Linear Low-density Polyethylene (lldpe),50/55GAL,SYSCO CLASSIC,2.0,2.0,CS,45.95,,91.9,0,0,0,non_food
19d4af36b6a2914b,19d4af36b6a2914b,2026-04-01T21:29:18Z,Sysco Order Mar 25 2026 03:05 PM  - Order Confirmation - LARIAT,confirmation,Sysco Standard Delivery,04488129,04/01/2026,04/01/2026,4692174,Tortilla Flour Pressed 6 Inch,12/24CT,LA BANDERITA,1.0,1.0,CS,28.95,,28.95,0,0,0,food
19d4af36b6a2914b,19d4af36b6a2914b,2026-04-01T21:29:18Z,Sysco Order Mar 25 2026 03:05 PM  - Order Confirmation - LARIAT,confirmation,Sysco Standard Delivery,04488129,04/01/2026,04/01/2026,4220580,"Label Roll Shelf Life Dissolvable 2"" X 3""",1/500CT,KEYSTONE PRODUCTS,1.0,1.0,CS,32.59,,32.59,0,0,0,non_food
19d4af36b6a2914b,19d4af36b6a2914b,2026-04-01T21:29:18Z,Sysco Order Mar 25 2026 03:05 PM  - Order Confirmation - LARIAT,confirmation,Sysco Standard Delivery,04488129,04/01/2026,04/01/2026,8071803,Pangasius Fillet Iqf 7-9 Ounce,1/15 LB,PORTICO IMPERIAL,1.0,1.0,CS,44.89,,44.89,0,0,0,food
19d4af36b6a2914b,19d4af36b6a2914b,2026-04-01T21:29:18Z,Sysco Order Mar 25 2026 03:05 PM  - Order Confirmation - LARIAT,confirmation,Sysco Standard Delivery,04488129,04/01/2026,04/01/2026,7459830,Beef Ground Chuck Brisket Short Rib Patty,30/7 OZ,BUCKHEAD PRIDE/ NEWPORT PRIDE,1.0,1.0,CS,92.95,,92.95,0,0,0,food
19d4af36b6a2914b,19d4af36b6a2914b,2026-04-01T21:29:18Z,Sysco Order Mar 25 2026 03:05 PM  - Order Confirmation - LARIAT,confirmation,Sysco Standard Delivery,04488129,04/01/2026,04/01/2026,7121503,Sausage Breakfast Patty 3.5 Ounce Antibiotic Free,42/3.5OZ,Polidori,1.0,1.0,CS,56.85,,56.85,0,0,0,food
19d4af36b6a2914b,19d4af36b6a2914b,2026-04-01T21:29:18Z,Sysco Order Mar 25 2026 03:05 PM  - Order Confirmation - LARIAT,confirmation,Sysco Standard Delivery,04488129,04/01/2026,04/01/2026,9448986,Beef Cheek Meat,1/30 LB,PACKER,1.0,1.0,CS,4.876,LB,144.26,0,0,0,food
19d4af36b6a2914b,19d4af36b6a2914b,2026-04-01T21:29:18Z,Sysco Order Mar 25 2026 03:05 PM  - Order Confirmation - LARIAT,confirmation,Sysco Standard Delivery,04488129,04/01/2026,04/01/2026,4944450,Soup Base Chicken Real,6/1LB,SYSCO IMPERIAL,1.0,1.0,CS,45.28,,45.28,0,0,0,food
19d4af36b6a2914b,19d4af36b6a2914b,2026-04-01T21:29:18Z,Sysco Order Mar 25 2026 03:05 PM  - Order Confirmation - LARIAT,confirmation,Sysco Standard Delivery,04488129,04/01/2026,04/01/2026,7210310,Buttermilk Whole Qt,12/1 QT,MEADOW GOLD,1.0,1.0,CS,35.07,,35.07,0,0,0,food
19d4af36b6a2914b,19d4af36b6a2914b,2026-04-01T21:29:18Z,Sysco Order Mar 25 2026 03:05 PM  - Order Confirmation - LARIAT,confirmation,Sysco Standard Delivery,04488129,04/01/2026,04/01/2026,4676306,Milk Whole Gallon,4/1 GAL,WHOLESOME FARMS CLASSIC,1.0,1.0,CS,20.33,,20.33,0,0,0,food
19d4af36b6a2914b,19d4af36b6a2914b,2026-04-01T21:29:18Z,Sysco Order Mar 25 2026 03:05 PM  - Order Confirmation - LARIAT,confirmation,Sysco Standard Delivery,04488129,04/01/2026,04/01/2026,7078475,Cilantro Bunch Iceless,1/30 CT,IMPERIAL FRESH,1.0,1.0,CS,22.45,,22.45,0,0,0,food
19d4af36b6a2914b,19d4af36b6a2914b,2026-04-01T21:29:18Z,Sysco Order Mar 25 2026 03:05 PM  - Order Confirmation - LARIAT,confirmation,Sysco Standard Delivery,04488129,04/01/2026,04/01/2026,2058881,Chives Fresh Herb,1/1 LB,IMPERIAL FRESH,1.0,1.0,CS,18.55,,18.55,0,0,0,food
19d4af36b6a2914b,19d4af36b6a2914b,2026-04-01T21:29:18Z,Sysco Order Mar 25 2026 03:05 PM  - Order Confirmation - LARIAT,confirmation,Sysco Standard Delivery,04488129,04/01/2026,04/01/2026,1675909,Lettuce Greens Leaf Fresh,4/6 CT,SYSCO/FRESHPOINT NATURAL,1.0,1.0,CS,31.34,,31.34,0,0,0,food
19d4af36b6a2914b,19d4af36b6a2914b,2026-04-01T21:29:18Z,Sysco Order Mar 25 2026 03:05 PM  - Order Confirmation - LARIAT,confirmation,Sysco Standard Delivery,04488129,04/01/2026,04/01/2026,1821537,Garlic Peeled Fresh,4/5LB,IMPERIAL FRESH,1.0,1.0,CS,90.95,,90.95,0,0,0,food
19d4af36b6a2914b,19d4af36b6a2914b,2026-04-01T21:29:18Z,Sysco Order Mar 25 2026 03:05 PM  - Order Confirmation - LARIAT,confirmation,Sysco Standard Delivery,04488129,04/01/2026,04/01/2026,7218368,Shallot Whole Fresh,1/10 LB,IMPERIAL FRESH,1.0,1.0,CS,35.79,,35.79,0,0,0,food
19d4af36b6a2914b,19d4af36b6a2914b,2026-04-01T21:29:18Z,Sysco Order Mar 25 2026 03:05 PM  - Order Confirmation - LARIAT,confirmation,Sysco Standard Delivery,04488129,04/01/2026,04/01/2026,7049597,Mayonnaise Japanese 64 Ounces,4/64 OZ,KEWPIE  ORIENTAL PRODUCT,1.0,1.0,CS,83.59,,83.59,0,0,0,food
19d4af36b6a2914b,19d4af36b6a2914b,2026-04-01T21:29:18Z,Sysco Order Mar 25 2026 03:05 PM  - Order Confirmation - LARIAT,confirmation,Sysco Standard Delivery,04488129,04/01/2026,04/01/2026,1094697,Onions White Jumbo Bag,1/50LB,IMPERIAL FRESH,1.0,1.0,CS,33.95,,33.95,0,0,0,food
19d4af36b6a2914b,19d4af36b6a2914b,2026-04-01T21:29:18Z,Sysco Order Mar 25 2026 03:05 PM  - Order Confirmation - LARIAT,confirmation,Sysco Standard Delivery,04488129,04/01/2026,04/01/2026,2986487,Carrots Sticks Brick Pack,4/5 LB,IMPERIAL FRESH,1.0,1.0,EA,16.01,,16.01,0,0,0,food
19d4af36b6a2914b,19d4af36b6a2914b,2026-04-01T21:29:18Z,Sysco Order Mar 25 2026 03:05 PM  - Order Confirmation - LARIAT,confirmation,Sysco Standard Delivery,04488129,04/01/2026,04/01/2026,4595138,Cleaner Grill And Panini High Temperature,6/32 OZ,ECOLAB,1.0,1.0,CS,162.99,,162.99,0,0,0,non_food
19d4af36b6a2914b,19d4af36b6a2914b,2026-04-01T21:29:18Z,Sysco Order Mar 25 2026 03:05 PM  - Order Confirmation - LARIAT,confirmation,Sysco Standard Delivery,04488129,04/01/2026,04/01/2026,1376805,"Pad Scour Green 6"" X 9"" Antimicrobial",1/20CT,SYSCO SUPPLIES CLASSIC,1.0,1.0,CS,14.85,,14.85,0,0,0,non_food
19d4af36b6a2914b,19d4af36b6a2914b,2026-04-01T21:29:18Z,Sysco Order Mar 25 2026 03:05 PM  - Order Confirmation - LARIAT,confirmation,Sysco Standard Delivery,04488129,04/01/2026,04/01/2026,8378111,Flour All Purpose Hotel & Restaurant Bleached,1/50LB,SYSCO CLASSIC,1.0,1.0,CS,20.49,,20.49,0,0,0,food
19d4af36b6a2914b,19d4af36b6a2914b,2026-04-01T21:29:18Z,Sysco Order Mar 25 2026 03:05 PM  - Order Confirmation - LARIAT,confirmation,Sysco Standard Delivery,04488129,04/01/2026,04/01/2026,6040885,Pasta Cavatappi 100% Durum Wheat Semolina,2/10 LB,PASTA LABELLA,1.0,1.0,CS,33.65,,33.65,0,0,0,food
19d4af36b6a2914b,19d4af36b6a2914b,2026-04-01T21:29:18Z,Sysco Order Mar 25 2026 03:05 PM  - Order Confirmation - LARIAT,confirmation,Sysco Standard Delivery,04488129,04/01/2026,04/01/2026,7435266,Film Pvc 18 Inchx2000 Feet Roll,1/18 IN,SYSCO CLASSIC,1.0,1.0,CS,21.85,,21.85,0,0,0,non_food
19d4af36b6a2914b,19d4af36b6a2914b,2026-04-01T21:29:18Z,Sysco Order Mar 25 2026 03:05 PM  - Order Confirmation - LARIAT,confirmation,Sysco Standard Delivery,04488129,04/01/2026,04/01/2026,3533643,Tomatillo Whole,6/100 OZ,DEL SOL (CANNED),1.0,1.0,CS,36.65,,36.65,0,0,0,food
19d4af36b6a2914b,19d4af36b6a2914b,2026-04-01T21:29:18Z,Sysco Order Mar 25 2026 03:05 PM  - Order Confirmation - LARIAT,confirmation,Sysco Standard Delivery,04488129,04/01/2026,04/01/2026,7887041,Coffee Ground House Blend Bulk,6/2 LB,CITAVO CLASSIC,1.0,1.0,CS,207.95,,207.95,0,0,0,beverage
19d4af36b6a2914b,19d4af36b6a2914b,2026-04-01T21:29:18Z,Sysco Order Mar 25 2026 03:05 PM  - Order Confirmation - LARIAT,confirmation,Sysco Standard Delivery,04488129,04/01/2026,04/01/2026,7258790,Spice Asian Yuzu Kosho Green,2/17.6OZ,YAKAMI ORCHARDS,1.0,1.0,CS,59.84,,59.84,0,0,0,food
19d4af36b6a2914b,19d4af36b6a2914b,2026-04-01T21:29:18Z,Sysco Order Mar 25 2026 03:05 PM  - Order Confirmation - LARIAT,confirmation,Sysco Standard Delivery,14280508,04/01/2026,04/01/2026,5347772,"Pan Dust With Handle Lobby Plastic 13""l",1/EA,WINCO INC,1.0,1.0,CS,19.63,,19.63,1,0,0,non_food
19d4af36b6a2914b,19d4af36b6a2914b,2026-04-01T21:29:18Z,Sysco Order Mar 25 2026 03:05 PM  - Order Confirmation - LARIAT,confirmation,Sold and Shipped by DON,14280508,04/01/2026,04/01/2026,4002408,Mayonnaise Heavy Duty Pail,1/28LB,SYSCO RELIANCE,2.0,2.0,CS,54.1,,108.2,0,0,0,food
19d5f0d57ea66013,19d5f0d57ea66013,2026-04-05T19:10:02Z,Sysco Order Apr 01 2026 05:07 PM  - Order Confirmation - LARIAT,confirmation,Sysco Standard Delivery,04495029,04/05/2026,04/05/2026,3781952,Mitt Oven Beige 17 Inch,2/PAIR,SYSCO SUPPLIES CLASSIC,1.0,1.0,CS,37.95,,37.95,0,0,0,non_food
19d5f0d57ea66013,19d5f0d57ea66013,2026-04-05T19:10:02Z,Sysco Order Apr 01 2026 05:07 PM  - Order Confirmation - LARIAT,confirmation,Sysco Standard Delivery,04495029,04/05/2026,04/05/2026,3554615,"Potato Fry 5/16"" Beer Extra Long",6/5 LB,SYSCO IMPERIAL,2.0,2.0,CS,55.0,,110.0,0,0,0,food
19d5f0d57ea66013,19d5f0d57ea66013,2026-04-05T19:10:02Z,Sysco Order Apr 01 2026 05:07 PM  - Order Confirmation - LARIAT,confirmation,Sysco Standard Delivery,04495029,04/05/2026,04/05/2026,3777570,Bacon Shingle Center-cut 7-9 Per Pound Honey Gas Flushed,1/15#,DAILYS BACON,2.0,2.0,CS,77.95,,155.9,0,0,0,food
19d5f0d57ea66013,19d5f0d57ea66013,2026-04-05T19:10:02Z,Sysco Order Apr 01 2026 05:07 PM  - Order Confirmation - LARIAT,confirmation,Sysco Standard Delivery,04495029,04/05/2026,04/05/2026,2369233,Chicken Wing Steamed Precooked Large,2/5LB,SYSCO CLASSIC,2.0,2.0,CS,46.51,,93.02,0,0,0,food
19d5f0d57ea66013,19d5f0d57ea66013,2026-04-05T19:10:02Z,Sysco Order Apr 01 2026 05:07 PM  - Order Confirmation - LARIAT,confirmation,Sysco Standard Delivery,04495029,04/05/2026,04/05/2026,0226060,Churro Mexican Mini 2 Inch,1/500 CT,HOLA CHURRO,1.0,1.0,CS,80.95,,80.95,0,0,0,food
19d5f0d57ea66013,19d5f0d57ea66013,2026-04-05T19:10:02Z,Sysco Order Apr 01 2026 05:07 PM  - Order Confirmation - LARIAT,confirmation,Sysco Standard Delivery,04495029,04/05/2026,04/05/2026,5934567,Liner Trash 39 Inch X 56 Inch 1.7 Mil Silver Linear Low-density Polyethylene (lldpe),50/55GAL,SYSCO CLASSIC,2.0,2.0,CS,45.95,,91.9,0,0,0,non_food
19d5f0d57ea66013,19d5f0d57ea66013,2026-04-05T19:10:02Z,Sysco Order Apr 01 2026 05:07 PM  - Order Confirmation - LARIAT,confirmation,Sysco Standard Delivery,04495029,04/05/2026,04/05/2026,4692174,Tortilla Flour Pressed 6 Inch,12/24CT,LA BANDERITA,1.0,1.0,CS,28.95,,28.95,0,0,0,food
19d5f0d57ea66013,19d5f0d57ea66013,2026-04-05T19:10:02Z,Sysco Order Apr 01 2026 05:07 PM  - Order Confirmation - LARIAT,confirmation,Sysco Standard Delivery,04495029,04/05/2026,04/05/2026,5913439,Spice Cumin Ground,3/4.5 LB,SYSCO IMPERIAL/MCCORMICK,1.0,1.0,EA,52.9,,52.9,0,0,0,food
19d5f0d57ea66013,19d5f0d57ea66013,2026-04-05T19:10:02Z,Sysco Order Apr 01 2026 05:07 PM  - Order Confirmation - LARIAT,confirmation,Sysco Standard Delivery,04495029,04/05/2026,04/05/2026,5061643,Oil Salad Canola Zero Trans Fat,1/35 LB,SYSCO CLASSIC,1.0,1.0,CS,48.99,,48.99,0,0,0,food
19d5f0d57ea66013,19d5f0d57ea66013,2026-04-05T19:10:02Z,Sysco Order Apr 01 2026 05:07 PM  - Order Confirmation - LARIAT,confirmation,Sysco Standard Delivery,04495029,04/05/2026,04/05/2026,3369347,Sauce Wing Buffalo,4/1 GAL,SWEET BABY RAY'S,1.0,1.0,CS,87.45,,87.45,0,0,0,food
19d5f0d57ea66013,19d5f0d57ea66013,2026-04-05T19:10:02Z,Sysco Order Apr 01 2026 05:07 PM  - Order Confirmation - LARIAT,confirmation,Sysco Standard Delivery,04495029,04/05/2026,04/05/2026,0758401,Bun Hamburger Gluten Free Individually Wrapped,24/1EA,UDI’s Healthy Foods,1.0,1.0,CS,45.49,,45.49,0,0,0,food
19d5f0d57ea66013,19d5f0d57ea66013,2026-04-05T19:10:02Z,Sysco Order Apr 01 2026 05:07 PM  - Order Confirmation - LARIAT,confirmation,Sysco Standard Delivery,04495029,04/05/2026,04/05/2026,7075717,Patty Vegetarian Impossible 1/4 Pound Frozen,40/4 OZ,IMPOSSIBLE FOODS,1.0,1.0,CS,114.59,,114.59,0,0,0,food
19d5f0d57ea66013,19d5f0d57ea66013,2026-04-05T19:10:02Z,Sysco Order Apr 01 2026 05:07 PM  - Order Confirmation - LARIAT,confirmation,Sysco Standard Delivery,04495029,04/05/2026,04/05/2026,9702150,Pretzel Soft Bavarian 7 Oz,10/4 PK,TEXAS TWIST,1.0,1.0,CS,76.99,,76.99,0,0,0,food
19d5f0d57ea66013,19d5f0d57ea66013,2026-04-05T19:10:02Z,Sysco Order Apr 01 2026 05:07 PM  - Order Confirmation - LARIAT,confirmation,Sysco Standard Delivery,04495029,04/05/2026,04/05/2026,6046902,Pork Butt Boneless 1/4 6-9 Pounds Each Fresh,8/6-9#AV,BUTCHERS BLOCK,1.0,1.0,CS,2.155,LB,158.73,0,0,0,food
19d5f0d57ea66013,19d5f0d57ea66013,2026-04-05T19:10:02Z,Sysco Order Apr 01 2026 05:07 PM  - Order Confirmation - LARIAT,confirmation,Sysco Standard Delivery,04495029,04/05/2026,04/05/2026,8071803,Pangasius Fillet Iqf 7-9 Ounce,1/15 LB,PORTICO IMPERIAL,2.0,2.0,CS,44.89,,89.78,0,0,0,food
19d5f0d57ea66013,19d5f0d57ea66013,2026-04-05T19:10:02Z,Sysco Order Apr 01 2026 05:07 PM  - Order Confirmation - LARIAT,confirmation,Sysco Standard Delivery,04495029,04/05/2026,04/05/2026,7005009,Chile Green Hatch Diced Mild,5/5LB,YOUNG GUNS PRODUCE,1.0,1.0,CS,53.95,,53.95,0,0,0,food
19d5f0d57ea66013,19d5f0d57ea66013,2026-04-05T19:10:02Z,Sysco Order Apr 01 2026 05:07 PM  - Order Confirmation - LARIAT,confirmation,Sysco Standard Delivery,04495029,04/05/2026,04/05/2026,9448986,Beef Cheek Meat,1/30 LB,PACKER,2.0,2.0,CS,4.876,LB,288.51,0,0,0,food
19d5f0d57ea66013,19d5f0d57ea66013,2026-04-05T19:10:02Z,Sysco Order Apr 01 2026 05:07 PM  - Order Confirmation - LARIAT,confirmation,Sysco Standard Delivery,04495029,04/05/2026,04/05/2026,7585326,"Bread Sourdough Thick Sliced .75""",6/32 OZ,ROTELLA,1.0,1.0,CS,38.99,,38.99,0,0,0,food
19d5f0d57ea66013,19d5f0d57ea66013,2026-04-05T19:10:02Z,Sysco Order Apr 01 2026 05:07 PM  - Order Confirmation - LARIAT,confirmation,Sysco Standard Delivery,04495029,04/05/2026,04/05/2026,6935464,Cream Heavy 40% Extended Shelf Life Stabilized,12/32OZ,WHOLESOME FARMS CLASSIC,1.0,1.0,CS,53.63,,53.63,0,0,0,food
19d5f0d57ea66013,19d5f0d57ea66013,2026-04-05T19:10:02Z,Sysco Order Apr 01 2026 05:07 PM  - Order Confirmation - LARIAT,confirmation,Sysco Standard Delivery,04495029,04/05/2026,04/05/2026,3029614,Butter Clarified 4-5#,4/5 LB,WHOLESOME FARMS CLASSIC,1.0,1.0,CS,105.95,,105.95,0,0,0,food
19d5f0d57ea66013,19d5f0d57ea66013,2026-04-05T19:10:02Z,Sysco Order Apr 01 2026 05:07 PM  - Order Confirmation - LARIAT,confirmation,Sysco Standard Delivery,04495029,04/05/2026,04/05/2026,2058881,Chives Fresh Herb,1/1 LB,IMPERIAL FRESH,1.0,1.0,CS,18.55,,18.55,0,0,0,food
19d5f0d57ea66013,19d5f0d57ea66013,2026-04-05T19:10:02Z,Sysco Order Apr 01 2026 05:07 PM  - Order Confirmation - LARIAT,confirmation,Sysco Standard Delivery,04495029,04/05/2026,04/05/2026,4685614,Glove Nitrile Foodservice Powder-free Black Large,10/100CT,SYSCO CLASSIC,1.0,1.0,CS,43.99,,43.99,0,0,0,non_food
19d5f0d57ea66013,19d5f0d57ea66013,2026-04-05T19:10:02Z,Sysco Order Apr 01 2026 05:07 PM  - Order Confirmation - LARIAT,confirmation,Sysco Standard Delivery,04495029,04/05/2026,04/05/2026,4685621,Glove Nitrile Foodservice Powder-free Black Extra-large,10/100CT,SYSCO CLASSIC,1.0,1.0,CS,43.99,,43.99,0,0,0,non_food
19d5f0d57ea66013,19d5f0d57ea66013,2026-04-05T19:10:02Z,Sysco Order Apr 01 2026 05:07 PM  - Order Confirmation - LARIAT,confirmation,Sysco Standard Delivery,04495029,04/05/2026,04/05/2026,2916452,Drink Energy,24/12 OZ,RED BULL,1.0,1.0,CS,62.0,,62.0,0,0,0,beverage
19d5f0d57ea66013,19d5f0d57ea66013,2026-04-05T19:10:02Z,Sysco Order Apr 01 2026 05:07 PM  - Order Confirmation - LARIAT,confirmation,Sysco Standard Delivery,04495029,04/05/2026,04/05/2026,1094697,Onions White Jumbo Bag,1/50LB,IMPERIAL FRESH,1.0,1.0,CS,33.49,,33.49,0,0,0,food
19d5f0d57ea66013,19d5f0d57ea66013,2026-04-05T19:10:02Z,Sysco Order Apr 01 2026 05:07 PM  - Order Confirmation - LARIAT,confirmation,Sysco Standard Delivery,04495032,04/05/2026,04/05/2026,7224680,Chicken Leg Whole,4/5 LB,RED BIRD INC (POULTRY),1.0,1.0,CS,2.899,LB,62.91,0,0,0,food
19d92add86b7b404,19d92add86b7b404,2026-04-15T19:45:59Z,Sysco Order #04517303 - Order Allocated - LARIAT,allocated,Sysco Standard Delivery,04517303,04/15/2026,04/16/2026,1185545,Ginger Root Fresh,1/5 LB,IMPERIAL FRESH,1.0,1.0,CS,25.55,,25.55,0,0,0,food
19d92add86b7b404,19d92add86b7b404,2026-04-15T19:45:59Z,Sysco Order #04517303 - Order Allocated - LARIAT,allocated,Sysco Standard Delivery,04517303,04/15/2026,04/16/2026,6040885,Pasta Cavatappi 100% Durum Wheat Semolina,2/10 LB,PASTA LABELLA,1.0,1.0,CS,33.65,,33.65,0,0,0,food
19d92add86b7b404,19d92add86b7b404,2026-04-15T19:45:59Z,Sysco Order #04517303 - Order Allocated - LARIAT,allocated,Sysco Standard Delivery,04517303,04/15/2026,04/16/2026,1132040,Lettuce Fresh Tender Greens,4/3 LB,IMPERIAL FRESH,1.0,1.0,CS,34.19,,34.19,0,0,0,food
19d92add86b7b404,19d92add86b7b404,2026-04-15T19:45:59Z,Sysco Order #04517303 - Order Allocated - LARIAT,allocated,Sysco Standard Delivery,04517303,04/15/2026,04/16/2026,4566873,Mix Cornbread Homestyle Complete,6/5 LB,KRUSTEAZ,1.0,1.0,CS,87.95,,87.95,0,0,0,food
19d92add86b7b404,19d92add86b7b404,2026-04-15T19:45:59Z,Sysco Order #04517303 - Order Allocated - LARIAT,allocated,Sysco Standard Delivery,04517303,04/15/2026,04/16/2026,8379251,Flour All Purpose Hotel & Restaurant Bleached,1/25LB,SYSCO CLASSIC,1.0,1.0,CS,11.55,,11.55,0,0,0,food
19d92add86b7b404,19d92add86b7b404,2026-04-15T19:45:59Z,Sysco Order #04517303 - Order Allocated - LARIAT,allocated,Sysco Standard Delivery,04517303,04/15/2026,04/16/2026,5134365,Egg Breakfast Blend Scramble Mix Cgfr,15/2 LB,WHOLESOME FARMS IMPERIAL,1.0,1.0,CS,80.95,,80.95,0,0,0,food
19d92add86b7b404,19d92add86b7b404,2026-04-15T19:45:59Z,Sysco Order #04517303 - Order Allocated - LARIAT,allocated,Sysco Standard Delivery,04517303,04/15/2026,04/16/2026,5070743,Egg Shell Extra Large White A Cage Free,1/15 DZ,EGGS AMERICA,1.0,1.0,CS,12.59,,12.59,0,0,0,food
19d92add86b7b404,19d92add86b7b404,2026-04-15T19:45:59Z,Sysco Order #04517303 - Order Allocated - LARIAT,allocated,Sysco Standard Delivery,04517303,04/15/2026,04/16/2026,7181814,Sausage Chorizo Bulk Raw,2/7 LB,Polidori,1.0,1.0,CS,73.78,,73.78,0,0,0,food
19d92add86b7b404,19d92add86b7b404,2026-04-15T19:45:59Z,Sysco Order #04517303 - Order Allocated - LARIAT,allocated,Sysco Standard Delivery,04517303,04/15/2026,04/16/2026,6395974,Asparagus Jumbo,1/11 LB,PROPACK,1.0,1.0,CS,52.55,,52.55,0,0,0,food
19d92add86b7b404,19d92add86b7b404,2026-04-15T19:45:59Z,Sysco Order #04517303 - Order Allocated - LARIAT,allocated,Sysco Standard Delivery,04517303,04/15/2026,04/16/2026,7064457,Container Mfpp 1c Hng 6x6 White,4/100 CT,EARTH PLUS,1.0,1.0,CS,39.0,,39.0,0,0,0,non_food
19d92add86b7b404,19d92add86b7b404,2026-04-15T19:45:59Z,Sysco Order #04517303 - Order Allocated - LARIAT,allocated,Sysco Standard Delivery,04517303,04/15/2026,04/16/2026,7337035,Bag Plastic T Shirt 11.5x6.5x21 Thank You,1/1000CT,SYSCO CLASSIC,1.0,1.0,CS,24.99,,24.99,0,0,0,non_food
19d92add86b7b404,19d92add86b7b404,2026-04-15T19:45:59Z,Sysco Order #04517303 - Order Allocated - LARIAT,allocated,Sysco Standard Delivery,04517303,04/15/2026,04/16/2026,5424254,Trout Rainbow Whole Boned Pin Bone Out 10 Oz Chl,1/10 LB,PORTICO SIMPLY,1.0,1.0,CS,91.95,,91.95,0,0,0,food
19d92add86b7b404,19d92add86b7b404,2026-04-15T19:45:59Z,Sysco Order #04517303 - Order Allocated - LARIAT,allocated,Sysco Standard Delivery,04517303,04/15/2026,04/16/2026,9903289,Cilantro Fresh Iceless,1/60 CT,IMPERIAL FRESH,1.0,1.0,CS,24.99,,24.99,0,0,0,food
19d92add86b7b404,19d92add86b7b404,2026-04-15T19:45:59Z,Sysco Order #04517303 - Order Allocated - LARIAT,allocated,Sysco Standard Delivery,04517303,04/15/2026,04/16/2026,9230970,Avocado Hass Breaking Fresh #2,1/48 CT,PROPACK,1.0,1.0,CS,42.89,,42.89,0,0,0,food
19d92add86b7b404,19d92add86b7b404,2026-04-15T19:45:59Z,Sysco Order #04517303 - Order Allocated - LARIAT,allocated,Sysco Standard Delivery,04517303,04/15/2026,04/16/2026,2058881,Chives Fresh Herb,1/1 LB,IMPERIAL FRESH,1.0,1.0,CS,18.55,,18.55,0,0,0,food
19d92add86b7b404,19d92add86b7b404,2026-04-15T19:45:59Z,Sysco Order #04517303 - Order Allocated - LARIAT,allocated,Sysco Standard Delivery,04517303,04/15/2026,04/16/2026,5934567,Liner Trash 39 Inch X 56 Inch 1.7 Mil Silver Linear Low-density Polyethylene (lldpe),50/55GAL,SYSCO CLASSIC,1.0,1.0,CS,45.95,,45.95,0,0,0,non_food
19d92add86b7b404,19d92add86b7b404,2026-04-15T19:45:59Z,Sysco Order #04517303 - Order Allocated - LARIAT,allocated,Sysco Standard Delivery,04517303,04/15/2026,04/16/2026,3777570,Bacon Shingle Center-cut 7-9 Per Pound Honey Gas Flushed,1/15#,DAILYS BACON,1.0,1.0,CS,76.99,,76.99,0,0,0,food
19d92add86b7b404,19d92add86b7b404,2026-04-15T19:45:59Z,Sysco Order #04517303 - Order Allocated - LARIAT,allocated,Sysco Standard Delivery,04517303,04/15/2026,04/16/2026,1094697,Onions White Jumbo Bag,1/50LB,IMPERIAL FRESH,1.0,1.0,CS,34.95,,34.95,0,0,0,food
19d92add86b7b404,19d92add86b7b404,2026-04-15T19:45:59Z,Sysco Order #04517303 - Order Allocated - LARIAT,allocated,Sysco Standard Delivery,04517303,04/15/2026,04/16/2026,4002408,Mayonnaise Heavy Duty Pail,1/28LB,SYSCO RELIANCE,1.0,1.0,CS,54.1,,54.1,0,0,0,food
19da78c02624fb32,19da78c02624fb32,2026-04-19T21:01:03Z,Sysco Order Apr 18 2026 09:04 PM  - Order Confirmation - LARIAT,confirmation,Sysco Standard Delivery,04524906,04/19/2026,04/19/2026,1185545,Ginger Root Fresh,1/5 LB,IMPERIAL FRESH,1.0,1.0,CS,24.41,,24.41,0,0,0,food
19da78c02624fb32,19da78c02624fb32,2026-04-19T21:01:03Z,Sysco Order Apr 18 2026 09:04 PM  - Order Confirmation - LARIAT,confirmation,Sysco Standard Delivery,04524906,04/19/2026,04/19/2026,2004810,Rosemary Fresh Herb,1/4 OZ,IMPERIAL FRESH,1.0,1.0,CS,8.99,,8.99,0,0,0,food
19da78c02624fb32,19da78c02624fb32,2026-04-19T21:01:03Z,Sysco Order Apr 18 2026 09:04 PM  - Order Confirmation - LARIAT,confirmation,Sysco Standard Delivery,04524906,04/19/2026,04/19/2026,1008663,Tomato 2 Layer 5x6 Fresh,1/60 CT,IMPERIAL FRESH,2.0,2.0,CS,98.95,,197.9,0,0,0,food
19da78c02624fb32,19da78c02624fb32,2026-04-19T21:01:03Z,Sysco Order Apr 18 2026 09:04 PM  - Order Confirmation - LARIAT,confirmation,Sysco Standard Delivery,04524906,04/19/2026,04/19/2026,2005262,Thyme Fresh Herb,1/4 OZ,IMPERIAL FRESH,1.0,1.0,CS,8.85,,8.85,0,0,0,food
19da78c02624fb32,19da78c02624fb32,2026-04-19T21:01:03Z,Sysco Order Apr 18 2026 09:04 PM  - Order Confirmation - LARIAT,confirmation,Sysco Standard Delivery,04524906,04/19/2026,04/19/2026,2004968,Tarragon Fresh Herb,1/4 OZ,IMPERIAL FRESH,1.0,1.0,CS,7.79,,7.79,0,0,0,food
19da78c02624fb32,19da78c02624fb32,2026-04-19T21:01:03Z,Sysco Order Apr 18 2026 09:04 PM  - Order Confirmation - LARIAT,confirmation,Sysco Standard Delivery,04524906,04/19/2026,04/19/2026,1675701,Cabbage Green Shredded Fresh In Bag,4/5 LB,IMPERIAL FRESH,1.0,1.0,CS,25.69,,25.69,0,0,0,food
19da78c02624fb32,19da78c02624fb32,2026-04-19T21:01:03Z,Sysco Order Apr 18 2026 09:04 PM  - Order Confirmation - LARIAT,confirmation,Sysco Standard Delivery,04524906,04/19/2026,04/19/2026,1121169,Celery Fresh,1/36CT,IMPERIAL FRESH,1.0,1.0,CS,47.99,,47.99,0,0,0,food
19da78c02624fb32,19da78c02624fb32,2026-04-19T21:01:03Z,Sysco Order Apr 18 2026 09:04 PM  - Order Confirmation - LARIAT,confirmation,Sysco Standard Delivery,04524906,04/19/2026,04/19/2026,1675719,Cabbage Red Shredded Fresh,4/5 LB,IMPERIAL FRESH,1.0,1.0,CS,49.99,,49.99,0,0,0,food
19da78c02624fb32,19da78c02624fb32,2026-04-19T21:01:03Z,Sysco Order Apr 18 2026 09:04 PM  - Order Confirmation - LARIAT,confirmation,Sysco Standard Delivery,04524906,04/19/2026,04/19/2026,4002408,Mayonnaise Heavy Duty Pail,1/28LB,SYSCO RELIANCE,2.0,2.0,CS,54.1,,108.2,0,0,0,food
19da78c02624fb32,19da78c02624fb32,2026-04-19T21:01:03Z,Sysco Order Apr 18 2026 09:04 PM  - Order Confirmation - LARIAT,confirmation,Sysco Standard Delivery,04524906,04/19/2026,04/19/2026,2916452,Drink Energy,24/12 OZ,RED BULL,1.0,1.0,CS,62.0,,62.0,0,0,0,beverage
19da78c02624fb32,19da78c02624fb32,2026-04-19T21:01:03Z,Sysco Order Apr 18 2026 09:04 PM  - Order Confirmation - LARIAT,confirmation,Sysco Standard Delivery,04524906,04/19/2026,04/19/2026,4944450,Soup Base Chicken Real,6/1LB,SYSCO IMPERIAL,1.0,1.0,CS,45.28,,45.28,0,0,0,food
19da78c02624fb32,19da78c02624fb32,2026-04-19T21:01:03Z,Sysco Order Apr 18 2026 09:04 PM  - Order Confirmation - LARIAT,confirmation,Sysco Standard Delivery,04524906,04/19/2026,04/19/2026,1675909,Lettuce Greens Leaf Fresh,4/6 CT,SYSCO/FRESHPOINT NATURAL,1.0,1.0,CS,33.2,,33.2,0,0,0,food
19da78c02624fb32,19da78c02624fb32,2026-04-19T21:01:03Z,Sysco Order Apr 18 2026 09:04 PM  - Order Confirmation - LARIAT,confirmation,Sysco Standard Delivery,04524906,04/19/2026,04/19/2026,7134591,Cucumber English Medium Seedless 12 Count,1/12CT,IMPERIAL FRESH,1.0,1.0,CS,18.65,,18.65,0,0,0,food
19da78c02624fb32,19da78c02624fb32,2026-04-19T21:01:03Z,Sysco Order Apr 18 2026 09:04 PM  - Order Confirmation - LARIAT,confirmation,Sysco Standard Delivery,04524906,04/19/2026,04/19/2026,1185156,Pepper Jalapeno Fresh,1/5 LB,IMPERIAL FRESH,1.0,1.0,CS,17.23,,17.23,0,0,0,food
19da78c02624fb32,19da78c02624fb32,2026-04-19T21:01:03Z,Sysco Order Apr 18 2026 09:04 PM  - Order Confirmation - LARIAT,confirmation,Sysco Standard Delivery,04524906,04/19/2026,04/19/2026,2004992,Tarragon Fresh Herb,1/1 LB,IMPERIAL FRESH,1.0,1.0,CS,19.55,,19.55,0,0,0,food
19da78c02624fb32,19da78c02624fb32,2026-04-19T21:01:03Z,Sysco Order Apr 18 2026 09:04 PM  - Order Confirmation - LARIAT,confirmation,Sysco Standard Delivery,04524906,04/19/2026,04/19/2026,7637430,Cleaner Bowl Phosphoric Acid 20% Ready To Use,6/32OZ,KEYSTONE PRODUCTS,1.0,1.0,CS,60.69,,60.69,0,0,0,non_food
19da78c02624fb32,19da78c02624fb32,2026-04-19T21:01:03Z,Sysco Order Apr 18 2026 09:04 PM  - Order Confirmation - LARIAT,confirmation,Sysco Standard Delivery,04524906,04/19/2026,04/19/2026,4685621,Glove Nitrile Foodservice Powder-free Black Extra-large,10/100CT,SYSCO CLASSIC,1.0,1.0,CS,43.99,,43.99,0,0,0,non_food
19da78c02624fb32,19da78c02624fb32,2026-04-19T21:01:03Z,Sysco Order Apr 18 2026 09:04 PM  - Order Confirmation - LARIAT,confirmation,Sysco Standard Delivery,04524906,04/19/2026,04/19/2026,2058881,Chives Fresh Herb,1/1 LB,IMPERIAL FRESH,1.0,1.0,CS,18.55,,18.55,0,0,0,food
19da78c02624fb32,19da78c02624fb32,2026-04-19T21:01:03Z,Sysco Order Apr 18 2026 09:04 PM  - Order Confirmation - LARIAT,confirmation,Sysco Standard Delivery,04524906,04/19/2026,04/19/2026,8071803,Pangasius Fillet Iqf 7-9 Ounce,1/15 LB,PORTICO IMPERIAL,1.0,1.0,CS,44.95,,44.95,0,0,0,food
19da78c02624fb32,19da78c02624fb32,2026-04-19T21:01:03Z,Sysco Order Apr 18 2026 09:04 PM  - Order Confirmation - LARIAT,confirmation,Sysco Standard Delivery,04524906,04/19/2026,04/19/2026,3554615,"Potato Fry 5/16"" Beer Extra Long",6/5 LB,SYSCO PREMIUM,2.0,2.0,CS,55.0,,110.0,0,0,0,food
19da78c02624fb32,19da78c02624fb32,2026-04-19T21:01:03Z,Sysco Order Apr 18 2026 09:04 PM  - Order Confirmation - LARIAT,confirmation,Sysco Standard Delivery,04524906,04/19/2026,04/19/2026,1094697,Onions White Jumbo Bag,1/50LB,IMPERIAL FRESH,1.0,1.0,CS,42.79,,42.79,0,0,0,food
19da78c02624fb32,19da78c02624fb32,2026-04-19T21:01:03Z,Sysco Order Apr 18 2026 09:04 PM  - Order Confirmation - LARIAT,confirmation,Sysco Standard Delivery,04524906,04/19/2026,04/19/2026,6935464,Cream Heavy 40% Extended Shelf Life Stabilized,12/32OZ,WHOLESOME FARMS CLASSIC,1.0,1.0,CS,53.63,,53.63,0,0,0,food
19da78c02624fb32,19da78c02624fb32,2026-04-19T21:01:03Z,Sysco Order Apr 18 2026 09:04 PM  - Order Confirmation - LARIAT,confirmation,Sysco Standard Delivery,04524906,04/19/2026,04/19/2026,7210310,Buttermilk Whole Qt,12/1 QT,MEADOW GOLD,1.0,1.0,CS,34.6,,34.6,0,0,0,food
19da78c02624fb32,19da78c02624fb32,2026-04-19T21:01:03Z,Sysco Order Apr 18 2026 09:04 PM  - Order Confirmation - LARIAT,confirmation,Sysco Standard Delivery,04524906,04/19/2026,04/19/2026,3777570,Bacon Shingle Center-cut 7-9 Per Pound Honey Gas Flushed,1/15#,DAILYS BACON,1.0,1.0,CS,76.99,,76.99,0,0,0,food
19da78c02624fb32,19da78c02624fb32,2026-04-19T21:01:03Z,Sysco Order Apr 18 2026 09:04 PM  - Order Confirmation - LARIAT,confirmation,Sysco Standard Delivery,14302519,04/19/2026,04/19/2026,7164959,Container Compostable Clamshell 9 X 9 No Pfas,200/9X9,TELLUS PAPER,1.0,1.0,CS,77.26,,77.26,1,0,0,non_food
19db70d7f2f0ecab,19db70d7f2f0ecab,2026-04-22T21:16:47Z,Sysco Order #04532316 - Order Allocated - LARIAT,allocated,Sysco Standard Delivery,04532316,04/22/2026,04/23/2026,9516907,Lettuce Spring Mix Sweet Pillow,1/3 LB,IMPERIAL FRESH,3.0,3.0,CS,12.91,,38.73,0,0,0,food
19db70d7f2f0ecab,19db70d7f2f0ecab,2026-04-22T21:16:47Z,Sysco Order #04532316 - Order Allocated - LARIAT,allocated,Sysco Standard Delivery,04532316,04/22/2026,04/23/2026,7459830,Beef Ground Patty Special Blend,30/7 OZ,BUCKHEAD PRIDE/ NEWPORT PRIDE,1.0,1.0,CS,93.95,,93.95,0,0,0,food
19db70d7f2f0ecab,19db70d7f2f0ecab,2026-04-22T21:16:47Z,Sysco Order #04532316 - Order Allocated - LARIAT,allocated,Sysco Standard Delivery,04532316,04/22/2026,04/23/2026,4676306,Milk Whole Gallon,4/1 GAL,WHOLESOME FARMS CLASSIC,1.0,1.0,CS,20.33,,20.33,0,0,0,food
19db70d7f2f0ecab,19db70d7f2f0ecab,2026-04-22T21:16:47Z,Sysco Order #04532316 - Order Allocated - LARIAT,allocated,Sysco Standard Delivery,04532316,04/22/2026,04/23/2026,1491552,"Bun Brioche 4.5""",8/10CT,TURANO,1.0,1.0,CS,59.76,,59.76,0,0,0,food
19db70d7f2f0ecab,19db70d7f2f0ecab,2026-04-22T21:16:47Z,Sysco Order #04532316 - Order Allocated - LARIAT,allocated,Sysco Standard Delivery,04532316,04/22/2026,04/23/2026,7085140,Corn Yellow Roasted Blend,6/2.5LB,SYSCO IMPERIAL,1.0,1.0,CS,51.89,,51.89,0,0,0,food
19db70d7f2f0ecab,19db70d7f2f0ecab,2026-04-22T21:16:47Z,Sysco Order #04532316 - Order Allocated - LARIAT,allocated,Sysco Standard Delivery,04532316,04/22/2026,04/23/2026,2406189,Cheese Cheddar Jack Fancy Shredded,4/5LB,CASA SOLANA IMPERIAL,1.0,1.0,CS,60.21,,60.21,0,0,0,food
19db70d7f2f0ecab,19db70d7f2f0ecab,2026-04-22T21:16:47Z,Sysco Order #04532316 - Order Allocated - LARIAT,allocated,Sysco Standard Delivery,04532316,04/22/2026,04/23/2026,2986487,Carrots Sticks Brick Pack,4/5 LB,IMPERIAL FRESH,1.0,1.0,CS,54.67,,54.67,0,0,0,food
19db70d7f2f0ecab,19db70d7f2f0ecab,2026-04-22T21:16:47Z,Sysco Order #04532316 - Order Allocated - LARIAT,allocated,Sysco Standard Delivery,04532316,04/22/2026,04/23/2026,5934567,Liner Trash 39 Inch X 56 Inch 1.7 Mil Silver Linear Low-density Polyethylene (lldpe),50/55GAL,SYSCO CLASSIC,1.0,1.0,CS,45.95,,45.95,0,0,0,non_food
19db70d7f2f0ecab,19db70d7f2f0ecab,2026-04-22T21:16:47Z,Sysco Order #04532316 - Order Allocated - LARIAT,allocated,Sysco Standard Delivery,04532316,04/22/2026,04/23/2026,8379251,Flour All Purpose Hotel & Restaurant Bleached,1/25LB,SYSCO CLASSIC,1.0,1.0,CS,11.75,,11.75,0,0,0,food
19dcb9677a62b368,19dcb9677a62b368,2026-04-26T20:58:48Z,Sysco Order #04539197 - Order Allocated - LARIAT,allocated,Sysco Standard Delivery,04539197,04/26/2026,04/27/2026,6438545,Bacon Layflat Hickory Smoked #2,1/15LB,RANCH & GRILL,2.0,2.0,CS,49.55,,99.1,0,0,0,food
19dcb9677a62b368,19dcb9677a62b368,2026-04-26T20:58:48Z,Sysco Order #04539197 - Order Allocated - LARIAT,allocated,Sysco Standard Delivery,04539197,04/26/2026,04/27/2026,7459830,Beef Ground Patty Special Blend,30/7 OZ,BUCKHEAD PRIDE/ NEWPORT PRIDE,2.0,2.0,CS,93.95,,187.9,0,0,0,food
19dcb9677a62b368,19dcb9677a62b368,2026-04-26T20:58:48Z,Sysco Order #04539197 - Order Allocated - LARIAT,allocated,Sysco Standard Delivery,04539197,04/26/2026,04/27/2026,1491552,"Bun Brioche 4.5""",8/10CT,TURANO,2.0,2.0,CS,59.76,,119.52,0,0,0,food
19dcb9677a62b368,19dcb9677a62b368,2026-04-26T20:58:48Z,Sysco Order #04539197 - Order Allocated - LARIAT,allocated,Sysco Standard Delivery,04539197,04/26/2026,04/27/2026,2986487,Carrots Sticks Brick Pack,4/5 LB,IMPERIAL FRESH,1.0,1.0,CS,54.67,,54.67,0,0,0,food
19dcb9677a62b368,19dcb9677a62b368,2026-04-26T20:58:48Z,Sysco Order #04539197 - Order Allocated - LARIAT,allocated,Sysco Standard Delivery,04539197,04/26/2026,04/27/2026,2406189,Cheese Cheddar Jack Fancy Shredded,4/5LB,CASA SOLANA IMPERIAL,1.0,1.0,CS,60.21,,60.21,0,0,0,food
19dcb9677a62b368,19dcb9677a62b368,2026-04-26T20:58:48Z,Sysco Order #04539197 - Order Allocated - LARIAT,allocated,Sysco Standard Delivery,04539197,04/26/2026,04/27/2026,2369233,Chicken Wing Steamed Precooked Large,2/5LB,SYSCO CLASSIC,2.0,2.0,CS,47.86,,95.72,0,0,0,food
19dcb9677a62b368,19dcb9677a62b368,2026-04-26T20:58:48Z,Sysco Order #04539197 - Order Allocated - LARIAT,allocated,Sysco Standard Delivery,04539197,04/26/2026,04/27/2026,5934567,Liner Trash 39 Inch X 56 Inch 1.7 Mil Silver Linear Low-density Polyethylene (lldpe),50/55GAL,SYSCO CLASSIC,2.0,2.0,CS,45.95,,91.9,0,0,0,non_food
19dcb9677a62b368,19dcb9677a62b368,2026-04-26T20:58:48Z,Sysco Order #04539197 - Order Allocated - LARIAT,allocated,Sysco Standard Delivery,04539197,04/26/2026,04/27/2026,4676306,Milk Whole Gallon,4/1 GAL,WHOLESOME FARMS CLASSIC,1.0,1.0,CS,20.33,,20.33,0,0,0,food
19dcb9677a62b368,19dcb9677a62b368,2026-04-26T20:58:48Z,Sysco Order #04539197 - Order Allocated - LARIAT,allocated,Sysco Standard Delivery,04539197,04/26/2026,04/27/2026,7210310,Buttermilk Whole Qt,12/1 QT,MEADOW GOLD,1.0,1.0,CS,34.6,,34.6,0,0,0,food
19dcb9677a62b368,19dcb9677a62b368,2026-04-26T20:58:48Z,Sysco Order #04539197 - Order Allocated - LARIAT,allocated,Sysco Standard Delivery,04539197,04/26/2026,04/27/2026,4685621,Glove Nitrile Foodservice Powder-free Black Extra-large,10/100CT,SYSCO CLASSIC,1.0,1.0,CS,43.99,,43.99,0,0,0,non_food
19dcb9677a62b368,19dcb9677a62b368,2026-04-26T20:58:48Z,Sysco Order #04539197 - Order Allocated - LARIAT,allocated,Sysco Standard Delivery,04539197,04/26/2026,04/27/2026,1008663,Tomato 2 Layer 5x6 Fresh,1/60 CT,IMPERIAL FRESH,1.0,1.0,CS,101.78,,101.78,0,0,0,food
19dcb9677a62b368,19dcb9677a62b368,2026-04-26T20:58:48Z,Sysco Order #04539197 - Order Allocated - LARIAT,allocated,Sysco Standard Delivery,04539197,04/26/2026,04/27/2026,3554615,"Potato Fry 5/16"" Beer Extra Long",6/5 LB,SYSCO PREMIUM,4.0,4.0,CS,55.0,,220.0,0,0,0,food
19dcb9677a62b368,19dcb9677a62b368,2026-04-26T20:58:48Z,Sysco Order #04539197 - Order Allocated - LARIAT,allocated,Sysco Standard Delivery,04539197,04/26/2026,04/27/2026,9448986,Beef Cheek Meat,1/30 LB,PACKER,1.0,1.0,CS,5.01,LB,148.22,0,0,0,food
19dcb9677a62b368,19dcb9677a62b368,2026-04-26T20:58:48Z,Sysco Order #04539197 - Order Allocated - LARIAT,allocated,Sysco Standard Delivery,04539197,04/26/2026,04/27/2026,5661143,Tomato Cherry Heirloom Mix,12/.5 PTS,PACKER,1.0,1.0,CS,65.95,,65.95,0,0,0,food
19dcb9677a62b368,19dcb9677a62b368,2026-04-26T20:58:48Z,Sysco Order #04539197 - Order Allocated - LARIAT,allocated,Sysco Standard Delivery,04539197,04/26/2026,04/27/2026,2916452,Drink Energy,24/12 OZ,RED BULL,1.0,1.0,CS,62.0,,62.0,0,0,0,beverage
19defb03bc2ecfec,19defb03bc2ecfec,2026-05-03T21:13:16Z,Sysco Order #04553681 - Order Allocated - LARIAT,allocated,Sysco Standard Delivery,04553681,05/03/2026,05/04/2026,4692174,Tortilla Flour Pressed 6 Inch,12/24CT,LA BANDERITA,1.0,1.0,CS,28.99,,28.99,0,0,0,food
19defb03bc2ecfec,19defb03bc2ecfec,2026-05-03T21:13:16Z,Sysco Order #04553681 - Order Allocated - LARIAT,allocated,Sysco Standard Delivery,04553681,05/03/2026,05/04/2026,5661467,Spice Pepper Black Shaker Ground,3/5 LB,SYSCO IMPERIAL/MCCORMICK,1.0,1.0,CS,298.77,,298.77,0,0,0,food
19defb03bc2ecfec,19defb03bc2ecfec,2026-05-03T21:13:16Z,Sysco Order #04553681 - Order Allocated - LARIAT,allocated,Sysco Standard Delivery,04553681,05/03/2026,05/04/2026,5847011,Oil Olive Pomace Tin,3/1GAL,ARREZZIO CLASSIC,1.0,1.0,CS,88.04,,88.04,0,0,0,food
19defb03bc2ecfec,19defb03bc2ecfec,2026-05-03T21:13:16Z,Sysco Order #04553681 - Order Allocated - LARIAT,allocated,Sysco Standard Delivery,04553681,05/03/2026,05/04/2026,1491552,"Bun Brioche 4.5""",8/10CT,TURANO,2.0,2.0,CS,59.76,,119.52,0,0,0,food
19defb03bc2ecfec,19defb03bc2ecfec,2026-05-03T21:13:16Z,Sysco Order #04553681 - Order Allocated - LARIAT,allocated,Sysco Standard Delivery,04553681,05/03/2026,05/04/2026,4776161,Eggshell Medium White Aa Cage Free 15 Dozen,1/15 DZ,EGGS AMERICA,3.0,3.0,CS,6.95,,20.85,0,0,0,food
19dfef3bac4674b2,19dfef3bac4674b2,2026-05-06T20:21:17Z,Sysco Order #04560816 - Order Allocated - LARIAT,allocated,Sysco Standard Delivery,04560816,05/06/2026,05/07/2026,5424254,Trout Rainbow Whole Boned Pin Bone Out 10 Oz Chl,1/10 LB,PORTICO SIMPLY,2.0,2.0,CS,92.99,,185.98,0,0,0,food
19dfef3bac4674b2,19dfef3bac4674b2,2026-05-06T20:21:17Z,Sysco Order #04560816 - Order Allocated - LARIAT,allocated,Sysco Standard Delivery,04560816,05/06/2026,05/07/2026,9903289,Cilantro Fresh Iceless,1/60 CT,IMPERIAL FRESH,1.0,1.0,CS,23.89,,23.89,0,0,0,food
19dfef3bac4674b2,19dfef3bac4674b2,2026-05-06T20:21:17Z,Sysco Order #04560816 - Order Allocated - LARIAT,allocated,Sysco Standard Delivery,04560816,05/06/2026,05/07/2026,1094663,Onion Red Jumbo Bag,1/25LB,IMPERIAL FRESH,1.0,1.0,CS,22.49,,22.49,0,0,0,food
19dfef3bac4674b2,19dfef3bac4674b2,2026-05-06T20:21:17Z,Sysco Order #04560816 - Order Allocated - LARIAT,allocated,Sysco Standard Delivery,04560816,05/06/2026,05/07/2026,2406189,Cheese Cheddar Jack Fancy Shredded,4/5LB,CASA SOLANA IMPERIAL,1.0,1.0,CS,60.21,,60.21,0,0,0,food
19dfef3bac4674b2,19dfef3bac4674b2,2026-05-06T20:21:17Z,Sysco Order #04560816 - Order Allocated - LARIAT,allocated,Sysco Standard Delivery,04560816,05/06/2026,05/07/2026,7134591,Cucumber English Medium Seedless 12 Count,1/12CT,IMPERIAL FRESH,1.0,1.0,CS,18.65,,18.65,0,0,0,food
19dfef3bac4674b2,19dfef3bac4674b2,2026-05-06T20:21:17Z,Sysco Order #04560816 - Order Allocated - LARIAT,allocated,Sysco Standard Delivery,04560816,05/06/2026,05/07/2026,3777570,Bacon Shingle Center-cut 7-9 Per Pound Honey Gas Flushed,1/15#,DAILYS BACON,1.0,1.0,CS,71.95,,71.95,0,0,0,food
19dfef3bac4674b2,19dfef3bac4674b2,2026-05-06T20:21:17Z,Sysco Order #04560816 - Order Allocated - LARIAT,allocated,Sysco Standard Delivery,04560816,05/06/2026,05/07/2026,8379251,Flour All Purpose Hotel & Restaurant Bleached,1/25LB,SYSCO CLASSIC,1.0,1.0,CS,11.95,,11.95,0,0,0,food
19dfeff8c5511573,19dfeff8c5511573,2026-05-06T20:34:13Z,Sysco Order #04560934 - Order Allocated - LARIAT,allocated,Sysco Standard Delivery,04560934,05/06/2026,05/07/2026,9448986,Beef Cheek Meat,1/30 LB,PACKER,1.0,1.0,CS,5.01,LB,148.22,0,0,1,food
19dfeff8c5511573,19dfeff8c5511573,2026-05-06T20:34:13Z,Sysco Order #04560934 - Order Allocated - LARIAT,allocated,Sysco Standard Delivery,04560934,05/06/2026,05/07/2026,7644909,Fry On Shortening Frying Liquid,1/35 LB,SYSCO PREMIUM,1.0,1.0,CS,60.95,,60.95,0,0,0,food
19dfeff8c5511573,19dfeff8c5511573,2026-05-06T20:34:13Z,Sysco Order #04560934 - Order Allocated - LARIAT,allocated,Sysco Standard Delivery,04560934,05/06/2026,05/07/2026,2916452,Drink Energy,24/12 OZ,RED BULL,1.0,1.0,CS,62.0,,62.0,0,0,0,beverage
19e13afb7d3c6a07,19e13afb7d3c6a07,2026-05-10T20:59:02Z,Sysco Order May 10 2026 01:42 PM  - Order Confirmation - LARIAT,confirmation,Sysco Standard Delivery,04568191,05/10/2026,05/10/2026,9448986,Beef Cheek Meat,1/30 LB,PACKER,1.0,1.0,CS,5.14,LB,152.07,0,0,1,food
19e13afb7d3c6a07,19e13afb7d3c6a07,2026-05-10T20:59:02Z,Sysco Order May 10 2026 01:42 PM  - Order Confirmation - LARIAT,confirmation,Sysco Standard Delivery,04568191,05/10/2026,05/10/2026,4458772,Tissue Toilet 3.8 Inch X 4 Inch Wrapped 2 Ply,80/550CT,EARTH PLUS,1.0,1.0,CS,47.66,,47.66,0,0,0,non_food
19e13afb7d3c6a07,19e13afb7d3c6a07,2026-05-10T20:59:02Z,Sysco Order May 10 2026 01:42 PM  - Order Confirmation - LARIAT,confirmation,Sysco Standard Delivery,04568191,05/10/2026,05/10/2026,8461131,Cleaner All Purpose Pine Ready To Use,4/1GAL,SYSCO RELIANCE,1.0,1.0,CS,43.69,,43.69,0,0,0,non_food
19e13afb7d3c6a07,19e13afb7d3c6a07,2026-05-10T20:59:02Z,Sysco Order May 10 2026 01:42 PM  - Order Confirmation - LARIAT,confirmation,Sysco Standard Delivery,04568191,05/10/2026,05/10/2026,8379251,Flour All Purpose Hotel & Restaurant Bleached,1/25LB,SYSCO CLASSIC,2.0,2.0,CS,11.95,,23.9,0,0,0,food
19e13afb7d3c6a07,19e13afb7d3c6a07,2026-05-10T20:59:02Z,Sysco Order May 10 2026 01:42 PM  - Order Confirmation - LARIAT,confirmation,Sysco Standard Delivery,04568191,05/10/2026,05/10/2026,5934567,Liner Trash 39 Inch X 56 Inch 1.7 Mil Silver Linear Low-density Polyethylene (lldpe),50/55GAL,SYSCO CLASSIC,2.0,2.0,CS,47.28,,94.56,0,0,0,non_food
19e13afb7d3c6a07,19e13afb7d3c6a07,2026-05-10T20:59:02Z,Sysco Order May 10 2026 01:42 PM  - Order Confirmation - LARIAT,confirmation,Sysco Standard Delivery,04568191,05/10/2026,05/10/2026,4690483,Chip Tortilla Yellow 4 Inches Cut,1/30 LB,LA BANDERITA,1.0,1.0,CS,37.55,,37.55,0,0,0,food
19e13afb7d3c6a07,19e13afb7d3c6a07,2026-05-10T20:59:02Z,Sysco Order May 10 2026 01:42 PM  - Order Confirmation - LARIAT,confirmation,Sysco Standard Delivery,04568191,05/10/2026,05/10/2026,7005009,Chile Green Hatch Diced Mild,5/5LB,YOUNG GUNS PRODUCE,1.0,1.0,CS,53.95,,53.95,0,0,0,food
19e13afb7d3c6a07,19e13afb7d3c6a07,2026-05-10T20:59:02Z,Sysco Order May 10 2026 01:42 PM  - Order Confirmation - LARIAT,confirmation,Sysco Standard Delivery,04568191,05/10/2026,05/10/2026,6395974,Asparagus Jumbo,1/11 LB,PROPACK,1.0,1.0,CS,73.49,,73.49,0,0,0,food
19e13afb7d3c6a07,19e13afb7d3c6a07,2026-05-10T20:59:02Z,Sysco Order May 10 2026 01:42 PM  - Order Confirmation - LARIAT,confirmation,Sysco Standard Delivery,04568191,05/10/2026,05/10/2026,4002408,Mayonnaise Heavy Duty Pail,1/28LB,SYSCO RELIANCE,2.0,2.0,CS,53.5,,107.0,0,0,0,food
19e13afb7d3c6a07,19e13afb7d3c6a07,2026-05-10T20:59:02Z,Sysco Order May 10 2026 01:42 PM  - Order Confirmation - LARIAT,confirmation,Sysco Standard Delivery,04568191,05/10/2026,05/10/2026,6693642,Pepper Red Diced Fancy,24/#300,SYSCO IMPERIAL,1.0,1.0,CS,79.95,,79.95,0,0,0,food
19e13afb7d3c6a07,19e13afb7d3c6a07,2026-05-10T20:59:02Z,Sysco Order May 10 2026 01:42 PM  - Order Confirmation - LARIAT,confirmation,Sysco Standard Delivery,04568191,05/10/2026,05/10/2026,4113049,Vinegar White Distilled 50 Grain,4/1 GAL,SYSCO CLASSIC,1.0,1.0,CS,26.92,,26.92,0,0,0,food
19e13afb7d3c6a07,19e13afb7d3c6a07,2026-05-10T20:59:02Z,Sysco Order May 10 2026 01:42 PM  - Order Confirmation - LARIAT,confirmation,Sysco Standard Delivery,04568191,05/10/2026,05/10/2026,7143208,"Tomato Diced Fire Roasted 3/4"" In Juice",6/#10,CASA SOLANA IMPERIAL,1.0,1.0,CS,44.45,,44.45,0,0,0,food
19e13afb7d3c6a07,19e13afb7d3c6a07,2026-05-10T20:59:02Z,Sysco Order May 10 2026 01:42 PM  - Order Confirmation - LARIAT,confirmation,Sysco Standard Delivery,04568191,05/10/2026,05/10/2026,5793963,"Grill Brick 3.5"" Thick",12/1EA,SYSCO SUPPLIES CLASSIC,1.0,1.0,CS,47.99,,47.99,0,0,0,non_food
19e13afb7d3c6a07,19e13afb7d3c6a07,2026-05-10T20:59:02Z,Sysco Order May 10 2026 01:42 PM  - Order Confirmation - LARIAT,confirmation,Sysco Standard Delivery,04568191,05/10/2026,05/10/2026,7681477,Cleaner Degreaser High Temperature Grill Ready To Use,4/32OZ,KEYSTONE PRODUCTS,1.0,1.0,CS,89.69,,89.69,0,0,0,non_food
19e13afb7d3c6a07,19e13afb7d3c6a07,2026-05-10T20:59:02Z,Sysco Order May 10 2026 01:42 PM  - Order Confirmation - LARIAT,confirmation,Sysco Standard Delivery,04568191,05/10/2026,05/10/2026,4135380,Pan Coating Grill And Griddle,6/17OZ,SYSCO CLASSIC,1.0,1.0,CS,33.9,,33.9,0,0,0,food
19e13afb7d3c6a07,19e13afb7d3c6a07,2026-05-10T20:59:02Z,Sysco Order May 10 2026 01:42 PM  - Order Confirmation - LARIAT,confirmation,Sysco Standard Delivery,04568191,05/10/2026,05/10/2026,1376805,"Pad Scour Green 6"" X 9"" Antimicrobial",1/20CT,SYSCO SUPPLIES CLASSIC,1.0,1.0,CS,14.95,,14.95,0,0,0,non_food
19e13afb7d3c6a07,19e13afb7d3c6a07,2026-05-10T20:59:02Z,Sysco Order May 10 2026 01:42 PM  - Order Confirmation - LARIAT,confirmation,Sysco Standard Delivery,04568191,05/10/2026,05/10/2026,5793948,"Pad Scour Medium Nylon 3.5"" X 6""",1/40 CT,SYSCO SUPPLIES CLASSIC,1.0,1.0,CS,16.69,,16.69,0,0,0,non_food
19e13afb7d3c6a07,19e13afb7d3c6a07,2026-05-10T20:59:02Z,Sysco Order May 10 2026 01:42 PM  - Order Confirmation - LARIAT,confirmation,Sysco Standard Delivery,04568191,05/10/2026,05/10/2026,3554615,"Potato Fry 5/16"" Beer Extra Long",6/5 LB,SYSCO PREMIUM,2.0,2.0,CS,55.0,,110.0,0,0,0,food
19e13afb7d3c6a07,19e13afb7d3c6a07,2026-05-10T20:59:02Z,Sysco Order May 10 2026 01:42 PM  - Order Confirmation - LARIAT,confirmation,Sysco Standard Delivery,04568191,05/10/2026,05/10/2026,7644909,Fry On Shortening Frying Liquid,1/35 LB,SYSCO PREMIUM,4.0,4.0,CS,62.72,,250.88,0,0,0,food
19e13afb7d3c6a07,19e13afb7d3c6a07,2026-05-10T20:59:02Z,Sysco Order May 10 2026 01:42 PM  - Order Confirmation - LARIAT,confirmation,Sysco Standard Delivery,04568191,05/10/2026,05/10/2026,8071803,Pangasius Fillet Iqf 7-9 Ounce,1/15 LB,PORTICO IMPERIAL,1.0,1.0,CS,45.45,,45.45,0,0,0,food
19e13afb7d3c6a07,19e13afb7d3c6a07,2026-05-10T20:59:02Z,Sysco Order May 10 2026 01:42 PM  - Order Confirmation - LARIAT,confirmation,Sysco Standard Delivery,04568191,05/10/2026,05/10/2026,7134591,Cucumber English Medium Seedless 12 Count,1/12CT,IMPERIAL FRESH,1.0,1.0,CS,18.65,,18.65,0,0,0,food
19e13afb7d3c6a07,19e13afb7d3c6a07,2026-05-10T20:59:02Z,Sysco Order May 10 2026 01:42 PM  - Order Confirmation - LARIAT,confirmation,Sysco Standard Delivery,04568191,05/10/2026,05/10/2026,9516907,Lettuce Spring Mix Sweet Pillow,1/3 LB,IMPERIAL FRESH,1.0,1.0,CS,14.49,,14.49,0,0,0,food
19e13afb7d3c6a07,19e13afb7d3c6a07,2026-05-10T20:59:02Z,Sysco Order May 10 2026 01:42 PM  - Order Confirmation - LARIAT,confirmation,Sysco Standard Delivery,04568191,05/10/2026,05/10/2026,2369233,Chicken Wing Steamed Precooked Large,2/5LB,SYSCO CLASSIC,2.0,2.0,CS,48.2,,96.4,0,0,0,food
19e13afb7d3c6a07,19e13afb7d3c6a07,2026-05-10T20:59:02Z,Sysco Order May 10 2026 01:42 PM  - Order Confirmation - LARIAT,confirmation,Sysco Standard Delivery,M6c504942d4db,05/10/2026,05/10/2026,6051418,SEASONING PEPPER ADOBO,24/8,GOYA3,1.0,1.0,CS,95.11,,95.11,1,0,0,food
19e2345e5ad583a0,19e2345e5ad583a0,2026-05-13T21:37:23Z,Sysco Order #04575863 - Order Allocated - LARIAT,allocated,Sysco Standard Delivery,04575863,05/13/2026,05/14/2026,6935464,Cream Heavy 40% Extended Shelf Life Stabilized,12/32OZ,WHOLESOME FARMS CLASSIC,1.0,1.0,CS,61.79,,61.79,0,0,0,food
19e2345e5ad583a0,19e2345e5ad583a0,2026-05-13T21:37:23Z,Sysco Order #04575863 - Order Allocated - LARIAT,allocated,Sysco Standard Delivery,04575863,05/13/2026,05/14/2026,7210310,Buttermilk Whole Qt,12/1 QT,MEADOW GOLD,1.0,1.0,CS,34.6,,34.6,0,0,0,food
19e2345e5ad583a0,19e2345e5ad583a0,2026-05-13T21:37:23Z,Sysco Order #04575863 - Order Allocated - LARIAT,allocated,Sysco Standard Delivery,04575863,05/13/2026,05/14/2026,2058881,Chives Fresh Herb,1/1 LB,IMPERIAL FRESH,1.0,1.0,CS,18.55,,18.55,0,0,0,food
19e2345e5ad583a0,19e2345e5ad583a0,2026-05-13T21:37:23Z,Sysco Order #04575863 - Order Allocated - LARIAT,allocated,Sysco Standard Delivery,04575863,05/13/2026,05/14/2026,2005262,Thyme Fresh Herb,1/4 OZ,IMPERIAL FRESH,1.0,1.0,CS,7.95,,7.95,0,0,0,food
19e2345e5ad583a0,19e2345e5ad583a0,2026-05-13T21:37:23Z,Sysco Order #04575863 - Order Allocated - LARIAT,allocated,Sysco Standard Delivery,04575863,05/13/2026,05/14/2026,1185156,Pepper Jalapeno Fresh,1/5 LB,IMPERIAL FRESH,1.0,1.0,CS,15.45,,15.45,0,0,0,food
19e2345e5ad583a0,19e2345e5ad583a0,2026-05-13T21:37:23Z,Sysco Order #04575863 - Order Allocated - LARIAT,allocated,Sysco Standard Delivery,04575863,05/13/2026,05/14/2026,2575926,Cheese American Loaf Special Melting White,6/5 LB,CASA SOLANA IMPERIAL,1.0,1.0,CS,90.2,,90.2,0,0,0,food
19e2345e5ad583a0,19e2345e5ad583a0,2026-05-13T21:37:23Z,Sysco Order #04575863 - Order Allocated - LARIAT,allocated,Sysco Standard Delivery,04575863,05/13/2026,05/14/2026,9903289,Cilantro Fresh Iceless,1/60 CT,IMPERIAL FRESH,1.0,1.0,CS,24.61,,24.61,0,0,0,food
19e2346ae6db268e,19e2346ae6db268e,2026-05-13T21:38:15Z,"Sysco Order May 13, 2026 at 3:31 PM - Order Confirmation - LARIAT",confirmation,Sysco Standard Delivery,04575877,05/13/2026,05/13/2026,9448986,Beef Cheek Meat,1/30 LB,PACKER,1.0,1.0,CS,5.14,LB,152.07,0,0,1,food
19e2346ae6db268e,19e2346ae6db268e,2026-05-13T21:38:15Z,"Sysco Order May 13, 2026 at 3:31 PM - Order Confirmation - LARIAT",confirmation,Sysco Standard Delivery,04575877,05/13/2026,05/13/2026,2369233,Chicken Wing Steamed Precooked Large,2/5LB,SYSCO CLASSIC,2.0,2.0,CS,48.2,,96.4,0,0,0,food
19e2346ae6db268e,19e2346ae6db268e,2026-05-13T21:38:15Z,"Sysco Order May 13, 2026 at 3:31 PM - Order Confirmation - LARIAT",confirmation,Sysco Standard Delivery,04575877,05/13/2026,05/13/2026,7134591,Cucumber English Medium Seedless 12 Count,1/12CT,IMPERIAL FRESH,1.0,1.0,CS,18.65,,18.65,0,0,0,food
19e2346ae6db268e,19e2346ae6db268e,2026-05-13T21:38:15Z,"Sysco Order May 13, 2026 at 3:31 PM - Order Confirmation - LARIAT",confirmation,Sysco Standard Delivery,04575877,05/13/2026,05/13/2026,1376805,"Pad Scour Green 6"" X 9"" Antimicrobial",1/20CT,SYSCO SUPPLIES CLASSIC,1.0,1.0,CS,14.95,,14.95,0,0,0,non_food
19e2346ae6db268e,19e2346ae6db268e,2026-05-13T21:38:15Z,"Sysco Order May 13, 2026 at 3:31 PM - Order Confirmation - LARIAT",confirmation,Sysco Standard Delivery,04575877,05/13/2026,05/13/2026,8071803,Pangasius Fillet Iqf 7-9 Ounce,1/15 LB,PORTICO IMPERIAL,2.0,2.0,CS,45.45,,90.9,0,0,0,food
19e2346ae6db268e,19e2346ae6db268e,2026-05-13T21:38:15Z,"Sysco Order May 13, 2026 at 3:31 PM - Order Confirmation - LARIAT",confirmation,Sysco Standard Delivery,04575877,05/13/2026,05/13/2026,1813973,Pork Chop Bone-in Frenched Long Bone,10/12 OZ,BUCKHEAD PRIDE/ NEWPORT PRIDE,1.0,1.0,CS,19.95,LB,156.95,0,0,0,food
19e2346ae6db268e,19e2346ae6db268e,2026-05-13T21:38:15Z,"Sysco Order May 13, 2026 at 3:31 PM - Order Confirmation - LARIAT",confirmation,Sysco Standard Delivery,04575877,05/13/2026,05/13/2026,9903289,Cilantro Fresh Iceless,1/60 CT,IMPERIAL FRESH,1.0,1.0,CS,24.61,,24.61,0,0,0,food
19e2346ae6db268e,19e2346ae6db268e,2026-05-13T21:38:15Z,"Sysco Order May 13, 2026 at 3:31 PM - Order Confirmation - LARIAT",confirmation,Sysco Standard Delivery,04575877,05/13/2026,05/13/2026,3533643,Tomatillo Whole,6/100 OZ,DEL SOL (CANNED),1.0,1.0,CS,36.99,,36.99,0,0,0,food
19e2346ae6db268e,19e2346ae6db268e,2026-05-13T21:38:15Z,"Sysco Order May 13, 2026 at 3:31 PM - Order Confirmation - LARIAT",confirmation,Sysco Standard Delivery,04575877,05/13/2026,05/13/2026,6040885,Pasta Cavatappi 100% Durum Wheat Semolina,2/10 LB,PASTA LABELLA,1.0,1.0,CS,37.55,,37.55,0,0,0,food
19e2346ae6db268e,19e2346ae6db268e,2026-05-13T21:38:15Z,"Sysco Order May 13, 2026 at 3:31 PM - Order Confirmation - LARIAT",confirmation,Sysco Standard Delivery,04575877,05/13/2026,05/13/2026,3644036,Potato Hash Brown Cubed Breakfast Skin-on,6/5 LB,MCCAIN,1.0,1.0,CS,70.76,,70.76,0,0,0,food
19e2346ae6db268e,19e2346ae6db268e,2026-05-13T21:38:15Z,"Sysco Order May 13, 2026 at 3:31 PM - Order Confirmation - LARIAT",confirmation,Sysco Standard Delivery,04575877,05/13/2026,05/13/2026,1871227,Ice Cream Vanilla,1/2.5GAL,HAAGEN DAAZ,1.0,1.0,CS,61.54,,61.54,0,0,0,food
19e2346ae6db268e,19e2346ae6db268e,2026-05-13T21:38:15Z,"Sysco Order May 13, 2026 at 3:31 PM - Order Confirmation - LARIAT",confirmation,Sysco Standard Delivery,04575877,05/13/2026,05/13/2026,7063131,Pickle Chip Bread Butter Refrigerated 500-650 Count,1/2 GAL,BLOCK & BARREL CLASSIC,1.0,1.0,CS,28.84,,28.84,0,0,0,food
19e2346ae6db268e,19e2346ae6db268e,2026-05-13T21:38:15Z,"Sysco Order May 13, 2026 at 3:31 PM - Order Confirmation - LARIAT",confirmation,Sysco Standard Delivery,04575877,05/13/2026,05/13/2026,7199866,Egg Hardcooked Cgfree Hard Pk,12/12 CT,WHOLESOME FARMS IMPERIAL,1.0,1.0,CS,63.95,,63.95,0,0,0,food
19e2346ae6db268e,19e2346ae6db268e,2026-05-13T21:38:15Z,"Sysco Order May 13, 2026 at 3:31 PM - Order Confirmation - LARIAT",confirmation,Sysco Standard Delivery,04575879,05/13/2026,05/13/2026,7224680,Chicken Leg Whole,4/5 LB,RED BIRD INC (POULTRY),1.0,1.0,CS,2.899,LB,56.53,0,0,0,food
19e473838a2cadc9,19e473838a2cadc9,2026-05-20T21:08:46Z,Sysco Order #04589930 - Order Allocated - LARIAT,allocated,Sysco Standard Delivery,04589930,05/20/2026,05/21/2026,9448986,Beef Cheek Meat,1/30 LB,PACKER,1.0,1.0,CS,5.14,LB,152.07,0,0,1,food
19e473838a2cadc9,19e473838a2cadc9,2026-05-20T21:08:46Z,Sysco Order #04589930 - Order Allocated - LARIAT,allocated,Sysco Standard Delivery,04589930,05/20/2026,05/21/2026,7459830,Beef Ground Patty Special Blend,30/7 OZ,BUCKHEAD PRIDE/ NEWPORT PRIDE,1.0,4.0,CS,94.95,,94.95,0,1,0,food
19e473838a2cadc9,19e473838a2cadc9,2026-05-20T21:08:46Z,Sysco Order #04589930 - Order Allocated - LARIAT,allocated,Sysco Standard Delivery,04589930,05/20/2026,05/21/2026,7497632,Beef Ground Patty Special Blend Frozen,30/7 OZ,BUCKHEAD PRIDE/ NEWPORT PRIDE,3.0,3.0,CS,80.25,,240.75,0,0,1,food
19e473838a2cadc9,19e473838a2cadc9,2026-05-20T21:08:46Z,Sysco Order #04589930 - Order Allocated - LARIAT,allocated,Sysco Standard Delivery,04589930,05/20/2026,05/21/2026,5934567,Liner Trash 39 Inch X 56 Inch 1.7 Mil Silver Linear Low-density Polyethylene (lldpe),50/55GAL,SYSCO CLASSIC,2.0,2.0,CS,47.28,,94.56,0,0,0,non_food
19e473838a2cadc9,19e473838a2cadc9,2026-05-20T21:08:46Z,Sysco Order #04589930 - Order Allocated - LARIAT,allocated,Sysco Standard Delivery,04589930,05/20/2026,05/21/2026,5061643,Oil Salad Canola Zero Trans Fat,1/35 LB,SYSCO CLASSIC,1.0,1.0,CS,51.59,,51.59,0,0,0,food
19e473838a2cadc9,19e473838a2cadc9,2026-05-20T21:08:46Z,Sysco Order #04589930 - Order Allocated - LARIAT,allocated,Sysco Standard Delivery,04589930,05/20/2026,05/21/2026,1901992,Sauce Chili Sweet Thai,12/32 OZ,MAEPLOY (UNIQUE FOODS),1.0,1.0,CS,64.08,,64.08,0,0,0,food
19e473838a2cadc9,19e473838a2cadc9,2026-05-20T21:08:46Z,Sysco Order #04589930 - Order Allocated - LARIAT,allocated,Sysco Standard Delivery,04589930,05/20/2026,05/21/2026,1491552,"Bun Brioche 4.5""",8/10CT,TURANO,2.0,2.0,CS,60.93,,121.86,0,0,0,food
19e473838a2cadc9,19e473838a2cadc9,2026-05-20T21:08:46Z,Sysco Order #04589930 - Order Allocated - LARIAT,allocated,Sysco Standard Delivery,04589930,05/20/2026,05/21/2026,3554615,"Potato Fry 5/16"" Beer Extra Long",6/5 LB,SYSCO PREMIUM,3.0,3.0,CS,55.0,,165.0,0,0,0,food
19e473838a2cadc9,19e473838a2cadc9,2026-05-20T21:08:46Z,Sysco Order #04589930 - Order Allocated - LARIAT,allocated,Sysco Standard Delivery,04589930,05/20/2026,05/21/2026,7005009,Chile Green Hatch Diced Mild,5/5LB,YOUNG GUNS PRODUCE,1.0,1.0,CS,53.95,,53.95,0,0,0,food
19e473838a2cadc9,19e473838a2cadc9,2026-05-20T21:08:46Z,Sysco Order #04589930 - Order Allocated - LARIAT,allocated,Sysco Standard Delivery,04589930,05/20/2026,05/21/2026,7121503,Sausage Breakfast Patty 3.5 Ounce Antibiotic Free,42/3.5OZ,Polidori,1.0,1.0,CS,56.85,,56.85,0,0,0,food
19e473838a2cadc9,19e473838a2cadc9,2026-05-20T21:08:46Z,Sysco Order #04589930 - Order Allocated - LARIAT,allocated,Sysco Standard Delivery,04589930,05/20/2026,05/21/2026,2369233,Chicken Wing Steamed Precooked Large,2/5LB,SYSCO CLASSIC,3.0,3.0,CS,45.69,,137.07,0,0,0,food
19e473838a2cadc9,19e473838a2cadc9,2026-05-20T21:08:46Z,Sysco Order #04589930 - Order Allocated - LARIAT,allocated,Sysco Standard Delivery,04589930,05/20/2026,05/21/2026,5098496,Pork Ham Shank Pig Wing 4 Ounce,2/4.5LB,SYSCO CLASSIC,2.0,2.0,CS,95.79,,191.58,0,0,0,food
19e473838a2cadc9,19e473838a2cadc9,2026-05-20T21:08:46Z,Sysco Order #04589930 - Order Allocated - LARIAT,allocated,Sysco Standard Delivery,04589930,05/20/2026,05/21/2026,7235243,Chicken Breast Cutlet 5 Ounce,4/5 LB,RED BIRD INC (POULTRY),1.0,1.0,CS,5.859,LB,118.57,0,0,0,food
19e473838a2cadc9,19e473838a2cadc9,2026-05-20T21:08:46Z,Sysco Order #04589930 - Order Allocated - LARIAT,allocated,Sysco Standard Delivery,04589930,05/20/2026,05/21/2026,3777570,Bacon Shingle Center-cut 7-9 Per Pound Honey Gas Flushed,1/15#,DAILYS BACON,3.0,3.0,CS,70.95,,212.85,0,0,0,food
19e473838a2cadc9,19e473838a2cadc9,2026-05-20T21:08:46Z,Sysco Order #04589930 - Order Allocated - LARIAT,allocated,Sysco Standard Delivery,04589930,05/20/2026,05/21/2026,7585326,"Bread Sourdough Thick Sliced .75""",6/32 OZ,ROTELLA,1.0,1.0,CS,39.14,,39.14,0,0,0,food
19e473838a2cadc9,19e473838a2cadc9,2026-05-20T21:08:46Z,Sysco Order #04589930 - Order Allocated - LARIAT,allocated,Sysco Standard Delivery,04589930,05/20/2026,05/21/2026,9448986,Beef Cheek Meat,1/30 LB,PACKER,1.0,1.0,CS,5.14,LB,152.07,0,0,0,food
19e473838a2cadc9,19e473838a2cadc9,2026-05-20T21:08:46Z,Sysco Order #04589930 - Order Allocated - LARIAT,allocated,Sysco Standard Delivery,04589930,05/20/2026,05/21/2026,7210310,Buttermilk Whole Qt,12/1 QT,MEADOW GOLD,1.0,1.0,CS,34.6,,34.6,0,0,0,food
19e473838a2cadc9,19e473838a2cadc9,2026-05-20T21:08:46Z,Sysco Order #04589930 - Order Allocated - LARIAT,allocated,Sysco Standard Delivery,04589930,05/20/2026,05/21/2026,4676306,Milk Whole Gallon,4/1 GAL,WHOLESOME FARMS CLASSIC,1.0,1.0,CS,22.35,,22.35,0,0,0,food
19e473838a2cadc9,19e473838a2cadc9,2026-05-20T21:08:46Z,Sysco Order #04589930 - Order Allocated - LARIAT,allocated,Sysco Standard Delivery,04589930,05/20/2026,05/21/2026,2058907,Parsley Italian Fresh Herb,1/1 LB,IMPERIAL FRESH,1.0,1.0,CS,13.95,,13.95,0,0,0,food
19e473838a2cadc9,19e473838a2cadc9,2026-05-20T21:08:46Z,Sysco Order #04589930 - Order Allocated - LARIAT,allocated,Sysco Standard Delivery,04589930,05/20/2026,05/21/2026,2058881,Chives Fresh Herb,1/1 LB,IMPERIAL FRESH,1.0,1.0,CS,18.55,,18.55,0,0,0,food
19e473838a2cadc9,19e473838a2cadc9,2026-05-20T21:08:46Z,Sysco Order #04589930 - Order Allocated - LARIAT,allocated,Sysco Standard Delivery,04589930,05/20/2026,05/21/2026,1132040,Lettuce Fresh Tender Greens,4/3 LB,IMPERIAL FRESH,2.0,2.0,CS,39.85,,79.7,0,0,0,food
19e473838a2cadc9,19e473838a2cadc9,2026-05-20T21:08:46Z,Sysco Order #04589930 - Order Allocated - LARIAT,allocated,Sysco Standard Delivery,04589930,05/20/2026,05/21/2026,1675909,Lettuce Greens Leaf Fresh,4/6 CT,SYSCO/FRESHPOINT NATURAL,1.0,1.0,CS,51.99,,51.99,0,0,0,food
19e473838a2cadc9,19e473838a2cadc9,2026-05-20T21:08:46Z,Sysco Order #04589930 - Order Allocated - LARIAT,allocated,Sysco Standard Delivery,04589930,05/20/2026,05/21/2026,1821537,Garlic Peeled Fresh,4/5LB,IMPERIAL FRESH,1.0,1.0,CS,93.65,,93.65,0,0,0,food
19e473838a2cadc9,19e473838a2cadc9,2026-05-20T21:08:46Z,Sysco Order #04589930 - Order Allocated - LARIAT,allocated,Sysco Standard Delivery,04589930,05/20/2026,05/21/2026,7218368,Shallot Whole Fresh,1/10 LB,IMPERIAL FRESH,1.0,1.0,CS,35.79,,35.79,0,0,0,food
19e473838a2cadc9,19e473838a2cadc9,2026-05-20T21:08:46Z,Sysco Order #04589930 - Order Allocated - LARIAT,allocated,Sysco Standard Delivery,04589930,05/20/2026,05/21/2026,1675701,Cabbage Green Shredded Fresh In Bag,4/5 LB,IMPERIAL FRESH,1.0,1.0,CS,25.55,,25.55,0,0,0,food
19e473838a2cadc9,19e473838a2cadc9,2026-05-20T21:08:46Z,Sysco Order #04589930 - Order Allocated - LARIAT,allocated,Sysco Standard Delivery,04589930,05/20/2026,05/21/2026,1675719,Cabbage Red Shredded Fresh,4/5 LB,IMPERIAL FRESH,2.0,2.0,EA,14.99,,29.98,0,0,0,food
19e473838a2cadc9,19e473838a2cadc9,2026-05-20T21:08:46Z,Sysco Order #04589930 - Order Allocated - LARIAT,allocated,Sysco Standard Delivery,04589930,05/20/2026,05/21/2026,1185156,Pepper Jalapeno Fresh,1/5 LB,IMPERIAL FRESH,1.0,1.0,CS,15.75,,15.75,0,0,0,food
19e473838a2cadc9,19e473838a2cadc9,2026-05-20T21:08:46Z,Sysco Order #04589930 - Order Allocated - LARIAT,allocated,Sysco Standard Delivery,04589930,05/20/2026,05/21/2026,6395974,Asparagus Jumbo,1/11 LB,PROPACK,1.0,1.0,CS,73.49,,73.49,0,0,0,food
19e473838a2cadc9,19e473838a2cadc9,2026-05-20T21:08:46Z,Sysco Order #04589930 - Order Allocated - LARIAT,allocated,Sysco Standard Delivery,04589930,05/20/2026,05/21/2026,7049597,Mayonnaise Japanese Style 64 Ounces,4/64 OZ,KEWPIE ORIENTAL PRODUCT,1.0,1.0,CS,83.59,,83.59,0,0,0,food
19e473838a2cadc9,19e473838a2cadc9,2026-05-20T21:08:46Z,Sysco Order #04589930 - Order Allocated - LARIAT,allocated,Sysco Standard Delivery,04589930,05/20/2026,05/21/2026,4002408,Mayonnaise Heavy Duty Pail,1/28LB,SYSCO RELIANCE,1.0,1.0,CS,53.5,,53.5,0,0,0,food
19e473838a2cadc9,19e473838a2cadc9,2026-05-20T21:08:46Z,Sysco Order #04589930 - Order Allocated - LARIAT,allocated,Sysco Standard Delivery,04589930,05/20/2026,05/21/2026,4064978,Mustard Dijon With White Wine In Tin,4/9 LB,SYSCO IMPERIAL,1.0,1.0,CS,96.55,,96.55,0,0,0,food
19e473838a2cadc9,19e473838a2cadc9,2026-05-20T21:08:46Z,Sysco Order #04589930 - Order Allocated - LARIAT,allocated,Sysco Standard Delivery,04589930,05/20/2026,05/21/2026,5020193,Cream Sour Cultured Grade A,2/5 LB,WHOLESOME FARMS CLASSIC,1.0,1.0,CS,18.92,,18.92,0,0,0,food
19e473838a2cadc9,19e473838a2cadc9,2026-05-20T21:08:46Z,Sysco Order #04589930 - Order Allocated - LARIAT,allocated,Sysco Standard Delivery,04589930,05/20/2026,05/21/2026,2575926,Cheese American Loaf Special Melting White,6/5 LB,CASA SOLANA IMPERIAL,1.0,1.0,CS,90.2,,90.2,0,0,0,food
19e473838a2cadc9,19e473838a2cadc9,2026-05-20T21:08:46Z,Sysco Order #04589930 - Order Allocated - LARIAT,allocated,Sysco Standard Delivery,04589930,05/20/2026,05/21/2026,2406189,Cheese Cheddar Jack Fancy Shredded,4/5LB,CASA SOLANA IMPERIAL,1.0,1.0,CS,60.2,,60.2,0,0,0,food
19e473838a2cadc9,19e473838a2cadc9,2026-05-20T21:08:46Z,Sysco Order #04589930 - Order Allocated - LARIAT,allocated,Sysco Standard Delivery,04589930,05/20/2026,05/21/2026,0671677,Cheese Blue Crumbles,2/5 LB,BLOCK & BARREL IMPERIAL,1.0,1.0,CS,37.66,,37.66,0,0,0,food
19e473838a2cadc9,19e473838a2cadc9,2026-05-20T21:08:46Z,Sysco Order #04589930 - Order Allocated - LARIAT,allocated,Sysco Standard Delivery,04589930,05/20/2026,05/21/2026,1552272,Cheese Mozzarella Fresh Cryovac Log,8/1 LB,ARREZZIO IMPERIAL,1.0,1.0,CS,40.95,,40.95,0,0,0,food
19e473838a2cadc9,19e473838a2cadc9,2026-05-20T21:08:46Z,Sysco Order #04589930 - Order Allocated - LARIAT,allocated,Sysco Standard Delivery,04589930,05/20/2026,05/21/2026,1008663,Tomato 2 Layer 5x6 Fresh,1/60 CT,IMPERIAL FRESH,2.0,2.0,CS,66.95,,133.9,0,0,0,food
19e473838a2cadc9,19e473838a2cadc9,2026-05-20T21:08:46Z,Sysco Order #04589930 - Order Allocated - LARIAT,allocated,Sysco Standard Delivery,04589930,05/20/2026,05/21/2026,7134591,Cucumber English Medium Seedless 12 Count,1/12CT,IMPERIAL FRESH,2.0,2.0,CS,18.65,,37.3,0,0,0,food
19e473838a2cadc9,19e473838a2cadc9,2026-05-20T21:08:46Z,Sysco Order #04589930 - Order Allocated - LARIAT,allocated,Sysco Standard Delivery,04589930,05/20/2026,05/21/2026,7210106,Onion Red Jumbo Sack,10/5 LB,IMPERIAL FRESH,3.0,3.0,EA,6.14,,18.42,0,0,0,food
19e473838a2cadc9,19e473838a2cadc9,2026-05-20T21:08:46Z,Sysco Order #04589930 - Order Allocated - LARIAT,allocated,Sysco Standard Delivery,04589930,05/20/2026,05/21/2026,5661143,Tomato Cherry Heirloom Mix,12/.5 PTS,PACKER,1.0,1.0,CS,65.95,,65.95,0,0,0,food
19e473838a2cadc9,19e473838a2cadc9,2026-05-20T21:08:46Z,Sysco Order #04589930 - Order Allocated - LARIAT,allocated,Sysco Standard Delivery,04589930,05/20/2026,05/21/2026,1094697,Onions White Jumbo Bag,1/50LB,IMPERIAL FRESH,1.0,1.0,CS,33.99,,33.99,0,0,0,food
19e473838a2cadc9,19e473838a2cadc9,2026-05-20T21:08:46Z,Sysco Order #04589930 - Order Allocated - LARIAT,allocated,Sysco Standard Delivery,04589930,05/20/2026,05/21/2026,5844220,Bean Black,6/10 CT,CASA SOLANA CLASSIC,1.0,1.0,CS,40.42,,40.42,0,0,0,food
19e473838a2cadc9,19e473838a2cadc9,2026-05-20T21:08:46Z,Sysco Order #04589930 - Order Allocated - LARIAT,allocated,Sysco Standard Delivery,04589930,05/20/2026,05/21/2026,4685614,Glove Nitrile Foodservice Powder-free Black Large,10/100CT,SYSCO CLASSIC,1.0,1.0,CS,46.99,,46.99,0,0,0,non_food
19e473838a2cadc9,19e473838a2cadc9,2026-05-20T21:08:46Z,Sysco Order #04589930 - Order Allocated - LARIAT,allocated,Sysco Standard Delivery,04589930,05/20/2026,05/21/2026,2005114,Dill Baby Fresh Herb,1/4 OZ,IMPERIAL FRESH,1.0,1.0,CS,8.95,,8.95,0,0,0,food
19e473838a2cadc9,19e473838a2cadc9,2026-05-20T21:08:46Z,Sysco Order #04589930 - Order Allocated - LARIAT,allocated,Sysco Standard Delivery,04589930,05/20/2026,05/21/2026,2429926,Pepper Chiles Guajillo Dried,1/5 LB,PACKER,1.0,1.0,CS,56.99,,56.99,0,0,0,food
19e473838a2cadc9,19e473838a2cadc9,2026-05-20T21:08:46Z,Sysco Order #04589930 - Order Allocated - LARIAT,allocated,Sysco Standard Delivery,04589930,05/20/2026,05/21/2026,7644909,Fry On Shortening Frying Liquid,1/35 LB,SYSCO PREMIUM,2.0,2.0,CS,62.72,,125.44,0,0,0,food
19e473838a2cadc9,19e473838a2cadc9,2026-05-20T21:08:46Z,Sysco Order #04589930 - Order Allocated - LARIAT,allocated,Sysco Standard Delivery,04589930,05/20/2026,05/21/2026,2916452,Drink Energy,24/12 OZ,RED BULL,1.0,1.0,CS,62.0,,62.0,0,0,0,beverage
19e473838a2cadc9,19e473838a2cadc9,2026-05-20T21:08:46Z,Sysco Order #04589930 - Order Allocated - LARIAT,allocated,Sysco Standard Delivery,04589930,05/20/2026,05/21/2026,1813973,Pork Chop Bone-in Frenched Long Bone,10/12 OZ,BUCKHEAD PRIDE/ NEWPORT PRIDE,1.0,1.0,CS,19.95,LB,156.95,0,0,0,food
19e473838a2cadc9,19e473838a2cadc9,2026-05-20T21:08:46Z,Sysco Order #04589930 - Order Allocated - LARIAT,allocated,Sysco Standard Delivery,04589930,05/20/2026,05/21/2026,2005262,Thyme Fresh Herb,1/4 OZ,IMPERIAL FRESH,1.0,1.0,CS,7.95,,7.95,0,0,0,food
19e473838a2cadc9,19e473838a2cadc9,2026-05-20T21:08:46Z,Sysco Order #04589930 - Order Allocated - LARIAT,allocated,Sysco Standard Delivery,04589930,05/20/2026,05/21/2026,6040885,Pasta Cavatappi 100% Durum Wheat Semolina,2/10 LB,PASTA LABELLA,2.0,2.0,CS,37.55,,75.1,0,0,0,food
19e4738fc3a09558,19e4738fc3a09558,2026-05-20T21:09:37Z,Sysco Order #04589935 - Order Allocated - LARIAT,allocated,Sysco Standard Delivery,04589935,05/20/2026,05/21/2026,5913504,Spice Thyme Leaves Whole,6/6OZ,SYSCO IMPERIAL/MCCORMICK,1.0,1.0,EA,16.49,,16.49,0,0,0,food
19e4738fc3a09558,19e4738fc3a09558,2026-05-20T21:09:37Z,Sysco Order #04589935 - Order Allocated - LARIAT,allocated,Sysco Standard Delivery,04589935,05/20/2026,05/21/2026,5229760,Spice Tarragon Leaves Whole,6/3.5OZ,SYSCO IMPERIAL/MCCORMICK,1.0,1.0,EA,17.95,,17.95,0,0,0,food
19e4738fc3a09558,19e4738fc3a09558,2026-05-20T21:09:37Z,Sysco Order #04589935 - Order Allocated - LARIAT,allocated,Sysco Standard Delivery,04589935,05/20/2026,05/21/2026,5229257,Spice Parsley Flakes,6/2OZ,SYSCO IMPERIAL/MCCORMICK,1.0,1.0,EA,7.85,,7.85,0,0,0,food
19e4738fc3a09558,19e4738fc3a09558,2026-05-20T21:09:37Z,Sysco Order #04589935 - Order Allocated - LARIAT,allocated,Sysco Standard Delivery,04589935,05/20/2026,05/21/2026,8071803,Pangasius Fillet Iqf 7-9 Ounce,1/15 LB,PORTICO IMPERIAL,2.0,2.0,CS,46.95,,93.9,0,0,0,food
196f4a35695e31a7,196f4a35695e31a7,2025-05-21T20:57:47Z,Sysco Order #03831004 - Order Allocated - LARIAT,allocated,Sysco Standard Delivery,03831004,05/21/2025,05/22/2025,0758401,Bun Hamburger Gluten Free Individually Wrapped,24/1EA,UDI’s Healthy Foods,1.0,1.0,CS,44.65,,44.65,0,0,0,food
196f4a35695e31a7,196f4a35695e31a7,2025-05-21T20:57:47Z,Sysco Order #03831004 - Order Allocated - LARIAT,allocated,Sysco Standard Delivery,03831004,05/21/2025,05/22/2025,5793831,Pad Scrub Stainless Steel 35 Gram 1.25 Ounce,6/12CT,SYSCO SUPPLIES CLASSIC,1.0,1.0,CS,57.95,,57.95,0,0,0,non_food
196f4a35695e31a7,196f4a35695e31a7,2025-05-21T20:57:47Z,Sysco Order #03831004 - Order Allocated - LARIAT,allocated,Sysco Standard Delivery,03831004,05/21/2025,05/22/2025,9312596,Milk Condensed Sweetened,24/14 OZ,CASA SOLANA CLASSIC,1.0,1.0,CS,53.59,,53.59,0,0,0,food
196f4a35695e31a7,196f4a35695e31a7,2025-05-21T20:57:47Z,Sysco Order #03831004 - Order Allocated - LARIAT,allocated,Sysco Standard Delivery,03831004,05/21/2025,05/22/2025,7210310,Buttermilk Whole Qt,12/1 QT,MEADOW GOLD,1.0,1.0,CS,34.9,,34.9,0,0,0,food
196f4a35695e31a7,196f4a35695e31a7,2025-05-21T20:57:47Z,Sysco Order #03831004 - Order Allocated - LARIAT,allocated,Sysco Standard Delivery,03831004,05/21/2025,05/22/2025,3030117,Butter Solid Unsalted 83% Minimum Butterfat European,36/1 LB,WHOLESOME FARMS IMPERIAL,1.0,1.0,CS,162.89,,162.89,0,0,0,food
196f4a35695e31a7,196f4a35695e31a7,2025-05-21T20:57:47Z,Sysco Order #03831004 - Order Allocated - LARIAT,allocated,Sysco Standard Delivery,03831004,05/21/2025,05/22/2025,1821537,Garlic Peeled Fresh,4/5LB,IMPERIAL FRESH,1.0,1.0,CS,82.59,,82.59,0,0,0,food
196f4a35695e31a7,196f4a35695e31a7,2025-05-21T20:57:47Z,Sysco Order #03831004 - Order Allocated - LARIAT,allocated,Sysco Standard Delivery,03831004,05/21/2025,05/22/2025,4064978,Mustard Dijon With White Wine In Tin,4/9 LB,SYSCO IMPERIAL,1.0,1.0,CS,121.59,,121.59,0,0,0,food
196f4a35695e31a7,196f4a35695e31a7,2025-05-21T20:57:47Z,Sysco Order #03831004 - Order Allocated - LARIAT,allocated,Sysco Standard Delivery,03831004,05/21/2025,05/22/2025,1675701,Cabbage Green Shredded Fresh In Bag,4/5 LB,IMPERIAL FRESH,1.0,1.0,CS,23.85,,23.85,0,0,0,food
196f4a35695e31a7,196f4a35695e31a7,2025-05-21T20:57:47Z,Sysco Order #03831004 - Order Allocated - LARIAT,allocated,Sysco Standard Delivery,03831004,05/21/2025,05/22/2025,1491552,"Bun Brioche 4.5""",8/10CT,TURANO,1.0,1.0,CS,57.99,,57.99,0,0,0,food
196f4a35695e31a7,196f4a35695e31a7,2025-05-21T20:57:47Z,Sysco Order #03831004 - Order Allocated - LARIAT,allocated,Sysco Standard Delivery,03831004,05/21/2025,05/22/2025,2369233,Chicken Wing Steamed Precooked Large,2/5LB,SYSCO CLASSIC,4.0,4.0,CS,48.55,,194.2,0,0,0,food
196f4a35695e31a7,196f4a35695e31a7,2025-05-21T20:57:47Z,Sysco Order #03831004 - Order Allocated - LARIAT,allocated,Sysco Standard Delivery,03831004,05/21/2025,05/22/2025,3554615,"Potato Fry 5/16"" Beer Extra Long",6/5 LB,SYSCO IMPERIAL,4.0,4.0,CS,59.49,,237.96,0,0,0,food
196f4a35695e31a7,196f4a35695e31a7,2025-05-21T20:57:47Z,Sysco Order #03831004 - Order Allocated - LARIAT,allocated,Sysco Standard Delivery,03831004,05/21/2025,05/22/2025,8516029,"Potato Sweet Julienne .188""",5/3 LB,LAMB WESTON,4.0,4.0,CS,49.95,,199.8,0,0,0,food
196f4a35695e31a7,196f4a35695e31a7,2025-05-21T20:57:47Z,Sysco Order #03831004 - Order Allocated - LARIAT,allocated,Sysco Standard Delivery,03831004,05/21/2025,05/22/2025,3852940,Beef Ground Chuck Brisket Shortrib Patty,24/7 OZ,BUCKHEAD PRIDE/ NEWPORT PRIDE,3.0,3.0,CS,67.85,,203.55,0,0,0,food
196f4a35695e31a7,196f4a35695e31a7,2025-05-21T20:57:47Z,Sysco Order #03831004 - Order Allocated - LARIAT,allocated,Sysco Standard Delivery,03831004,05/21/2025,05/22/2025,7644909,Shortening Frying Liquid,1/35 LB,SYSCO IMPERIAL,2.0,2.0,CS,50.59,,101.18,0,0,0,food
196f4a35695e31a7,196f4a35695e31a7,2025-05-21T20:57:47Z,Sysco Order #03831004 - Order Allocated - LARIAT,allocated,Sysco Standard Delivery,03831004,05/21/2025,05/22/2025,2491751,Cheese Mozzarella Ciliegene Fresh,2/3LB,ARREZZIO IMPERIAL,2.0,2.0,CS,34.95,,69.9,0,0,0,food
196f4a35695e31a7,196f4a35695e31a7,2025-05-21T20:57:47Z,Sysco Order #03831004 - Order Allocated - LARIAT,allocated,Sysco Standard Delivery,03831004,05/21/2025,05/22/2025,3746377,Bun Brioche Bistro Slider,8/24 CT,ALPHA,1.0,1.0,CS,70.79,,70.79,0,0,0,food
196f4a35695e31a7,196f4a35695e31a7,2025-05-21T20:57:47Z,Sysco Order #03831004 - Order Allocated - LARIAT,allocated,Sysco Standard Delivery,03831004,05/21/2025,05/22/2025,1048248,Cilantro Bunch Fresh,1/6 CT,IMPERIAL FRESH,1.0,1.0,CS,16.59,,16.59,0,0,0,food
196f4a35695e31a7,196f4a35695e31a7,2025-05-21T20:57:47Z,Sysco Order #03831004 - Order Allocated - LARIAT,allocated,Sysco Standard Delivery,03831004,05/21/2025,05/22/2025,9927799,Pepper Jalapeno Fresh,1/10 LB,IMPERIAL FRESH,1.0,1.0,CS,18.69,,18.69,0,0,0,food
196f4a35695e31a7,196f4a35695e31a7,2025-05-21T20:57:47Z,Sysco Order #03831004 - Order Allocated - LARIAT,allocated,Sysco Standard Delivery,03831004,05/21/2025,05/22/2025,3777570,Bacon Shingle Center-cut 7-9 Per Pound Honey Gas Flushed,1/15#,DAILYS BACON,3.0,3.0,CS,72.75,,218.25,0,0,0,food
196f4a35695e31a7,196f4a35695e31a7,2025-05-21T20:57:47Z,Sysco Order #03831004 - Order Allocated - LARIAT,allocated,Sysco Standard Delivery,03831004,05/21/2025,05/22/2025,1070879,Avocado Hass Fresh,1/24 CT,PROPACK,1.0,1.0,CS,41.65,,41.65,0,0,0,food
196f4a35695e31a7,196f4a35695e31a7,2025-05-21T20:57:47Z,Sysco Order #03831004 - Order Allocated - LARIAT,allocated,Sysco Standard Delivery,03831004,05/21/2025,05/22/2025,1675909,Lettuce Greens Leaf Fresh,4/6 CT,SYSCO/FRESHPOINT NATURAL,1.0,1.0,CS,30.95,,30.95,0,0,0,food
196f4a35695e31a7,196f4a35695e31a7,2025-05-21T20:57:47Z,Sysco Order #03831004 - Order Allocated - LARIAT,allocated,Sysco Standard Delivery,03831004,05/21/2025,05/22/2025,7199680,Lettuce Romaine Washed & Trimmed,2/5 LB,IMPERIAL FRESH,1.0,1.0,CS,32.59,,32.59,0,0,0,food
196f4a35695e31a7,196f4a35695e31a7,2025-05-21T20:57:47Z,Sysco Order #03831004 - Order Allocated - LARIAT,allocated,Sysco Standard Delivery,03831004,05/21/2025,05/22/2025,4002408,Mayonnaise Heavy Duty Pail,1/28LB,SYSCO RELIANCE,1.0,1.0,CS,51.59,,51.59,0,0,0,food
196f4a35695e31a7,196f4a35695e31a7,2025-05-21T20:57:47Z,Sysco Order #03831004 - Order Allocated - LARIAT,allocated,Sysco Standard Delivery,03831004,05/21/2025,05/22/2025,2004547,Basil Fresh Herb,1/1 LB,IMPERIAL FRESH,1.0,1.0,CS,15.99,,15.99,0,0,0,food
196f4a35695e31a7,196f4a35695e31a7,2025-05-21T20:57:47Z,Sysco Order #03831004 - Order Allocated - LARIAT,allocated,Sysco Standard Delivery,03831004,05/21/2025,05/22/2025,2058881,Chives Fresh Herb,1/1 LB,IMPERIAL FRESH,1.0,1.0,CS,21.95,,21.95,0,0,0,food
196f4a35695e31a7,196f4a35695e31a7,2025-05-21T20:57:47Z,Sysco Order #03831004 - Order Allocated - LARIAT,allocated,Sysco Standard Delivery,03831004,05/21/2025,05/22/2025,4685621,Glove Nitrile Foodservice Powder Free Black Ex,10/100CT,SYSCO CLASSIC,1.0,1.0,CS,96.69,,96.69,0,0,0,non_food
196f4a35695e31a7,196f4a35695e31a7,2025-05-21T20:57:47Z,Sysco Order #03831004 - Order Allocated - LARIAT,allocated,Sysco Standard Delivery,03831004,05/21/2025,05/22/2025,7585326,"Bread Sourdough Thick Sliced .75""",6/32 OZ,ROTELLA,1.0,1.0,CS,39.95,,39.95,0,0,0,food
19e6b6843d4dab4a,19e6b6843d4dab4a,2026-05-27T21:47:34Z,Sysco Order #04604579 - Order Allocated - LARIAT,allocated,Sysco Standard Delivery,04604579,05/27/2026,05/28/2026,2166429,Chicken Cvp Breast Boneless-skinless 5 Ounce Halal,4/5 LB,SYSCO CLASSIC,3.0,3.0,CS,94.55,,283.65,0,0,1,food
19e6b6843d4dab4a,19e6b6843d4dab4a,2026-05-27T21:47:34Z,Sysco Order #04604579 - Order Allocated - LARIAT,allocated,Sysco Standard Delivery,04604579,05/27/2026,05/28/2026,1813973,Pork Chop Bone-in Frenched Long Bone,10/12 OZ,BUCKHEAD PRIDE/ NEWPORT PRIDE,1.0,2.0,CS,19.99,LB,157.7,0,1,0,food
19e6b6843d4dab4a,19e6b6843d4dab4a,2026-05-27T21:47:34Z,Sysco Order #04604579 - Order Allocated - LARIAT,allocated,Sysco Standard Delivery,04604579,05/27/2026,05/28/2026,7337114,Spice Peppercorn Green,1/11 OZ,D'ALLASANDRO,1.0,1.0,CS,61.97,,61.97,0,0,0,food
19e6b6843d4dab4a,19e6b6843d4dab4a,2026-05-27T21:47:34Z,Sysco Order #04604579 - Order Allocated - LARIAT,allocated,Sysco Standard Delivery,04604579,05/27/2026,05/28/2026,1008663,Tomato 2 Layer 5x6 Fresh,1/60 CT,IMPERIAL FRESH,2.0,2.0,CS,52.65,,105.3,0,0,0,food
19e6b6843d4dab4a,19e6b6843d4dab4a,2026-05-27T21:47:34Z,Sysco Order #04604579 - Order Allocated - LARIAT,allocated,Sysco Standard Delivery,04604579,05/27/2026,05/28/2026,3554615,"Potato Fry 5/16"" Beer Extra Long",6/5 LB,SYSCO PREMIUM,4.0,4.0,CS,55.0,,220.0,0,0,0,food
19e6b6843d4dab4a,19e6b6843d4dab4a,2026-05-27T21:47:34Z,Sysco Order #04604579 - Order Allocated - LARIAT,allocated,Sysco Standard Delivery,04604579,05/27/2026,05/28/2026,3777570,Bacon Shingle Center-cut 7-9 Per Pound Honey Gas Flushed,1/15#,DAILYS BACON,1.0,1.0,CS,69.75,,69.75,0,0,0,food
19e6b6843d4dab4a,19e6b6843d4dab4a,2026-05-27T21:47:34Z,Sysco Order #04604579 - Order Allocated - LARIAT,allocated,Sysco Standard Delivery,04604579,05/27/2026,05/28/2026,5101078,Butter Solid Unsalted Usda Aa,30/1 LB,WHOLESOME FARMS IMPERIAL,1.0,1.0,CS,103.74,,103.74,0,0,0,food
19e6b6843d4dab4a,19e6b6843d4dab4a,2026-05-27T21:47:34Z,Sysco Order #04604579 - Order Allocated - LARIAT,allocated,Sysco Standard Delivery,04604579,05/27/2026,05/28/2026,7210310,Buttermilk Whole Qt,12/1 QT,MEADOW GOLD,1.0,1.0,CS,34.6,,34.6,0,0,0,food
19e6b6843d4dab4a,19e6b6843d4dab4a,2026-05-27T21:47:34Z,Sysco Order #04604579 - Order Allocated - LARIAT,allocated,Sysco Standard Delivery,04604579,05/27/2026,05/28/2026,7492218,Cake Chocolate Fudge 10 Inch,2/110 OZ,CHEESECAKE FACTORY BAKERY,1.0,1.0,CS,136.95,,136.95,0,0,0,food
19e6b6843d4dab4a,19e6b6843d4dab4a,2026-05-27T21:47:34Z,Sysco Order #04604579 - Order Allocated - LARIAT,allocated,Sysco Standard Delivery,04604579,05/27/2026,05/28/2026,8516029,"Potato Sweet Julienne .188""",5/3 LB,LAMB WESTON,4.0,4.0,CS,50.25,,201.0,0,0,0,food
19e6b6843d4dab4a,19e6b6843d4dab4a,2026-05-27T21:47:34Z,Sysco Order #04604579 - Order Allocated - LARIAT,allocated,Sysco Standard Delivery,04604579,05/27/2026,05/28/2026,7019826,Tortilla Corn White 6.25 Inch,4/90 CT,LA BANDERITA,2.0,2.0,CS,39.55,,79.1,0,0,0,food
19e6b6843d4dab4a,19e6b6843d4dab4a,2026-05-27T21:47:34Z,Sysco Order #04604579 - Order Allocated - LARIAT,allocated,Sysco Standard Delivery,04604579,05/27/2026,05/28/2026,3029614,Butter Clarified 4-5#,4/5 LB,WHOLESOME FARMS CLASSIC,1.0,1.0,CS,103.95,,103.95,0,0,0,food
19e6b6843d4dab4a,19e6b6843d4dab4a,2026-05-27T21:47:34Z,Sysco Order #04604579 - Order Allocated - LARIAT,allocated,Sysco Standard Delivery,04604579,05/27/2026,05/28/2026,1400464,Chicken Tenders Breaded Golden Flat Large,2/5 LB,SYSCO CLASSIC,2.0,2.0,CS,51.57,,103.14,0,0,0,food
19e6b6843d4dab4a,19e6b6843d4dab4a,2026-05-27T21:47:34Z,Sysco Order #04604579 - Order Allocated - LARIAT,allocated,Sysco Standard Delivery,04604579,05/27/2026,05/28/2026,2369233,Chicken Wing Steamed Precooked Large,2/5LB,SYSCO CLASSIC,4.0,4.0,CS,44.95,,179.8,0,0,0,food
19e6b6843d4dab4a,19e6b6843d4dab4a,2026-05-27T21:47:34Z,Sysco Order #04604579 - Order Allocated - LARIAT,allocated,Sysco Standard Delivery,04604579,05/27/2026,05/28/2026,5847011,Oil Olive Pomace Tin,3/1GAL,ARREZZIO CLASSIC,1.0,1.0,CS,93.23,,93.23,0,0,0,food
19e6b6843d4dab4a,19e6b6843d4dab4a,2026-05-27T21:47:34Z,Sysco Order #04604579 - Order Allocated - LARIAT,allocated,Sysco Standard Delivery,04604579,05/27/2026,05/28/2026,7005009,Chile Green Hatch Diced Mild,5/5LB,YOUNG GUNS PRODUCE,1.0,1.0,CS,53.95,,53.95,0,0,0,food
19e6b6843d4dab4a,19e6b6843d4dab4a,2026-05-27T21:47:34Z,Sysco Order #04604579 - Order Allocated - LARIAT,allocated,Sysco Standard Delivery,04604579,05/27/2026,05/28/2026,5661143,Tomato Cherry Heirloom Mix,12/.5 PTS,PACKER,1.0,1.0,CS,65.95,,65.95,0,0,0,food
19e6b6843d4dab4a,19e6b6843d4dab4a,2026-05-27T21:47:34Z,Sysco Order #04604579 - Order Allocated - LARIAT,allocated,Sysco Standard Delivery,04604579,05/27/2026,05/28/2026,4685621,Glove Nitrile Foodservice Powder-free Black Extra-large,10/100CT,SYSCO CLASSIC,1.0,1.0,CS,46.99,,46.99,0,0,0,non_food
19e6b6843d4dab4a,19e6b6843d4dab4a,2026-05-27T21:47:34Z,Sysco Order #04604579 - Order Allocated - LARIAT,allocated,Sysco Standard Delivery,04604579,05/27/2026,05/28/2026,8231512,Container Plastic Deli Translucent With Lid,240/32OZ,DELITAINER (NEWSPRING),1.0,1.0,CS,57.99,,57.99,0,0,0,non_food
19e6b6843d4dab4a,19e6b6843d4dab4a,2026-05-27T21:47:34Z,Sysco Order #04604579 - Order Allocated - LARIAT,allocated,Sysco Standard Delivery,04604579,05/27/2026,05/28/2026,8018838,Container Plastic Deli Translucent With Lid,240/16OZ,DELITAINER (NEWSPRING),1.0,1.0,CS,34.95,,34.95,0,0,0,non_food
19e6b6843d4dab4a,19e6b6843d4dab4a,2026-05-27T21:47:34Z,Sysco Order #04604579 - Order Allocated - LARIAT,allocated,Sysco Standard Delivery,04604579,05/27/2026,05/28/2026,7064453,Container Paper Polylactic Acid Lined Soup Container 8 Ounce,20/25 CT,EARTH PLUS,1.0,1.0,CS,134.95,,134.95,0,0,0,non_food
19e6b6843d4dab4a,19e6b6843d4dab4a,2026-05-27T21:47:34Z,Sysco Order #04604579 - Order Allocated - LARIAT,allocated,Sysco Standard Delivery,04604579,05/27/2026,05/28/2026,5793963,"Grill Brick 3.5"" Thick",12/1EA,SYSCO SUPPLIES CLASSIC,1.0,1.0,CS,47.99,,47.99,0,0,0,non_food
19e6b6843d4dab4a,19e6b6843d4dab4a,2026-05-27T21:47:34Z,Sysco Order #04604579 - Order Allocated - LARIAT,allocated,Sysco Standard Delivery,04604579,05/27/2026,05/28/2026,4595138,Cleaner Grill And Panini High Temperature,6/32 OZ,ECOLAB,1.0,1.0,CS,164.55,,164.55,0,0,0,non_food
19e6b6843d4dab4a,19e6b6843d4dab4a,2026-05-27T21:47:34Z,Sysco Order #04604579 - Order Allocated - LARIAT,allocated,Sysco Standard Delivery,04604579,05/27/2026,05/28/2026,4566873,Mix Cornbread Homestyle Complete,6/5 LB,KRUSTEAZ,1.0,1.0,CS,87.95,,87.95,0,0,0,food
19e6b6843d4dab4a,19e6b6843d4dab4a,2026-05-27T21:47:34Z,Sysco Order #04604579 - Order Allocated - LARIAT,allocated,Sysco Standard Delivery,04604579,05/27/2026,05/28/2026,8378111,Flour All Purpose Hotel & Restaurant Bleached,1/50LB,SYSCO CLASSIC,2.0,2.0,CS,21.99,,43.98,0,0,0,food
19e6b6843d4dab4a,19e6b6843d4dab4a,2026-05-27T21:47:34Z,Sysco Order #04604579 - Order Allocated - LARIAT,allocated,Sysco Standard Delivery,04604579,05/27/2026,05/28/2026,4782694,Sugar Granulated Extra Fine Cane,1/50LB,SYSCO CLASSIC,1.0,1.0,CS,44.35,,44.35,0,0,0,food
19e6b6843d4dab4a,19e6b6843d4dab4a,2026-05-27T21:47:34Z,Sysco Order #04604579 - Order Allocated - LARIAT,allocated,Sysco Standard Delivery,04604579,05/27/2026,05/28/2026,6040885,Pasta Cavatappi 100% Durum Wheat Semolina,2/10 LB,PASTA LABELLA,1.0,1.0,CS,37.55,,37.55,0,0,0,food
19e6b6843d4dab4a,19e6b6843d4dab4a,2026-05-27T21:47:34Z,Sysco Order #04604579 - Order Allocated - LARIAT,allocated,Sysco Standard Delivery,04604579,05/27/2026,05/28/2026,7644909,Fry On Shortening Frying Liquid,1/35 LB,SYSCO PREMIUM,4.0,4.0,CS,64.5,,258.0,0,0,0,food
19e6b6843d4dab4a,19e6b6843d4dab4a,2026-05-27T21:47:34Z,Sysco Order #04604579 - Order Allocated - LARIAT,allocated,Sysco Standard Delivery,04604579,05/27/2026,05/28/2026,4011078,Pudding Vanilla Ready To Use,6/#10,SYSCO CLASSIC,1.0,1.0,CS,81.95,,81.95,0,0,0,food
19e6b6843d4dab4a,19e6b6843d4dab4a,2026-05-27T21:47:34Z,Sysco Order #04604579 - Order Allocated - LARIAT,allocated,Sysco Standard Delivery,04604579,05/27/2026,05/28/2026,7435266,Film Pvc 18 Inchx2000 Feet Roll,1/18 IN,SYSCO CLASSIC,4.0,4.0,CS,21.95,,87.8,0,0,0,non_food
19e6b6843d4dab4a,19e6b6843d4dab4a,2026-05-27T21:47:34Z,Sysco Order #04604579 - Order Allocated - LARIAT,allocated,Sysco Standard Delivery,04604579,05/27/2026,05/28/2026,5934567,Liner Trash 39 Inch X 56 Inch 1.7 Mil Silver Linear Low-density Polyethylene (lldpe),50/55GAL,SYSCO CLASSIC,1.0,1.0,CS,47.28,,47.28,0,0,0,non_food
19e6b6843d4dab4a,19e6b6843d4dab4a,2026-05-27T21:47:34Z,Sysco Order #04604579 - Order Allocated - LARIAT,allocated,Sysco Standard Delivery,04604579,05/27/2026,05/28/2026,5229406,Spice Pepper Cayenne Ground,3/4.5LB,SYSCO IMPERIAL/MCCORMICK,1.0,1.0,EA,61.55,,61.55,0,0,0,food
19e6b6843d4dab4a,19e6b6843d4dab4a,2026-05-27T21:47:34Z,Sysco Order #04604579 - Order Allocated - LARIAT,allocated,Sysco Standard Delivery,04604579,05/27/2026,05/28/2026,5913454,Spice Pepper Red Crushed,3/3.25LB,SYSCO IMPERIAL/MCCORMICK,1.0,1.0,EA,49.85,,49.85,0,0,0,food
19e6b6843d4dab4a,19e6b6843d4dab4a,2026-05-27T21:47:34Z,Sysco Order #04604579 - Order Allocated - LARIAT,allocated,Sysco Standard Delivery,04604579,05/27/2026,05/28/2026,1901992,Sauce Chili Sweet Thai,12/32 OZ,MAEPLOY (UNIQUE FOODS),1.0,1.0,CS,64.08,,64.08,0,0,0,food
19e6b6843d4dab4a,19e6b6843d4dab4a,2026-05-27T21:47:34Z,Sysco Order #04604579 - Order Allocated - LARIAT,allocated,Sysco Standard Delivery,04604579,05/27/2026,05/28/2026,7459830,Beef Ground Patty Special Blend,30/7 OZ,BUCKHEAD PRIDE/ NEWPORT PRIDE,1.0,1.0,CS,98.79,,98.79,0,0,0,food
19e6b6843d4dab4a,19e6b6843d4dab4a,2026-05-27T21:47:34Z,Sysco Order #04604579 - Order Allocated - LARIAT,allocated,Sysco Standard Delivery,04604579,05/27/2026,05/28/2026,6935464,Cream Heavy 40% Extended Shelf Life Stabilized,12/32OZ,WHOLESOME FARMS CLASSIC,1.0,1.0,CS,61.79,,61.79,0,0,0,food
19e6b6843d4dab4a,19e6b6843d4dab4a,2026-05-27T21:47:34Z,Sysco Order #04604579 - Order Allocated - LARIAT,allocated,Sysco Standard Delivery,04604579,05/27/2026,05/28/2026,7585326,"Bread Sourdough Thick Sliced .75""",6/32 OZ,ROTELLA,1.0,1.0,CS,40.26,,40.26,0,0,0,food
19e6b6843d4dab4a,19e6b6843d4dab4a,2026-05-27T21:47:34Z,Sysco Order #04604579 - Order Allocated - LARIAT,allocated,Sysco Standard Delivery,04604579,05/27/2026,05/28/2026,9516907,Lettuce Spring Mix Sweet Pillow,1/3 LB,IMPERIAL FRESH,3.0,3.0,CS,14.49,,43.47,0,0,0,food
19e6b5375ac55741,19e6b5375ac55741,2026-05-27T21:24:51Z,Sysco Order May 20 2026 03:11 PM  - Order Confirmation - LARIAT,confirmation,Sysco Standard Delivery,14350664,05/27/2026,05/27/2026,8693048,Cup Bouillon Ceramic Pearl White 8 Ounces,36/8 OZ,TUXTON (S&E),1.0,1.0,CS,283.96,,283.96,1,0,0,food
19e6eeeabcf0e57f,19e6eeeabcf0e57f,2026-05-28T14:13:14Z,Sysco Order #04605146 - Order Allocated - LARIAT,allocated,Sysco Standard Delivery,04605146,05/28/2026,05/29/2026,4365557,Towelette Moist Wet Napkin,10/100 CT,NICE PAK CORPORATION,1.0,1.0,CS,70.95,,70.95,0,0,0,non_food
19e6eeeabcf0e57f,19e6eeeabcf0e57f,2026-05-28T14:13:14Z,Sysco Order #04605146 - Order Allocated - LARIAT,allocated,Sysco Standard Delivery,04605146,05/28/2026,05/29/2026,7064461,Container Mfpp 1 Compartment Hinged 9 Inch X 9 Inch White,1/120 CT,EARTH PLUS,1.0,1.0,CS,28.13,,28.13,0,0,0,non_food
19e6eeeabcf0e57f,19e6eeeabcf0e57f,2026-05-28T14:13:14Z,Sysco Order #04605146 - Order Allocated - LARIAT,allocated,Sysco Standard Delivery,04605146,05/28/2026,05/29/2026,7240383,Container Biodeg Hinged 6x6x3.3,1/500 PC,CONSERVE,1.0,1.0,CS,78.99,,78.99,0,0,0,non_food
19e6eeeabcf0e57f,19e6eeeabcf0e57f,2026-05-28T14:13:14Z,Sysco Order #04605146 - Order Allocated - LARIAT,allocated,Sysco Standard Delivery,04605146,05/28/2026,05/29/2026,7183963,"Kit Cutlery Fork, Knife, Spoon/salt And Pepper",1/250CT,SYSCO CLASSIC,1.0,1.0,CS,26.24,,26.24,0,0,0,non_food
19e6eeeabcf0e57f,19e6eeeabcf0e57f,2026-05-28T14:13:14Z,Sysco Order #04605146 - Order Allocated - LARIAT,allocated,Sysco Standard Delivery,04605146,05/28/2026,05/29/2026,7790795,Lid Plastic Clear For 1.5-2.5 Ounce Portion,24/100CT,SYSCO IMPERIAL,1.0,1.0,CS,19.67,,19.67,0,0,0,non_food
19e6eeeabcf0e57f,19e6eeeabcf0e57f,2026-05-28T14:13:14Z,Sysco Order #04605146 - Order Allocated - LARIAT,allocated,Sysco Standard Delivery,04605146,05/28/2026,05/29/2026,7337216,Bag Plastic T Shirt 13x8x23 Total Take Out,1/500 CT,SYSCO CLASSIC,1.0,1.0,CS,26.99,,26.99,0,0,0,non_food
19e6eeeabcf0e57f,19e6eeeabcf0e57f,2026-05-28T14:13:14Z,Sysco Order #04605146 - Order Allocated - LARIAT,allocated,Sysco Standard Delivery,04605146,05/28/2026,05/29/2026,8379251,Flour All Purpose Hotel & Restaurant Bleached,1/25LB,SYSCO CLASSIC,2.0,2.0,CS,11.95,,23.9,0,0,0,food
19e7f8796db61bb1,19e7f8796db61bb1,2026-05-31T19:34:12Z,Sysco Order #04611612 - Order Allocated - LARIAT,allocated,Sysco Standard Delivery,04611612,05/31/2026,06/01/2026,5934567,Liner Trash 39 Inch X 56 Inch 1.7 Mil Silver Linear Low-density Polyethylene (lldpe),50/55GAL,SYSCO CLASSIC,1.0,1.0,CS,47.28,,47.28,0,0,0,non_food
19e7f8796db61bb1,19e7f8796db61bb1,2026-05-31T19:34:12Z,Sysco Order #04611612 - Order Allocated - LARIAT,allocated,Sysco Standard Delivery,04611612,05/31/2026,06/01/2026,8139529,"Tortilla Flour 14""",8/12CT,LA BANDERITA,1.0,1.0,CS,47.89,,47.89,0,0,0,food
19e7f8796db61bb1,19e7f8796db61bb1,2026-05-31T19:34:12Z,Sysco Order #04611612 - Order Allocated - LARIAT,allocated,Sysco Standard Delivery,04611612,05/31/2026,06/01/2026,1225267,Ice Cream Vanilla Premium,1/3 GAL,BLUE BUNNY,1.0,1.0,CS,35.78,,35.78,0,0,0,food
19e7f8796db61bb1,19e7f8796db61bb1,2026-05-31T19:34:12Z,Sysco Order #04611612 - Order Allocated - LARIAT,allocated,Sysco Standard Delivery,04611612,05/31/2026,06/01/2026,1491552,"Bun Brioche 4.5""",8/10CT,TURANO,2.0,2.0,CS,60.93,,121.86,0,0,0,food
19e7f8796db61bb1,19e7f8796db61bb1,2026-05-31T19:34:12Z,Sysco Order #04611612 - Order Allocated - LARIAT,allocated,Sysco Standard Delivery,04611612,05/31/2026,06/01/2026,1008663,Tomato 2 Layer 5x6 Fresh,1/60 CT,IMPERIAL FRESH,2.0,2.0,CS,49.75,,99.5,0,0,0,food
19e7f8796db61bb1,19e7f8796db61bb1,2026-05-31T19:34:12Z,Sysco Order #04611612 - Order Allocated - LARIAT,allocated,Sysco Standard Delivery,04611612,05/31/2026,06/01/2026,2369233,Chicken Wing Steamed Precooked Large,2/5LB,SYSCO CLASSIC,5.0,5.0,CS,44.95,,224.75,0,0,0,food
19e7f8796db61bb1,19e7f8796db61bb1,2026-05-31T19:34:12Z,Sysco Order #04611612 - Order Allocated - LARIAT,allocated,Sysco Standard Delivery,04611612,05/31/2026,06/01/2026,5098496,Pork Ham Shank Pig Wing 4 Ounce,2/4.5LB,SYSCO CLASSIC,2.0,2.0,CS,95.79,,191.58,0,0,0,food
19e7f8796db61bb1,19e7f8796db61bb1,2026-05-31T19:34:12Z,Sysco Order #04611612 - Order Allocated - LARIAT,allocated,Sysco Standard Delivery,04611612,05/31/2026,06/01/2026,3369347,Sauce Wing Buffalo,4/1 GAL,SWEET BABY RAY'S,1.0,1.0,CS,87.45,,87.45,0,0,0,food
19e7f8796db61bb1,19e7f8796db61bb1,2026-05-31T19:34:12Z,Sysco Order #04611612 - Order Allocated - LARIAT,allocated,Sysco Standard Delivery,04611612,05/31/2026,06/01/2026,7492218,Cake Chocolate Fudge 10 Inch,2/110 OZ,CHEESECAKE FACTORY BAKERY,1.0,1.0,CS,136.95,,136.95,0,0,0,food
19e7f8796db61bb1,19e7f8796db61bb1,2026-05-31T19:34:12Z,Sysco Order #04611612 - Order Allocated - LARIAT,allocated,Sysco Standard Delivery,04611612,05/31/2026,06/01/2026,9123399,Tomatillo Crushed,6/#10,DEL SOL (CANNED),2.0,2.0,CS,41.75,,83.5,0,0,0,food
19e7f8796db61bb1,19e7f8796db61bb1,2026-05-31T19:34:12Z,Sysco Order #04611612 - Order Allocated - LARIAT,allocated,Sysco Standard Delivery,04611612,05/31/2026,06/01/2026,4685594,Glove Nitrile Foodservice Powder-free Black Medium,10/100CT,SYSCO CLASSIC,1.0,1.0,CS,46.99,,46.99,0,0,0,non_food
19e7f8796db61bb1,19e7f8796db61bb1,2026-05-31T19:34:12Z,Sysco Order #04611612 - Order Allocated - LARIAT,allocated,Sysco Standard Delivery,04611612,05/31/2026,06/01/2026,4685614,Glove Nitrile Foodservice Powder-free Black Large,10/100CT,SYSCO CLASSIC,1.0,1.0,CS,46.99,,46.99,0,0,0,non_food
19e7f8796db61bb1,19e7f8796db61bb1,2026-05-31T19:34:12Z,Sysco Order #04611612 - Order Allocated - LARIAT,allocated,Sysco Standard Delivery,04611612,05/31/2026,06/01/2026,4595138,Cleaner Grill And Panini High Temperature,6/32 OZ,ECOLAB,1.0,1.0,CS,164.55,,164.55,0,0,0,non_food
19e7f8796db61bb1,19e7f8796db61bb1,2026-05-31T19:34:12Z,Sysco Order #04611612 - Order Allocated - LARIAT,allocated,Sysco Standard Delivery,04611612,05/31/2026,06/01/2026,1376805,"Pad Scour Green 6"" X 9"" Antimicrobial",1/20CT,SYSCO SUPPLIES CLASSIC,2.0,2.0,CS,14.95,,29.9,0,0,0,non_food
19e7f8796db61bb1,19e7f8796db61bb1,2026-05-31T19:34:12Z,Sysco Order #04611612 - Order Allocated - LARIAT,allocated,Sysco Standard Delivery,04611612,05/31/2026,06/01/2026,4566873,Mix Cornbread Homestyle Complete,6/5 LB,KRUSTEAZ,1.0,1.0,CS,87.95,,87.95,0,0,0,food
19e7f8796db61bb1,19e7f8796db61bb1,2026-05-31T19:34:12Z,Sysco Order #04611612 - Order Allocated - LARIAT,allocated,Sysco Standard Delivery,04611612,05/31/2026,06/01/2026,8516029,"Potato Sweet Julienne .188""",5/3 LB,LAMB WESTON,4.0,4.0,CS,50.25,,201.0,0,0,0,food
19e7f8796db61bb1,19e7f8796db61bb1,2026-05-31T19:34:12Z,Sysco Order #04611612 - Order Allocated - LARIAT,allocated,Sysco Standard Delivery,04611612,05/31/2026,06/01/2026,5535679,Capers Nonpareil Imported,12/16 OZ,SYSCO IMPERIAL,1.0,1.0,CS,71.95,,71.95,0,0,0,food
19e7f8796db61bb1,19e7f8796db61bb1,2026-05-31T19:34:12Z,Sysco Order #04611612 - Order Allocated - LARIAT,allocated,Sysco Standard Delivery,04611612,05/31/2026,06/01/2026,1970896,"Tortilla Corn White 6""",12/60 CT,MISSION FOODS,2.0,2.0,CS,46.79,,93.58,0,0,0,food
19e7f8796db61bb1,19e7f8796db61bb1,2026-05-31T19:34:12Z,Sysco Order #04611612 - Order Allocated - LARIAT,allocated,Sysco Standard Delivery,04611612,05/31/2026,06/01/2026,4007837,Sauce Tabasco Hot,12/12 OZ,TABASCO,1.0,1.0,CS,85.21,,85.21,0,0,0,food
19e7f8796db61bb1,19e7f8796db61bb1,2026-05-31T19:34:12Z,Sysco Order #04611612 - Order Allocated - LARIAT,allocated,Sysco Standard Delivery,04611612,05/31/2026,06/01/2026,7814881,Cheese Cheddar Sharp Slice White,4/2.5 LB,ALP&DELL,1.0,1.0,CS,51.65,,51.65,0,0,0,food
19e7f8796db61bb1,19e7f8796db61bb1,2026-05-31T19:34:12Z,Sysco Order #04611612 - Order Allocated - LARIAT,allocated,Sysco Standard Delivery,04611612,05/31/2026,06/01/2026,2406189,Cheese Cheddar Jack Fancy Shredded,4/5LB,CASA SOLANA IMPERIAL,1.0,1.0,CS,60.2,,60.2,0,0,0,food
19e7f8796db61bb1,19e7f8796db61bb1,2026-05-31T19:34:12Z,Sysco Order #04611612 - Order Allocated - LARIAT,allocated,Sysco Standard Delivery,04611612,05/31/2026,06/01/2026,9927799,Pepper Jalapeno Fresh,1/10 LB,IMPERIAL FRESH,1.0,1.0,CS,25.45,,25.45,0,0,0,food
19e7f8796db61bb1,19e7f8796db61bb1,2026-05-31T19:34:12Z,Sysco Order #04611612 - Order Allocated - LARIAT,allocated,Sysco Standard Delivery,04611612,05/31/2026,06/01/2026,1007350,Avocado Hass Breaking Fresh,1/48 CT,PROPACK,1.0,1.0,CS,84.89,,84.89,0,0,0,food
19e7f8796db61bb1,19e7f8796db61bb1,2026-05-31T19:34:12Z,Sysco Order #04611612 - Order Allocated - LARIAT,allocated,Sysco Standard Delivery,04611612,05/31/2026,06/01/2026,1210550,Tomato Paste Fancy California,24/6 OZ,HUNTS,1.0,1.0,CS,30.49,,30.49,0,0,0,food
19e8f793457d75a4,19e8f7a815cb5580,2026-06-03T21:53:50Z,Sysco Order #04619977 - Order Allocated - LARIAT,allocated,Sysco Standard Delivery,04619977,06/03/2026,06/04/2026,7315452,Buttermilk 1 Percent Baking Blend,6/64 FOZ,WHOLESOME FARMS CLASSIC,1.0,1.0,CS,22.7,,22.7,0,0,1,food
19e8f793457d75a4,19e8f7a815cb5580,2026-06-03T21:53:50Z,Sysco Order #04619977 - Order Allocated - LARIAT,allocated,Sysco Standard Delivery,04619977,06/03/2026,06/04/2026,2004992,Tarragon Fresh Herb,1/1 LB,IMPERIAL FRESH,1.0,1.0,CS,19.55,,19.55,0,0,1,food
19e8f793457d75a4,19e8f7a815cb5580,2026-06-03T21:53:50Z,Sysco Order #04619977 - Order Allocated - LARIAT,allocated,Sysco Standard Delivery,04619977,06/03/2026,06/04/2026,7199706,Lettuce Greens Leaf Washed & Trimmed,2/5 LB,IMPERIAL FRESH,1.0,1.0,CS,38.85,,38.85,0,0,1,food
19e8f793457d75a4,19e8f7a815cb5580,2026-06-03T21:53:50Z,Sysco Order #04619977 - Order Allocated - LARIAT,allocated,Sysco Standard Delivery,04619977,06/03/2026,06/04/2026,5172253,Mix Pancake Waffle Buttermilk Complete,6/5 LB,KRUSTEAZ,1.0,1.0,CS,84.65,,84.65,0,0,0,food
19e8f793457d75a4,19e8f7a815cb5580,2026-06-03T21:53:50Z,Sysco Order #04619977 - Order Allocated - LARIAT,allocated,Sysco Standard Delivery,04619977,06/03/2026,06/04/2026,6040885,Pasta Cavatappi 100% Durum Wheat Semolina,2/10 LB,PASTA LABELLA,1.0,1.0,CS,37.55,,37.55,0,0,0,food
19e8f793457d75a4,19e8f7a815cb5580,2026-06-03T21:53:50Z,Sysco Order #04619977 - Order Allocated - LARIAT,allocated,Sysco Standard Delivery,04619977,06/03/2026,06/04/2026,7459830,Beef Ground Patty Special Blend,30/7 OZ,BUCKHEAD PRIDE/ NEWPORT PRIDE,6.0,6.0,CS,98.95,,593.7,0,0,0,food
19e8f793457d75a4,19e8f7a815cb5580,2026-06-03T21:53:50Z,Sysco Order #04619977 - Order Allocated - LARIAT,allocated,Sysco Standard Delivery,04619977,06/03/2026,06/04/2026,3777570,Bacon Shingle Center-cut 7-9 Per Pound Honey Gas Flushed,1/15#,DAILYS BACON,3.0,3.0,CS,69.75,,209.25,0,0,0,food
19e8f793457d75a4,19e8f7a815cb5580,2026-06-03T21:53:50Z,Sysco Order #04619977 - Order Allocated - LARIAT,allocated,Sysco Standard Delivery,04619977,06/03/2026,06/04/2026,3554615,"Potato Fry 5/16"" Beer Extra Long",6/5 LB,SYSCO PREMIUM,4.0,4.0,CS,55.0,,220.0,0,0,0,food
19e8f793457d75a4,19e8f7a815cb5580,2026-06-03T21:53:50Z,Sysco Order #04619977 - Order Allocated - LARIAT,allocated,Sysco Standard Delivery,04619977,06/03/2026,06/04/2026,7644909,Fry On Shortening Frying Liquid,1/35 LB,SYSCO PREMIUM,2.0,2.0,CS,64.5,,129.0,0,0,0,food
19e8f793457d75a4,19e8f7a815cb5580,2026-06-03T21:53:50Z,Sysco Order #04619977 - Order Allocated - LARIAT,allocated,Sysco Standard Delivery,04619977,06/03/2026,06/04/2026,2369233,Chicken Wing Steamed Precooked Large,2/5LB,SYSCO CLASSIC,4.0,4.0,CS,44.95,,179.8,0,0,0,food
19e8f793457d75a4,19e8f7a815cb5580,2026-06-03T21:53:50Z,Sysco Order #04619977 - Order Allocated - LARIAT,allocated,Sysco Standard Delivery,04619977,06/03/2026,06/04/2026,6046902,Pork Butt Boneless 1/4 7-10 Pounds Each Fresh,8/7-10#,BUTCHERS BLOCK,1.0,1.0,CS,2.508,LB,165.95,0,0,0,food
19e8f793457d75a4,19e8f7a815cb5580,2026-06-03T21:53:50Z,Sysco Order #04619977 - Order Allocated - LARIAT,allocated,Sysco Standard Delivery,04619977,06/03/2026,06/04/2026,5098496,Pork Ham Shank Pig Wing 4 Ounce,2/4.5LB,SYSCO CLASSIC,2.0,2.0,CS,95.79,,191.58,0,0,0,food
19e8f793457d75a4,19e8f7a815cb5580,2026-06-03T21:53:50Z,Sysco Order #04619977 - Order Allocated - LARIAT,allocated,Sysco Standard Delivery,04619977,06/03/2026,06/04/2026,5424254,Trout Rainbow Whole Boned Pin Bone Out 10 Oz Chl,1/10 LB,PORTICO SIMPLY,2.0,2.0,CS,89.95,,179.9,0,0,0,food
19e8f793457d75a4,19e8f7a815cb5580,2026-06-03T21:53:50Z,Sysco Order #04619977 - Order Allocated - LARIAT,allocated,Sysco Standard Delivery,04619977,06/03/2026,06/04/2026,7181814,Sausage Chorizo Bulk Raw,2/7 LB,Polidori,2.0,2.0,CS,78.02,,156.04,0,0,0,food
19e8f793457d75a4,19e8f7a815cb5580,2026-06-03T21:53:50Z,Sysco Order #04619977 - Order Allocated - LARIAT,allocated,Sysco Standard Delivery,04619977,06/03/2026,06/04/2026,7027072,Beef Cheek Meat Caviness Bulk,1/30 LB,PALO DURO,2.0,2.0,CS,5.159,LB,309.54,0,0,0,food
19e8f793457d75a4,19e8f7a815cb5580,2026-06-03T21:53:50Z,Sysco Order #04619977 - Order Allocated - LARIAT,allocated,Sysco Standard Delivery,04619977,06/03/2026,06/04/2026,7301510,Cheese Oaxaca Shred 5 Pounds,4/5LB,CASA SOLANA CLASSIC,1.0,1.0,CS,108.99,,108.99,0,0,0,food
19e8f793457d75a4,19e8f7a815cb5580,2026-06-03T21:53:50Z,Sysco Order #04619977 - Order Allocated - LARIAT,allocated,Sysco Standard Delivery,04619977,06/03/2026,06/04/2026,7082433,Egg Hardcooked White Shell On Cage Free,1/7.5 DZ,PAPETTI'S (EGG PRODUCTS),1.0,1.0,CS,49.89,,49.89,0,0,0,food
19e8f793457d75a4,19e8f7a815cb5580,2026-06-03T21:53:50Z,Sysco Order #04619977 - Order Allocated - LARIAT,allocated,Sysco Standard Delivery,04619977,06/03/2026,06/04/2026,9156746,Lard Cube Deodorized,1/50 LB,SYSCO RELIANCE,1.0,1.0,CS,93.95,,93.95,0,0,0,food
19e8f793457d75a4,19e8f7a815cb5580,2026-06-03T21:53:50Z,Sysco Order #04619977 - Order Allocated - LARIAT,allocated,Sysco Standard Delivery,04619977,06/03/2026,06/04/2026,3029614,Butter Clarified 4-5#,4/5 LB,WHOLESOME FARMS CLASSIC,1.0,1.0,CS,103.95,,103.95,0,0,0,food
19e8f793457d75a4,19e8f7a815cb5580,2026-06-03T21:53:50Z,Sysco Order #04619977 - Order Allocated - LARIAT,allocated,Sysco Standard Delivery,04619977,06/03/2026,06/04/2026,5101078,Butter Solid Unsalted Usda Aa,30/1 LB,WHOLESOME FARMS IMPERIAL,1.0,1.0,CS,103.74,,103.74,0,0,0,food
19e8f793457d75a4,19e8f7a815cb5580,2026-06-03T21:53:50Z,Sysco Order #04619977 - Order Allocated - LARIAT,allocated,Sysco Standard Delivery,04619977,06/03/2026,06/04/2026,7063131,Pickle Chip Bread Butter Refrigerated 500-650 Count,1/2 GAL,BLOCK & BARREL CLASSIC,1.0,1.0,CS,28.84,,28.84,0,0,0,food
19e8f793457d75a4,19e8f7a815cb5580,2026-06-03T21:53:50Z,Sysco Order #04619977 - Order Allocated - LARIAT,allocated,Sysco Standard Delivery,04619977,06/03/2026,06/04/2026,9903289,Cilantro Fresh Iceless,1/60 CT,IMPERIAL FRESH,1.0,1.0,CS,25.45,,25.45,0,0,0,food
19e8f793457d75a4,19e8f7a815cb5580,2026-06-03T21:53:50Z,Sysco Order #04619977 - Order Allocated - LARIAT,allocated,Sysco Standard Delivery,04619977,06/03/2026,06/04/2026,2058881,Chives Fresh Herb,1/1 LB,IMPERIAL FRESH,1.0,1.0,CS,18.55,,18.55,0,0,0,food
19e8f793457d75a4,19e8f7a815cb5580,2026-06-03T21:53:50Z,Sysco Order #04619977 - Order Allocated - LARIAT,allocated,Sysco Standard Delivery,04619977,06/03/2026,06/04/2026,2004810,Rosemary Fresh Herb,1/4 OZ,IMPERIAL FRESH,1.0,1.0,CS,8.99,,8.99,0,0,0,food
19e8f793457d75a4,19e8f7a815cb5580,2026-06-03T21:53:50Z,Sysco Order #04619977 - Order Allocated - LARIAT,allocated,Sysco Standard Delivery,04619977,06/03/2026,06/04/2026,4676306,Milk Whole Gallon,4/1 GAL,WHOLESOME FARMS CLASSIC,1.0,1.0,CS,23.13,,23.13,0,0,0,food
19e8f793457d75a4,19e8f7a815cb5580,2026-06-03T21:53:50Z,Sysco Order #04619977 - Order Allocated - LARIAT,allocated,Sysco Standard Delivery,04619977,06/03/2026,06/04/2026,1400464,Chicken Tenders Breaded Golden Flat Large,2/5 LB,SYSCO CLASSIC,2.0,2.0,CS,49.28,,98.56,0,0,0,food
19e8f793457d75a4,19e8f7a815cb5580,2026-06-03T21:53:50Z,Sysco Order #04619977 - Order Allocated - LARIAT,allocated,Sysco Standard Delivery,04619977,06/03/2026,06/04/2026,1675719,Cabbage Red Shredded Fresh,4/5 LB,IMPERIAL FRESH,1.0,1.0,CS,49.99,,49.99,0,0,0,food
19e8f793457d75a4,19e8f7a815cb5580,2026-06-03T21:53:50Z,Sysco Order #04619977 - Order Allocated - LARIAT,allocated,Sysco Standard Delivery,04619977,06/03/2026,06/04/2026,1094697,Onions White Jumbo Bag,1/50LB,IMPERIAL FRESH,1.0,1.0,CS,34.79,,34.79,0,0,0,food
19ea3efda52f7561,19ea3efda52f7561,2026-06-07T21:14:25Z,Sysco Order #04627393 - Order Allocated - LARIAT,allocated,Sysco Standard Delivery,04627393,06/07/2026,06/08/2026,2004968,Tarragon Fresh Herb,1/4 OZ,IMPERIAL FRESH,1.0,1.0,CS,7.79,,7.79,0,0,1,food
19ea3efda52f7561,19ea3efda52f7561,2026-06-07T21:14:25Z,Sysco Order #04627393 - Order Allocated - LARIAT,allocated,Sysco Standard Delivery,04627393,06/07/2026,06/08/2026,1438854,Lid To Go Plastic White For 8/12/16,20/50CT,PACTIV CORP,1.0,1.0,CS,99.95,,99.95,0,0,0,non_food
19ea3efda52f7561,19ea3efda52f7561,2026-06-07T21:14:25Z,Sysco Order #04627393 - Order Allocated - LARIAT,allocated,Sysco Standard Delivery,04627393,06/07/2026,06/08/2026,8768871,Juice Lime Lightly Pasteurized,4/1GAL,SYSCO NATURAL,1.0,1.0,CS,54.27,,54.27,0,0,0,beverage
19ea3efda52f7561,19ea3efda52f7561,2026-06-07T21:14:25Z,Sysco Order #04627393 - Order Allocated - LARIAT,allocated,Sysco Standard Delivery,04627393,06/07/2026,06/08/2026,1008663,Tomato 2 Layer 5x6 Fresh,1/60 CT,IMPERIAL FRESH,2.0,2.0,CS,40.99,,81.98,0,0,0,food
19ea3efda52f7561,19ea3efda52f7561,2026-06-07T21:14:25Z,Sysco Order #04627393 - Order Allocated - LARIAT,allocated,Sysco Standard Delivery,04627393,06/07/2026,06/08/2026,1094697,Onions White Jumbo Bag,1/50LB,IMPERIAL FRESH,1.0,1.0,CS,33.99,,33.99,0,0,0,food
19ea3efda52f7561,19ea3efda52f7561,2026-06-07T21:14:25Z,Sysco Order #04627393 - Order Allocated - LARIAT,allocated,Sysco Standard Delivery,04627393,06/07/2026,06/08/2026,4692174,Tortilla Flour Pressed 6 Inch,12/24CT,LA BANDERITA,2.0,2.0,CS,28.99,,57.98,0,0,0,food
19ea3efda52f7561,19ea3efda52f7561,2026-06-07T21:14:25Z,Sysco Order #04627393 - Order Allocated - LARIAT,allocated,Sysco Standard Delivery,04627393,06/07/2026,06/08/2026,4527903,Towel Roll Complete 360 Natural 8,3/1150FT,SYSCO IMPERIAL,1.0,1.0,CS,51.55,,51.55,0,0,0,non_food
19ea3efda52f7561,19ea3efda52f7561,2026-06-07T21:14:25Z,Sysco Order #04627393 - Order Allocated - LARIAT,allocated,Sysco Standard Delivery,04627393,06/07/2026,06/08/2026,5661467,Spice Pepper Black Shaker Ground,3/5 LB,SYSCO IMPERIAL/MCCORMICK,1.0,1.0,CS,298.77,,298.77,0,0,0,food
19ea3efda52f7561,19ea3efda52f7561,2026-06-07T21:14:25Z,Sysco Order #04627393 - Order Allocated - LARIAT,allocated,Sysco Standard Delivery,04627393,06/07/2026,06/08/2026,5236690,Spice Paprika Domestic Ground,3/4.5LB,SYSCO CLASSIC,1.0,1.0,EA,27.95,,27.95,0,0,0,food
19ea3efda52f7561,19ea3efda52f7561,2026-06-07T21:14:25Z,Sysco Order #04627393 - Order Allocated - LARIAT,allocated,Sysco Standard Delivery,04627393,06/07/2026,06/08/2026,1491552,"Bun Brioche 4.5""",8/10CT,TURANO,1.0,1.0,CS,60.93,,60.93,0,0,0,food
19ea3efda52f7561,19ea3efda52f7561,2026-06-07T21:14:25Z,Sysco Order #04627393 - Order Allocated - LARIAT,allocated,Sysco Standard Delivery,04627393,06/07/2026,06/08/2026,3554615,"Potato Fry 5/16"" Beer Extra Long",6/5 LB,SYSCO PREMIUM,3.0,3.0,CS,55.0,,165.0,0,0,0,food
19ea3efda52f7561,19ea3efda52f7561,2026-06-07T21:14:25Z,Sysco Order #04627393 - Order Allocated - LARIAT,allocated,Sysco Standard Delivery,04627393,06/07/2026,06/08/2026,1121169,Celery Fresh,1/36CT,IMPERIAL FRESH,1.0,1.0,CS,41.55,,41.55,0,0,0,food
19ea3efda52f7561,19ea3efda52f7561,2026-06-07T21:14:25Z,Sysco Order #04627393 - Order Allocated - LARIAT,allocated,Sysco Standard Delivery,04627393,06/07/2026,06/08/2026,3554611,Cheese Cheddar Sharp Sliced Interleafed .75 Yellow,8/1.5 LB,BLOCK & BARREL IMPERIAL,1.0,1.0,CS,49.69,,49.69,0,0,0,food
19ea3efda52f7561,19ea3efda52f7561,2026-06-07T21:14:25Z,Sysco Order #04627393 - Order Allocated - LARIAT,allocated,Sysco Standard Delivery,04627393,06/07/2026,06/08/2026,7814881,Cheese Cheddar Sharp Slice White,4/2.5 LB,ALP&DELL,1.0,1.0,CS,51.65,,51.65,0,0,0,food
19ea3efda52f7561,19ea3efda52f7561,2026-06-07T21:14:25Z,Sysco Order #04627393 - Order Allocated - LARIAT,allocated,Sysco Standard Delivery,04627393,06/07/2026,06/08/2026,1675701,Cabbage Green Shredded Fresh In Bag,4/5 LB,IMPERIAL FRESH,1.0,1.0,CS,25.55,,25.55,0,0,0,food
19ea3efda52f7561,19ea3efda52f7561,2026-06-07T21:14:25Z,Sysco Order #04627393 - Order Allocated - LARIAT,allocated,Sysco Standard Delivery,04627393,06/07/2026,06/08/2026,1675719,Cabbage Red Shredded Fresh,4/5 LB,IMPERIAL FRESH,1.0,1.0,CS,49.99,,49.99,0,0,0,food
19ea3efda52f7561,19ea3efda52f7561,2026-06-07T21:14:25Z,Sysco Order #04627393 - Order Allocated - LARIAT,allocated,Sysco Standard Delivery,04627393,06/07/2026,06/08/2026,2058881,Chives Fresh Herb,1/1 LB,IMPERIAL FRESH,1.0,1.0,CS,18.55,,18.55,0,0,0,food
19ea3efda52f7561,19ea3efda52f7561,2026-06-07T21:14:25Z,Sysco Order #04627393 - Order Allocated - LARIAT,allocated,Sysco Standard Delivery,04627393,06/07/2026,06/08/2026,2058907,Parsley Italian Fresh Herb,1/1 LB,IMPERIAL FRESH,1.0,1.0,CS,13.95,,13.95,0,0,0,food
19ea3efda52f7561,19ea3efda52f7561,2026-06-07T21:14:25Z,Sysco Order #04627393 - Order Allocated - LARIAT,allocated,Sysco Standard Delivery,04627393,06/07/2026,06/08/2026,2005296,Thyme Fresh Herb,1/1 LB,IMPERIAL FRESH,1.0,1.0,CS,15.99,,15.99,0,0,0,food
19ea3efda52f7561,19ea3efda52f7561,2026-06-07T21:14:25Z,Sysco Order #04627393 - Order Allocated - LARIAT,allocated,Sysco Standard Delivery,04627393,06/07/2026,06/08/2026,6395974,Asparagus Jumbo,1/11 LB,PROPACK,1.0,1.0,CS,55.95,,55.95,0,0,0,food
19ea3efda52f7561,19ea3efda52f7561,2026-06-07T21:14:25Z,Sysco Order #04627393 - Order Allocated - LARIAT,allocated,Sysco Standard Delivery,04627393,06/07/2026,06/08/2026,7210310,Buttermilk Whole Qt,12/1 QT,MEADOW GOLD,1.0,1.0,CS,36.03,,36.03,0,0,0,food
19ea3efda52f7561,19ea3efda52f7561,2026-06-07T21:14:25Z,Sysco Order #04627393 - Order Allocated - LARIAT,allocated,Sysco Standard Delivery,04627393,06/07/2026,06/08/2026,6935464,Cream Heavy 40% Extended Shelf Life Stabilized,12/32OZ,WHOLESOME FARMS CLASSIC,1.0,1.0,CS,60.11,,60.11,0,0,0,food
19ea3efda52f7561,19ea3efda52f7561,2026-06-07T21:14:25Z,Sysco Order #04627393 - Order Allocated - LARIAT,allocated,Sysco Standard Delivery,04627393,06/07/2026,06/08/2026,1675909,Lettuce Greens Leaf Fresh,4/6 CT,SYSCO/FRESHPOINT NATURAL,2.0,2.0,CS,67.85,,135.7,0,0,0,food
19ea3efda52f7561,19ea3efda52f7561,2026-06-07T21:14:25Z,Sysco Order #04627393 - Order Allocated - LARIAT,allocated,Sysco Standard Delivery,04627393,06/07/2026,06/08/2026,1813973,Pork Chop Bone-in Frenched Long Bone,10/12 OZ,BUCKHEAD PRIDE/ NEWPORT PRIDE,1.0,1.0,CS,19.99,LB,160.92,0,0,0,food
19ea3efda52f7561,19ea3efda52f7561,2026-06-07T21:14:25Z,Sysco Order #04627393 - Order Allocated - LARIAT,allocated,Sysco Standard Delivery,04627393,06/07/2026,06/08/2026,2369233,Chicken Wing Steamed Precooked Large,2/5LB,SYSCO CLASSIC,1.0,1.0,CS,44.95,,44.95,0,0,0,food
19ea3efda52f7561,19ea3efda52f7561,2026-06-07T21:14:25Z,Sysco Order #04627393 - Order Allocated - LARIAT,allocated,Sysco Standard Delivery,04627393,06/07/2026,06/08/2026,3777570,Bacon Shingle Center-cut 7-9 Per Pound Honey Gas Flushed,1/15#,DAILYS BACON,3.0,3.0,CS,67.45,,202.35,0,0,0,food
19ea3efda52f7561,19ea3efda52f7561,2026-06-07T21:14:25Z,Sysco Order #04627393 - Order Allocated - LARIAT,allocated,Sysco Standard Delivery,04627393,06/07/2026,06/08/2026,4566873,Mix Cornbread Homestyle Complete,6/5 LB,KRUSTEAZ,1.0,1.0,CS,87.95,,87.95,0,0,0,food
19ea3efda52f7561,19ea3efda52f7561,2026-06-07T21:14:25Z,Sysco Order #04627393 - Order Allocated - LARIAT,allocated,Sysco Standard Delivery,04627393,06/07/2026,06/08/2026,1970896,"Tortilla Corn White 6""",12/60 CT,MISSION FOODS,1.0,1.0,CS,46.79,,46.79,0,0,0,food
19ea3efda52f7561,19ea3efda52f7561,2026-06-07T21:14:25Z,Sysco Order #04627393 - Order Allocated - LARIAT,allocated,Sysco Standard Delivery,04627393,06/07/2026,06/08/2026,5844220,Bean Black,6/10 CT,CASA SOLANA CLASSIC,2.0,2.0,CS,37.99,,75.98,0,0,0,food
19ea3efda52f7561,19ea3efda52f7561,2026-06-07T21:14:25Z,Sysco Order #04627393 - Order Allocated - LARIAT,allocated,Sysco Standard Delivery,04627393,06/07/2026,06/08/2026,5661143,Tomato Cherry Heirloom Mix,12/.5 PTS,PACKER,1.0,1.0,CS,48.95,,48.95,0,0,0,food
19ea3efda52f7561,19ea3efda52f7561,2026-06-07T21:14:25Z,Sysco Order #04627393 - Order Allocated - LARIAT,allocated,Sysco Standard Delivery,04627393,06/07/2026,06/08/2026,7027072,Beef Cheek Meat Caviness Bulk,1/30 LB,PALO DURO,1.0,1.0,CS,5.159,LB,154.77,0,0,0,food
19ea3efda52f7561,19ea3efda52f7561,2026-06-07T21:14:25Z,Sysco Order #04627393 - Order Allocated - LARIAT,allocated,Sysco Standard Delivery,04627393,06/07/2026,06/08/2026,8516029,"Potato Sweet Julienne .188""",5/3 LB,LAMB WESTON,1.0,1.0,CS,50.25,,50.25,0,0,0,food
19ea3efda52f7561,19ea3efda52f7561,2026-06-07T21:14:25Z,Sysco Order #04627393 - Order Allocated - LARIAT,allocated,Sysco Standard Delivery,04627393,06/07/2026,06/08/2026,1132040,Lettuce Fresh Tender Greens,4/3 LB,IMPERIAL FRESH,3.0,3.0,CS,39.95,,119.85,0,0,0,food
19eb3815b6779ce8,19eb3815b6779ce8,2026-06-10T21:47:39Z,Sysco Order #04635583 - Order Allocated - LARIAT,allocated,Sysco Standard Delivery,04635583,06/10/2026,06/11/2026,2463968,Bread Sourdough Deli .625 Inch Sliced,10/32 OZ,BAKER'S SOURCE CLASSIC,2.0,2.0,CS,53.95,,107.9,0,0,1,food
19eb3815b6779ce8,19eb3815b6779ce8,2026-06-10T21:47:39Z,Sysco Order #04635583 - Order Allocated - LARIAT,allocated,Sysco Standard Delivery,04635583,06/10/2026,06/11/2026,5172253,Mix Pancake Waffle Buttermilk Complete,6/5 LB,KRUSTEAZ,1.0,1.0,CS,84.65,,84.65,0,0,0,food
19eb3815b6779ce8,19eb3815b6779ce8,2026-06-10T21:47:39Z,Sysco Order #04635583 - Order Allocated - LARIAT,allocated,Sysco Standard Delivery,04635583,06/10/2026,06/11/2026,6639165,Spice Garlic Granulated,6/26OZ,SYSCO IMPERIAL/MCCORMICK,1.0,1.0,CS,168.85,,168.85,0,0,0,food
19eb3815b6779ce8,19eb3815b6779ce8,2026-06-10T21:47:39Z,Sysco Order #04635583 - Order Allocated - LARIAT,allocated,Sysco Standard Delivery,04635583,06/10/2026,06/11/2026,5424254,Trout Rainbow Whole Boned Pin Bone Out 10 Oz Chl,1/10 LB,PORTICO SIMPLY,2.0,2.0,CS,89.95,,179.9,0,0,0,food
19eb3815b6779ce8,19eb3815b6779ce8,2026-06-10T21:47:39Z,Sysco Order #04635583 - Order Allocated - LARIAT,allocated,Sysco Standard Delivery,04635583,06/10/2026,06/11/2026,5229117,Spice Onion Powder,3/5.5LB,SYSCO IMPERIAL/MCCORMICK,1.0,1.0,CS,109.65,,109.65,0,0,0,food
19eb3815b6779ce8,19eb3815b6779ce8,2026-06-10T21:47:39Z,Sysco Order #04635583 - Order Allocated - LARIAT,allocated,Sysco Standard Delivery,04635583,06/10/2026,06/11/2026,1491552,"Bun Brioche 4.5""",8/10CT,TURANO,1.0,1.0,CS,60.93,,60.93,0,0,0,food
19eb3815b6779ce8,19eb3815b6779ce8,2026-06-10T21:47:39Z,Sysco Order #04635583 - Order Allocated - LARIAT,allocated,Sysco Standard Delivery,04635583,06/10/2026,06/11/2026,0758401,Bun Hamburger Gluten Free Individually Wrapped,24/1EA,UDI’s Healthy Foods,1.0,1.0,CS,45.65,,45.65,0,0,0,food
19eb3815b6779ce8,19eb3815b6779ce8,2026-06-10T21:47:39Z,Sysco Order #04635583 - Order Allocated - LARIAT,allocated,Sysco Standard Delivery,04635583,06/10/2026,06/11/2026,3617531,Vegetarian Blend Sweet Potato & Roasted Root Vegetables,6/2.5LB,SYSCO SUPREME,1.0,1.0,CS,58.65,,58.65,0,0,0,food
19eb3815b6779ce8,19eb3815b6779ce8,2026-06-10T21:47:39Z,Sysco Order #04635583 - Order Allocated - LARIAT,allocated,Sysco Standard Delivery,04635583,06/10/2026,06/11/2026,3554615,"Potato Fry 5/16"" Beer Extra Long",6/5 LB,SYSCO PREMIUM,2.0,2.0,CS,55.0,,110.0,0,0,0,food
19eb3815b6779ce8,19eb3815b6779ce8,2026-06-10T21:47:39Z,Sysco Order #04635583 - Order Allocated - LARIAT,allocated,Sysco Standard Delivery,04635583,06/10/2026,06/11/2026,8516029,"Potato Sweet Julienne .188""",5/3 LB,LAMB WESTON,2.0,2.0,CS,50.25,,100.5,0,0,0,food
19eb3815b6779ce8,19eb3815b6779ce8,2026-06-10T21:47:39Z,Sysco Order #04635583 - Order Allocated - LARIAT,allocated,Sysco Standard Delivery,04635583,06/10/2026,06/11/2026,1400464,Chicken Tenders Breaded Golden Flat Large,2/5 LB,SYSCO CLASSIC,2.0,2.0,CS,47.2,,94.4,0,0,0,food
19eb3815b6779ce8,19eb3815b6779ce8,2026-06-10T21:47:39Z,Sysco Order #04635583 - Order Allocated - LARIAT,allocated,Sysco Standard Delivery,04635583,06/10/2026,06/11/2026,8071803,Pangasius Fillet Iqf 7-9 Ounce,1/15 LB,PORTICO IMPERIAL,1.0,1.0,CS,48.45,,48.45,0,0,0,food
19eb3815b6779ce8,19eb3815b6779ce8,2026-06-10T21:47:39Z,Sysco Order #04635583 - Order Allocated - LARIAT,allocated,Sysco Standard Delivery,04635583,06/10/2026,06/11/2026,2369233,Chicken Wing Steamed Precooked Large,2/5LB,SYSCO CLASSIC,1.0,1.0,CS,44.95,,44.95,0,0,0,food
19eb3815b6779ce8,19eb3815b6779ce8,2026-06-10T21:47:39Z,Sysco Order #04635583 - Order Allocated - LARIAT,allocated,Sysco Standard Delivery,04635583,06/10/2026,06/11/2026,4676306,Milk Whole Gallon,4/1 GAL,WHOLESOME FARMS CLASSIC,1.0,1.0,CS,23.13,,23.13,0,0,0,food
19eb3815b6779ce8,19eb3815b6779ce8,2026-06-10T21:47:39Z,Sysco Order #04635583 - Order Allocated - LARIAT,allocated,Sysco Standard Delivery,04635583,06/10/2026,06/11/2026,7063131,Pickle Chip Bread Butter Refrigerated 500-650 Count,1/2 GAL,BLOCK & BARREL CLASSIC,1.0,1.0,CS,28.84,,28.84,0,0,0,food
19eb3815b6779ce8,19eb3815b6779ce8,2026-06-10T21:47:39Z,Sysco Order #04635583 - Order Allocated - LARIAT,allocated,Sysco Standard Delivery,04635583,06/10/2026,06/11/2026,6822561,Dressing Mix Ranch Original,18/3.2OZ,HIDDEN VALLEY RANCH,1.0,1.0,CS,43.55,,43.55,0,0,0,food
19eb3815b6779ce8,19eb3815b6779ce8,2026-06-10T21:47:39Z,Sysco Order #04635583 - Order Allocated - LARIAT,allocated,Sysco Standard Delivery,04635583,06/10/2026,06/11/2026,4002408,Mayonnaise Heavy Duty Pail,1/28LB,SYSCO RELIANCE,1.0,1.0,CS,54.2,,54.2,0,0,0,food
19eb3815b6779ce8,19eb3815b6779ce8,2026-06-10T21:47:39Z,Sysco Order #04635583 - Order Allocated - LARIAT,allocated,Sysco Standard Delivery,04635583,06/10/2026,06/11/2026,7814881,Cheese Cheddar Sharp Slice White,4/2.5 LB,ALP&DELL,1.0,1.0,CS,51.65,,51.65,0,0,0,food
19eb3815b6779ce8,19eb3815b6779ce8,2026-06-10T21:47:39Z,Sysco Order #04635583 - Order Allocated - LARIAT,allocated,Sysco Standard Delivery,04635583,06/10/2026,06/11/2026,0671677,Cheese Blue Crumbles,2/5 LB,BLOCK & BARREL IMPERIAL,1.0,1.0,CS,37.66,,37.66,0,0,0,food
19eb3815b6779ce8,19eb3815b6779ce8,2026-06-10T21:47:39Z,Sysco Order #04635583 - Order Allocated - LARIAT,allocated,Sysco Standard Delivery,04635583,06/10/2026,06/11/2026,1552272,Cheese Mozzarella Fresh Cryovac Log,8/1 LB,ARREZZIO IMPERIAL,1.0,1.0,CS,40.95,,40.95,0,0,0,food
19eb3815b6779ce8,19eb3815b6779ce8,2026-06-10T21:47:39Z,Sysco Order #04635583 - Order Allocated - LARIAT,allocated,Sysco Standard Delivery,04635583,06/10/2026,06/11/2026,8149296,Cheese Chihuahua Shredded,4/5LB,SUPREMO,1.0,1.0,CS,151.55,,151.55,0,0,0,food
19eb3815b6779ce8,19eb3815b6779ce8,2026-06-10T21:47:39Z,Sysco Order #04635583 - Order Allocated - LARIAT,allocated,Sysco Standard Delivery,04635583,06/10/2026,06/11/2026,5134365,Egg Breakfast Blend Scramble Mix Cgfr,15/2 LB,WHOLESOME FARMS IMPERIAL,1.0,1.0,CS,81.55,,81.55,0,0,0,food
19eb3815b6779ce8,19eb3815b6779ce8,2026-06-10T21:47:39Z,Sysco Order #04635583 - Order Allocated - LARIAT,allocated,Sysco Standard Delivery,04635583,06/10/2026,06/11/2026,1007350,Avocado Hass Breaking Fresh,1/48 CT,PROPACK,1.0,1.0,CS,84.99,,84.99,0,0,0,food
19eb3815b6779ce8,19eb3815b6779ce8,2026-06-10T21:47:39Z,Sysco Order #04635583 - Order Allocated - LARIAT,allocated,Sysco Standard Delivery,04635583,06/10/2026,06/11/2026,7134591,Cucumber English Medium Seedless 12 Count,1/12CT,IMPERIAL FRESH,1.0,1.0,CS,18.65,,18.65,0,0,0,food
19eb3815b6779ce8,19eb3815b6779ce8,2026-06-10T21:47:39Z,Sysco Order #04635583 - Order Allocated - LARIAT,allocated,Sysco Standard Delivery,04635583,06/10/2026,06/11/2026,1008663,Tomato 2 Layer 5x6 Fresh,1/60 CT,IMPERIAL FRESH,1.0,1.0,CS,40.99,,40.99,0,0,0,food
19eb3815b6779ce8,19eb3815b6779ce8,2026-06-10T21:47:39Z,Sysco Order #04635583 - Order Allocated - LARIAT,allocated,Sysco Standard Delivery,04635583,06/10/2026,06/11/2026,4685621,Glove Nitrile Foodservice Powder-free Black Extra-large,10/100CT,SYSCO CLASSIC,1.0,1.0,CS,46.99,,46.99,0,0,0,non_food
19eb3815b6779ce8,19eb3815b6779ce8,2026-06-10T21:47:39Z,Sysco Order #04635583 - Order Allocated - LARIAT,allocated,Sysco Standard Delivery,04635583,06/10/2026,06/11/2026,4595138,Cleaner Grill And Panini High Temperature,6/32 OZ,ECOLAB,1.0,1.0,CS,164.55,,164.55,0,0,0,non_food
19eb3815b6779ce8,19eb3815b6779ce8,2026-06-10T21:47:39Z,Sysco Order #04635583 - Order Allocated - LARIAT,allocated,Sysco Standard Delivery,04635583,06/10/2026,06/11/2026,1376805,"Pad Scour Green 6"" X 9"" Antimicrobial",1/20CT,SYSCO SUPPLIES CLASSIC,1.0,1.0,CS,14.95,,14.95,0,0,0,non_food
19eb3815b6779ce8,19eb3815b6779ce8,2026-06-10T21:47:39Z,Sysco Order #04635583 - Order Allocated - LARIAT,allocated,Sysco Standard Delivery,04635583,06/10/2026,06/11/2026,3485786,Achiote Paste,12/15 OZ,EL YUCATECO (SAUCES),1.0,1.0,CS,83.75,,83.75,0,0,0,food
19eb3815b6779ce8,19eb3815b6779ce8,2026-06-10T21:47:39Z,Sysco Order #04635583 - Order Allocated - LARIAT,allocated,Sysco Standard Delivery,04635583,06/10/2026,06/11/2026,7221968,Pumpkin Seed Pepitas Raw,1/5LB,SYSCO CLASSIC,1.0,1.0,CS,64.49,,64.49,0,0,0,food
19eb3815b6779ce8,19eb3815b6779ce8,2026-06-10T21:47:39Z,Sysco Order #04635583 - Order Allocated - LARIAT,allocated,Sysco Standard Delivery,04635583,06/10/2026,06/11/2026,4566873,Mix Cornbread Homestyle Complete,6/5 LB,KRUSTEAZ,1.0,1.0,CS,87.95,,87.95,0,0,0,food
19eb3815b6779ce8,19eb3815b6779ce8,2026-06-10T21:47:39Z,Sysco Order #04635583 - Order Allocated - LARIAT,allocated,Sysco Standard Delivery,04635583,06/10/2026,06/11/2026,7644909,Fry On Shortening Frying Liquid,1/35 LB,SYSCO PREMIUM,4.0,4.0,CS,64.5,,258.0,0,0,0,food
19eb3815b6779ce8,19eb3815b6779ce8,2026-06-10T21:47:39Z,Sysco Order #04635583 - Order Allocated - LARIAT,allocated,Sysco Standard Delivery,04635583,06/10/2026,06/11/2026,2916452,Drink Energy,24/12 OZ,RED BULL,1.0,1.0,CS,62.0,,62.0,0,0,0,beverage
19eb3815b6779ce8,19eb3815b6779ce8,2026-06-10T21:47:39Z,Sysco Order #04635583 - Order Allocated - LARIAT,allocated,Sysco Standard Delivery,04635583,06/10/2026,06/11/2026,7435191,Film Pvc Chloride Roll 12 X 2000 Feet,1/12 IN,SYSCO CLASSIC,2.0,2.0,CS,16.22,,32.44,0,0,0,non_food
19eb3815b6779ce8,19eb3815b6779ce8,2026-06-10T21:47:39Z,Sysco Order #04635583 - Order Allocated - LARIAT,allocated,Sysco Standard Delivery,04635583,06/10/2026,06/11/2026,4776161,Eggshell Medium White Aa Cage Free 15 Dozen,1/15 DZ,EGGS AMERICA,1.0,1.0,CS,6.99,,6.99,0,0,0,food
19eb3815b6779ce8,19eb3815b6779ce8,2026-06-10T21:47:39Z,Sysco Order #04635583 - Order Allocated - LARIAT,allocated,Sysco Standard Delivery,04635583,06/10/2026,06/11/2026,5109491,Mix Brownie Alpine High Altitude,6/7 LB,KRUSTEAZ,1.0,1.0,CS,161.99,,161.99,0,0,0,food
19eb3815b6779ce8,19eb3815b6779ce8,2026-06-10T21:47:39Z,Sysco Order #04635583 - Order Allocated - LARIAT,allocated,Sysco Standard Delivery,04635583,06/10/2026,06/11/2026,7459830,Beef Ground Patty Special Blend,30/7 OZ,BUCKHEAD PRIDE/ NEWPORT PRIDE,3.0,3.0,CS,99.95,,299.85,0,0,0,food
19ec803f3ef39644,19ec803f3ef39644,2026-06-14T21:22:42Z,Sysco Order #04643328 - Order Allocated - LARIAT,allocated,Sysco Standard Delivery,04643328,06/14/2026,06/15/2026,4690483,Chip Tortilla Yellow 4 Inches Cut,1/30 LB,LA BANDERITA,1.0,1.0,CS,37.55,,37.55,0,0,0,food
19ec803f3ef39644,19ec803f3ef39644,2026-06-14T21:22:42Z,Sysco Order #04643328 - Order Allocated - LARIAT,allocated,Sysco Standard Delivery,04643328,06/14/2026,06/15/2026,3533643,Tomatillo Whole,6/100 OZ,DEL SOL (CANNED),2.0,2.0,CS,36.99,,73.98,0,0,0,food
19ec803f3ef39644,19ec803f3ef39644,2026-06-14T21:22:42Z,Sysco Order #04643328 - Order Allocated - LARIAT,allocated,Sysco Standard Delivery,04643328,06/14/2026,06/15/2026,5424254,Trout Rainbow Whole Boned Pin Bone Out 10 Oz Chl,1/10 LB,PORTICO SIMPLY,4.0,4.0,CS,89.95,,359.8,0,0,0,food
19ec803f3ef39644,19ec803f3ef39644,2026-06-14T21:22:42Z,Sysco Order #04643328 - Order Allocated - LARIAT,allocated,Sysco Standard Delivery,04643328,06/14/2026,06/15/2026,2369233,Chicken Wing Steamed Precooked Large,2/5LB,SYSCO CLASSIC,6.0,6.0,CS,45.58,,273.48,0,0,0,food
19ec803f3ef39644,19ec803f3ef39644,2026-06-14T21:22:42Z,Sysco Order #04643328 - Order Allocated - LARIAT,allocated,Sysco Standard Delivery,04643328,06/14/2026,06/15/2026,2643468,Chicken Breast Boneless Skinless 5oz Single Lobe Nae,4/5#AVG,RED BIRD INC (POULTRY),2.0,2.0,CS,6.399,LB,269.18,0,0,0,food
19ec803f3ef39644,19ec803f3ef39644,2026-06-14T21:22:42Z,Sysco Order #04643328 - Order Allocated - LARIAT,allocated,Sysco Standard Delivery,04643328,06/14/2026,06/15/2026,7459830,Beef Ground Patty Special Blend,30/7 OZ,BUCKHEAD PRIDE/ NEWPORT PRIDE,6.0,6.0,CS,100.95,,605.7,0,0,0,food
19ec803f3ef39644,19ec803f3ef39644,2026-06-14T21:22:42Z,Sysco Order #04643328 - Order Allocated - LARIAT,allocated,Sysco Standard Delivery,04643328,06/14/2026,06/15/2026,3617531,Vegetarian Blend Sweet Potato & Roasted Root Vegetables,6/2.5LB,SYSCO SUPREME,3.0,3.0,CS,58.65,,175.95,0,0,0,food
19ec803f3ef39644,19ec803f3ef39644,2026-06-14T21:22:42Z,Sysco Order #04643328 - Order Allocated - LARIAT,allocated,Sysco Standard Delivery,04643328,06/14/2026,06/15/2026,7181814,Sausage Chorizo Bulk Raw,2/7 LB,Polidori,2.0,2.0,CS,80.33,,160.66,0,0,0,food
19ec803f3ef39644,19ec803f3ef39644,2026-06-14T21:22:42Z,Sysco Order #04643328 - Order Allocated - LARIAT,allocated,Sysco Standard Delivery,04643328,06/14/2026,06/15/2026,5098496,Pork Ham Shank Pig Wing 4 Ounce,2/4.5LB,SYSCO CLASSIC,2.0,2.0,CS,95.79,,191.58,0,0,0,food
19ec803f3ef39644,19ec803f3ef39644,2026-06-14T21:22:42Z,Sysco Order #04643328 - Order Allocated - LARIAT,allocated,Sysco Standard Delivery,04643328,06/14/2026,06/15/2026,3777570,Bacon Shingle Center-cut 7-9 Per Pound Honey Gas Flushed,1/15#,DAILYS BACON,4.0,4.0,CS,66.75,,267.0,0,0,0,food
19ec803f3ef39644,19ec803f3ef39644,2026-06-14T21:22:42Z,Sysco Order #04643328 - Order Allocated - LARIAT,allocated,Sysco Standard Delivery,04643328,06/14/2026,06/15/2026,6438545,Bacon Layflat Hickory Smoked #2,1/15LB,RANCH & GRILL,2.0,2.0,CS,43.95,,87.9,0,0,0,food
19ec803f3ef39644,19ec803f3ef39644,2026-06-14T21:22:42Z,Sysco Order #04643328 - Order Allocated - LARIAT,allocated,Sysco Standard Delivery,04643328,06/14/2026,06/15/2026,5661143,Tomato Cherry Heirloom Mix,12/.5 PTS,PACKER,1.0,1.0,CS,48.95,,48.95,0,0,0,food
19ec803f3ef39644,19ec803f3ef39644,2026-06-14T21:22:42Z,Sysco Order #04643328 - Order Allocated - LARIAT,allocated,Sysco Standard Delivery,04643328,06/14/2026,06/15/2026,3716750,Cheese Cream Original Loaf,6/3LB,PHILADELPHIA CREAM CHEESE,1.0,1.0,EA,16.73,,16.73,0,0,0,food
19ec803f3ef39644,19ec803f3ef39644,2026-06-14T21:22:42Z,Sysco Order #04643328 - Order Allocated - LARIAT,allocated,Sysco Standard Delivery,04643328,06/14/2026,06/15/2026,0610337,Drink Energy Red Bull,24/8.4 OZ,RED BULL,1.0,1.0,CS,47.65,,47.65,0,0,0,beverage
19ec803f3ef39644,19ec803f3ef39644,2026-06-14T21:22:42Z,Sysco Order #04643328 - Order Allocated - LARIAT,allocated,Sysco Standard Delivery,04643328,06/14/2026,06/15/2026,6040885,Pasta Cavatappi 100% Durum Wheat Semolina,2/10 LB,PASTA LABELLA,1.0,1.0,CS,37.55,,37.55,0,0,0,food
19ec803f3ef39644,19ec803f3ef39644,2026-06-14T21:22:42Z,Sysco Order #04643328 - Order Allocated - LARIAT,allocated,Sysco Standard Delivery,04643328,06/14/2026,06/15/2026,1400464,Chicken Tenders Breaded Golden Flat Large,2/5 LB,SYSCO CLASSIC,1.0,1.0,CS,47.94,,47.94,0,0,0,food
19ec803f3ef39644,19ec803f3ef39644,2026-06-14T21:22:42Z,Sysco Order #04643328 - Order Allocated - LARIAT,allocated,Sysco Standard Delivery,04643328,06/14/2026,06/15/2026,6395974,Asparagus Jumbo,1/11 LB,PROPACK,2.0,2.0,CS,50.95,,101.9,0,0,0,food
19edc5130f8788b8,19edc5130f8788b8,2026-06-18T19:59:28Z,Sysco Order #04653737 - Order Allocated - LARIAT,allocated,Sysco Standard Delivery,04653737,06/18/2026,06/19/2026,1008663,Tomato 2 Layer 5x6 Fresh,1/60 CT,IMPERIAL FRESH,1.0,1.0,CS,37.89,,37.89,0,0,0,food
19edc5130f8788b8,19edc5130f8788b8,2026-06-18T19:59:28Z,Sysco Order #04653737 - Order Allocated - LARIAT,allocated,Sysco Standard Delivery,04653737,06/18/2026,06/19/2026,6935464,Cream Heavy 40% Extended Shelf Life Stabilized,12/32OZ,WHOLESOME FARMS CLASSIC,1.0,1.0,CS,60.11,,60.11,0,0,0,food
19edc5130f8788b8,19edc5130f8788b8,2026-06-18T19:59:28Z,Sysco Order #04653737 - Order Allocated - LARIAT,allocated,Sysco Standard Delivery,04653737,06/18/2026,06/19/2026,5020193,Cream Sour Cultured Grade A,2/5 LB,WHOLESOME FARMS CLASSIC,1.0,1.0,CS,18.75,,18.75,0,0,0,food
19edc5130f8788b8,19edc5130f8788b8,2026-06-18T19:59:28Z,Sysco Order #04653737 - Order Allocated - LARIAT,allocated,Sysco Standard Delivery,04653737,06/18/2026,06/19/2026,2406189,Cheese Cheddar Jack Fancy Shredded,4/5LB,CASA SOLANA IMPERIAL,1.0,1.0,CS,60.99,,60.99,0,0,0,food
19edc5130f8788b8,19edc5130f8788b8,2026-06-18T19:59:28Z,Sysco Order #04653737 - Order Allocated - LARIAT,allocated,Sysco Standard Delivery,04653737,06/18/2026,06/19/2026,7814881,Cheese Cheddar Sharp Slice White,4/2.5 LB,ALP&DELL,1.0,1.0,CS,49.99,,49.99,0,0,0,food
19edc5130f8788b8,19edc5130f8788b8,2026-06-18T19:59:28Z,Sysco Order #04653737 - Order Allocated - LARIAT,allocated,Sysco Standard Delivery,04653737,06/18/2026,06/19/2026,7210310,Buttermilk Whole Qt,12/1 QT,MEADOW GOLD,1.0,1.0,CS,36.03,,36.03,0,0,0,food
19edc5130f8788b8,19edc5130f8788b8,2026-06-18T19:59:28Z,Sysco Order #04653737 - Order Allocated - LARIAT,allocated,Sysco Standard Delivery,04653737,06/18/2026,06/19/2026,4676306,Milk Whole Gallon,4/1 GAL,WHOLESOME FARMS CLASSIC,1.0,1.0,CS,23.13,,23.13,0,0,0,food
19edc5130f8788b8,19edc5130f8788b8,2026-06-18T19:59:28Z,Sysco Order #04653737 - Order Allocated - LARIAT,allocated,Sysco Standard Delivery,04653737,06/18/2026,06/19/2026,0671677,Cheese Blue Crumbles,2/5 LB,BLOCK & BARREL IMPERIAL,1.0,1.0,CS,38.27,,38.27,0,0,0,food
19edc5130f8788b8,19edc5130f8788b8,2026-06-18T19:59:28Z,Sysco Order #04653737 - Order Allocated - LARIAT,allocated,Sysco Standard Delivery,04653737,06/18/2026,06/19/2026,3554553,Cheese Monterey Pepper Jack Sliced Interleaf .,8/1.5LB,BLOCK & BARREL IMPERIAL,1.0,1.0,CS,47.95,,47.95,0,0,0,food
19edc5130f8788b8,19edc5130f8788b8,2026-06-18T19:59:28Z,Sysco Order #04653737 - Order Allocated - LARIAT,allocated,Sysco Standard Delivery,04653737,06/18/2026,06/19/2026,5979291,Cheese Cotija Random Cut,12/1#AVG,QUESO CAMPESINO (DAIRY),1.0,1.0,CS,6.099,LB,76.62,0,0,0,food
19edc5130f8788b8,19edc5130f8788b8,2026-06-18T19:59:28Z,Sysco Order #04653737 - Order Allocated - LARIAT,allocated,Sysco Standard Delivery,04653737,06/18/2026,06/19/2026,1552272,Cheese Mozzarella Fresh Cryovac Log,8/1 LB,ARREZZIO IMPERIAL,1.0,1.0,CS,41.95,,41.95,0,0,0,food
19edc5130f8788b8,19edc5130f8788b8,2026-06-18T19:59:28Z,Sysco Order #04653737 - Order Allocated - LARIAT,allocated,Sysco Standard Delivery,04653737,06/18/2026,06/19/2026,2575926,Cheese American Loaf Special Melting White,6/5 LB,CASA SOLANA IMPERIAL,1.0,1.0,CS,88.06,,88.06,0,0,0,food
19eec1554582a91d,19eec1554582a91d,2026-06-21T21:28:00Z,Sysco Order Jun 21 2026 02:46 PM  - Order Confirmation - LARIAT,confirmation,Sysco Standard Delivery,04659476,06/21/2026,06/21/2026,2643468,Chicken Breast Boneless Skinless 5oz Single Lobe Nae,4/5#AVG,RED BIRD INC (POULTRY),2.0,2.0,CS,6.399,LB,268.91,0,0,0,food
19eec1554582a91d,19eec1554582a91d,2026-06-21T21:28:00Z,Sysco Order Jun 21 2026 02:46 PM  - Order Confirmation - LARIAT,confirmation,Sysco Standard Delivery,04659476,06/21/2026,06/21/2026,7459830,Beef Ground Patty Special Blend,30/7 OZ,BUCKHEAD PRIDE/ NEWPORT PRIDE,2.0,2.0,CS,94.95,,189.9,0,0,0,food
19eec1554582a91d,19eec1554582a91d,2026-06-21T21:28:00Z,Sysco Order Jun 21 2026 02:46 PM  - Order Confirmation - LARIAT,confirmation,Sysco Standard Delivery,04659476,06/21/2026,06/21/2026,2004547,Basil Fresh Herb,1/1 LB,IMPERIAL FRESH,2.0,2.0,CS,14.49,,28.98,0,0,0,food
19eec1554582a91d,19eec1554582a91d,2026-06-21T21:28:00Z,Sysco Order Jun 21 2026 02:46 PM  - Order Confirmation - LARIAT,confirmation,Sysco Standard Delivery,04659476,06/21/2026,06/21/2026,5661143,Tomato Cherry Heirloom Mix,12/.5 PTS,PACKER,2.0,2.0,CS,48.95,,97.9,0,0,0,food
19eec1554582a91d,19eec1554582a91d,2026-06-21T21:28:00Z,Sysco Order Jun 21 2026 02:46 PM  - Order Confirmation - LARIAT,confirmation,Sysco Standard Delivery,04659476,06/21/2026,06/21/2026,2491751,Cheese Mozzarella Ciliegene Fresh,2/3LB,ARREZZIO IMPERIAL,2.0,2.0,CS,36.95,,73.9,0,0,0,food
19eec1554582a91d,19eec1554582a91d,2026-06-21T21:28:00Z,Sysco Order Jun 21 2026 02:46 PM  - Order Confirmation - LARIAT,confirmation,Sysco Standard Delivery,04659476,06/21/2026,06/21/2026,7027072,Beef Cheek Meat Caviness Bulk,1/30 LB,PALO DURO,3.0,3.0,CS,5.799,LB,521.91,0,0,0,food
19eec1554582a91d,19eec1554582a91d,2026-06-21T21:28:00Z,Sysco Order Jun 21 2026 02:46 PM  - Order Confirmation - LARIAT,confirmation,Sysco Standard Delivery,04659476,06/21/2026,06/21/2026,4690483,Chip Tortilla Yellow 4 Inches Cut,1/30 LB,LA BANDERITA,1.0,1.0,CS,37.55,,37.55,0,0,0,food
19eec1554582a91d,19eec1554582a91d,2026-06-21T21:28:00Z,Sysco Order Jun 21 2026 02:46 PM  - Order Confirmation - LARIAT,confirmation,Sysco Standard Delivery,04659476,06/21/2026,06/21/2026,8139529,"Tortilla Flour 14""",8/12CT,LA BANDERITA,1.0,1.0,CS,47.89,,47.89,0,0,0,food
19eec1554582a91d,19eec1554582a91d,2026-06-21T21:28:00Z,Sysco Order Jun 21 2026 02:46 PM  - Order Confirmation - LARIAT,confirmation,Sysco Standard Delivery,04659476,06/21/2026,06/21/2026,4692174,Tortilla Flour Pressed 6 Inch,12/24CT,LA BANDERITA,1.0,1.0,CS,28.99,,28.99,0,0,0,food
19eec1554582a91d,19eec1554582a91d,2026-06-21T21:28:00Z,Sysco Order Jun 21 2026 02:46 PM  - Order Confirmation - LARIAT,confirmation,Sysco Standard Delivery,04659476,06/21/2026,06/21/2026,5847011,Oil Olive Pomace Tin,3/1GAL,ARREZZIO CLASSIC,2.0,2.0,CS,95.95,,191.9,0,0,0,food
19eec1554582a91d,19eec1554582a91d,2026-06-21T21:28:00Z,Sysco Order Jun 21 2026 02:46 PM  - Order Confirmation - LARIAT,confirmation,Sysco Standard Delivery,04659476,06/21/2026,06/21/2026,1491552,"Bun Brioche 4.5""",8/10CT,TURANO,1.0,1.0,CS,60.93,,60.93,0,0,0,food
19eec1554582a91d,19eec1554582a91d,2026-06-21T21:28:00Z,Sysco Order Jun 21 2026 02:46 PM  - Order Confirmation - LARIAT,confirmation,Sysco Standard Delivery,04659476,06/21/2026,06/21/2026,3554615,"Potato Fry 5/16"" Beer Extra Long",6/5 LB,SYSCO PREMIUM,10.0,10.0,CS,55.0,,550.0,0,0,0,food
19eec1554582a91d,19eec1554582a91d,2026-06-21T21:28:00Z,Sysco Order Jun 21 2026 02:46 PM  - Order Confirmation - LARIAT,confirmation,Sysco Standard Delivery,04659476,06/21/2026,06/21/2026,7085140,Corn Yellow Roasted Blend,6/2.5LB,SYSCO IMPERIAL,1.0,1.0,CS,52.75,,52.75,0,0,0,food
19eec1554582a91d,19eec1554582a91d,2026-06-21T21:28:00Z,Sysco Order Jun 21 2026 02:46 PM  - Order Confirmation - LARIAT,confirmation,Sysco Standard Delivery,04659476,06/21/2026,06/21/2026,7075717,Patty Vegetarian Impossible 1/4 Pound Frozen,40/4 OZ,IMPOSSIBLE FOODS,1.0,1.0,CS,115.49,,115.49,0,0,0,food
19eec1554582a91d,19eec1554582a91d,2026-06-21T21:28:00Z,Sysco Order Jun 21 2026 02:46 PM  - Order Confirmation - LARIAT,confirmation,Sysco Standard Delivery,04659476,06/21/2026,06/21/2026,1400464,Chicken Tenders Breaded Golden Flat Large,2/5 LB,SYSCO CLASSIC,2.0,2.0,CS,47.2,,94.4,0,0,0,food
19eec1554582a91d,19eec1554582a91d,2026-06-21T21:28:00Z,Sysco Order Jun 21 2026 02:46 PM  - Order Confirmation - LARIAT,confirmation,Sysco Standard Delivery,04659476,06/21/2026,06/21/2026,8071803,Pangasius Fillet Iqf 7-9 Ounce,1/15 LB,PORTICO IMPERIAL,4.0,4.0,CS,48.45,,193.8,0,0,0,food
19eec1554582a91d,19eec1554582a91d,2026-06-21T21:28:00Z,Sysco Order Jun 21 2026 02:46 PM  - Order Confirmation - LARIAT,confirmation,Sysco Standard Delivery,04659476,06/21/2026,06/21/2026,7121503,Sausage Breakfast Patty 3.5 Ounce Antibiotic Free,42/3.5OZ,Polidori,1.0,1.0,CS,56.85,,56.85,0,0,0,food
19eec1554582a91d,19eec1554582a91d,2026-06-21T21:28:00Z,Sysco Order Jun 21 2026 02:46 PM  - Order Confirmation - LARIAT,confirmation,Sysco Standard Delivery,04659476,06/21/2026,06/21/2026,2369233,Chicken Wing Steamed Precooked Large,2/5LB,SYSCO CLASSIC,8.0,8.0,CS,45.58,,364.64,0,0,0,food
19eec1554582a91d,19eec1554582a91d,2026-06-21T21:28:00Z,Sysco Order Jun 21 2026 02:46 PM  - Order Confirmation - LARIAT,confirmation,Sysco Standard Delivery,04659476,06/21/2026,06/21/2026,9702150,Pretzel Soft Bavarian 7 Oz,10/4 PK,TEXAS TWIST,1.0,1.0,CS,77.89,,77.89,0,0,0,food
19eec1554582a91d,19eec1554582a91d,2026-06-21T21:28:00Z,Sysco Order Jun 21 2026 02:46 PM  - Order Confirmation - LARIAT,confirmation,Sysco Standard Delivery,04659476,06/21/2026,06/21/2026,3777570,Bacon Shingle Center-cut 7-9 Per Pound Honey Gas Flushed,1/15#,DAILYS BACON,3.0,3.0,CS,66.95,,200.85,0,0,0,food
19eec1554582a91d,19eec1554582a91d,2026-06-21T21:28:00Z,Sysco Order Jun 21 2026 02:46 PM  - Order Confirmation - LARIAT,confirmation,Sysco Standard Delivery,04659476,06/21/2026,06/21/2026,7181814,Sausage Chorizo Bulk Raw,2/7 LB,Polidori,1.0,1.0,CS,80.33,,80.33,0,0,0,food
19eec1554582a91d,19eec1554582a91d,2026-06-21T21:28:00Z,Sysco Order Jun 21 2026 02:46 PM  - Order Confirmation - LARIAT,confirmation,Sysco Standard Delivery,04659476,06/21/2026,06/21/2026,4944450,Soup Base Chicken Real,6/1LB,SYSCO IMPERIAL,1.0,1.0,CS,45.52,,45.52,0,0,0,food
19eec1554582a91d,19eec1554582a91d,2026-06-21T21:28:00Z,Sysco Order Jun 21 2026 02:46 PM  - Order Confirmation - LARIAT,confirmation,Sysco Standard Delivery,04659476,06/21/2026,06/21/2026,7210310,Buttermilk Whole Qt,12/1 QT,MEADOW GOLD,1.0,1.0,CS,36.03,,36.03,0,0,0,food
19eec1554582a91d,19eec1554582a91d,2026-06-21T21:28:00Z,Sysco Order Jun 21 2026 02:46 PM  - Order Confirmation - LARIAT,confirmation,Sysco Standard Delivery,04659476,06/21/2026,06/21/2026,4676306,Milk Whole Gallon,4/1 GAL,WHOLESOME FARMS CLASSIC,1.0,1.0,CS,23.13,,23.13,0,0,0,food
19eec1554582a91d,19eec1554582a91d,2026-06-21T21:28:00Z,Sysco Order Jun 21 2026 02:46 PM  - Order Confirmation - LARIAT,confirmation,Sysco Standard Delivery,04659476,06/21/2026,06/21/2026,6935464,Cream Heavy 40% Extended Shelf Life Stabilized,12/32OZ,WHOLESOME FARMS CLASSIC,1.0,1.0,CS,60.11,,60.11,0,0,0,food
19eec1554582a91d,19eec1554582a91d,2026-06-21T21:28:00Z,Sysco Order Jun 21 2026 02:46 PM  - Order Confirmation - LARIAT,confirmation,Sysco Standard Delivery,04659476,06/21/2026,06/21/2026,2005296,Thyme Fresh Herb,1/1 LB,IMPERIAL FRESH,1.0,1.0,CS,15.99,,15.99,0,0,0,food
19eec1554582a91d,19eec1554582a91d,2026-06-21T21:28:00Z,Sysco Order Jun 21 2026 02:46 PM  - Order Confirmation - LARIAT,confirmation,Sysco Standard Delivery,04659476,06/21/2026,06/21/2026,2058881,Chives Fresh Herb,1/1 LB,IMPERIAL FRESH,1.0,1.0,CS,18.55,,18.55,0,0,0,food
19eec1554582a91d,19eec1554582a91d,2026-06-21T21:28:00Z,Sysco Order Jun 21 2026 02:46 PM  - Order Confirmation - LARIAT,confirmation,Sysco Standard Delivery,04659476,06/21/2026,06/21/2026,2004992,Tarragon Fresh Herb,1/1 LB,IMPERIAL FRESH,1.0,1.0,CS,19.55,,19.55,0,0,0,food
19eec1554582a91d,19eec1554582a91d,2026-06-21T21:28:00Z,Sysco Order Jun 21 2026 02:46 PM  - Order Confirmation - LARIAT,confirmation,Sysco Standard Delivery,04659476,06/21/2026,06/21/2026,2005114,Dill Baby Fresh Herb,1/4 OZ,IMPERIAL FRESH,1.0,1.0,CS,8.95,,8.95,0,0,0,food
19eec1554582a91d,19eec1554582a91d,2026-06-21T21:28:00Z,Sysco Order Jun 21 2026 02:46 PM  - Order Confirmation - LARIAT,confirmation,Sysco Standard Delivery,04659476,06/21/2026,06/21/2026,1675909,Lettuce Greens Leaf Fresh,4/6 CT,SYSCO/FRESHPOINT NATURAL,2.0,2.0,EA,15.49,,30.98,0,0,0,food
19eec1554582a91d,19eec1554582a91d,2026-06-21T21:28:00Z,Sysco Order Jun 21 2026 02:46 PM  - Order Confirmation - LARIAT,confirmation,Sysco Standard Delivery,04659476,06/21/2026,06/21/2026,4002408,Mayonnaise Heavy Duty Pail,1/28LB,SYSCO RELIANCE,1.0,1.0,CS,56.27,,56.27,0,0,0,food
19eec1554582a91d,19eec1554582a91d,2026-06-21T21:28:00Z,Sysco Order Jun 21 2026 02:46 PM  - Order Confirmation - LARIAT,confirmation,Sysco Standard Delivery,04659476,06/21/2026,06/21/2026,8516029,"Potato Sweet Julienne .188""",5/3 LB,LAMB WESTON,3.0,3.0,CS,50.75,,152.25,0,0,0,food
19eec1554582a91d,19eec1554582a91d,2026-06-21T21:28:00Z,Sysco Order Jun 21 2026 02:46 PM  - Order Confirmation - LARIAT,confirmation,Sysco Standard Delivery,04659476,06/21/2026,06/21/2026,7644909,Fry On Shortening Frying Liquid,1/35 LB,SYSCO PREMIUM,9.0,9.0,CS,61.39,,552.51,0,0,0,food
19eec1554582a91d,19eec1554582a91d,2026-06-21T21:28:00Z,Sysco Order Jun 21 2026 02:46 PM  - Order Confirmation - LARIAT,confirmation,Sysco Standard Delivery,04659476,06/21/2026,06/21/2026,6693642,Pepper Red Diced Fancy,24/#300,SYSCO IMPERIAL,1.0,1.0,CS,81.55,,81.55,0,0,0,food
19eec1554582a91d,19eec1554582a91d,2026-06-21T21:28:00Z,Sysco Order Jun 21 2026 02:46 PM  - Order Confirmation - LARIAT,confirmation,Sysco Standard Delivery,04659476,06/21/2026,06/21/2026,4595138,Cleaner Grill And Panini High Temperature,6/32 OZ,ECOLAB,1.0,1.0,CS,153.03,,153.03,0,0,0,non_food
19eec1554582a91d,19eec1554582a91d,2026-06-21T21:28:00Z,Sysco Order Jun 21 2026 02:46 PM  - Order Confirmation - LARIAT,confirmation,Sysco Standard Delivery,04659476,06/21/2026,06/21/2026,1376805,"Pad Scour Green 6"" X 9"" Antimicrobial",1/20CT,SYSCO SUPPLIES CLASSIC,2.0,2.0,CS,14.95,,29.9,0,0,0,non_food
19eec1554582a91d,19eec1554582a91d,2026-06-21T21:28:00Z,Sysco Order Jun 21 2026 02:46 PM  - Order Confirmation - LARIAT,confirmation,Sysco Standard Delivery,04659476,06/21/2026,06/21/2026,5793831,Pad Scrub Stainless Steel 35 Gram 1.25 Ounce,6/12CT,SYSCO SUPPLIES CLASSIC,1.0,1.0,CS,68.85,,68.85,0,0,0,non_food
19eec1554582a91d,19eec1554582a91d,2026-06-21T21:28:00Z,Sysco Order Jun 21 2026 02:46 PM  - Order Confirmation - LARIAT,confirmation,Sysco Standard Delivery,04659476,06/21/2026,06/21/2026,9230970,Avocado Hass Breaking Fresh #2,1/48 CT,PROPACK,1.0,1.0,CS,56.49,,56.49,0,0,0,food
19eec1554582a91d,19eec1554582a91d,2026-06-21T21:28:00Z,Sysco Order Jun 21 2026 02:46 PM  - Order Confirmation - LARIAT,confirmation,Sysco Standard Delivery,04659476,06/21/2026,06/21/2026,7134591,Cucumber English Medium Seedless 12 Count,1/12CT,IMPERIAL FRESH,1.0,1.0,CS,18.65,,18.65,0,0,0,food
19eec1554582a91d,19eec1554582a91d,2026-06-21T21:28:00Z,Sysco Order Jun 21 2026 02:46 PM  - Order Confirmation - LARIAT,confirmation,Sysco Standard Delivery,04659476,06/21/2026,06/21/2026,1008663,Tomato 2 Layer 5x6 Fresh,1/60 CT,IMPERIAL FRESH,2.0,2.0,CS,38.99,,77.98,0,0,0,food
19eec1554582a91d,19eec1554582a91d,2026-06-21T21:28:00Z,Sysco Order Jun 21 2026 02:46 PM  - Order Confirmation - LARIAT,confirmation,Sysco Standard Delivery,04659476,06/21/2026,06/21/2026,1094663,Onion Red Jumbo Bag,1/25LB,IMPERIAL FRESH,1.0,1.0,CS,21.89,,21.89,0,0,0,food
19eec1554582a91d,19eec1554582a91d,2026-06-21T21:28:00Z,Sysco Order Jun 21 2026 02:46 PM  - Order Confirmation - LARIAT,confirmation,Sysco Standard Delivery,04659476,06/21/2026,06/21/2026,1094697,Onions White Jumbo Bag,1/50LB,IMPERIAL FRESH,1.0,1.0,CS,31.99,,31.99,0,0,0,food
19eec1554582a91d,19eec1554582a91d,2026-06-21T21:28:00Z,Sysco Order Jun 21 2026 02:46 PM  - Order Confirmation - LARIAT,confirmation,Sysco Standard Delivery,04659476,06/21/2026,06/21/2026,4685594,Glove Nitrile Foodservice Powder-free Black Medium,10/100CT,SYSCO CLASSIC,1.0,1.0,CS,46.99,,46.99,0,0,0,non_food
19eec1554582a91d,19eec1554582a91d,2026-06-21T21:28:00Z,Sysco Order Jun 21 2026 02:46 PM  - Order Confirmation - LARIAT,confirmation,Sysco Standard Delivery,04659476,06/21/2026,06/21/2026,2575926,Cheese American Loaf Special Melting White,6/5 LB,CASA SOLANA IMPERIAL,1.0,1.0,CS,88.06,,88.06,0,0,0,food
19eec1554582a91d,19eec1554582a91d,2026-06-21T21:28:00Z,Sysco Order Jun 21 2026 02:46 PM  - Order Confirmation - LARIAT,confirmation,Sysco Standard Delivery,04659476,06/21/2026,06/21/2026,2406189,Cheese Cheddar Jack Fancy Shredded,4/5LB,CASA SOLANA IMPERIAL,1.0,1.0,CS,60.99,,60.99,0,0,0,food
19eec1554582a91d,19eec1554582a91d,2026-06-21T21:28:00Z,Sysco Order Jun 21 2026 02:46 PM  - Order Confirmation - LARIAT,confirmation,Sysco Standard Delivery,04659476,06/21/2026,06/21/2026,8149296,Cheese Chihuahua Shredded,4/5LB,SUPREMO,1.0,1.0,CS,151.75,,151.75,0,0,0,food
19eec1554582a91d,19eec1554582a91d,2026-06-21T21:28:00Z,Sysco Order Jun 21 2026 02:46 PM  - Order Confirmation - LARIAT,confirmation,Sysco Standard Delivery,04659476,06/21/2026,06/21/2026,5134365,Egg Breakfast Blend Scramble Mix Cgfr,15/2 LB,WHOLESOME FARMS IMPERIAL,1.0,1.0,CS,81.55,,81.55,0,0,0,food
19eec1554582a91d,19eec1554582a91d,2026-06-21T21:28:00Z,Sysco Order Jun 21 2026 02:46 PM  - Order Confirmation - LARIAT,confirmation,Sysco Standard Delivery,04659476,06/21/2026,06/21/2026,3644036,Potato Hash Brown Cubed Breakfast Skin-on,6/5 LB,MCCAIN,1.0,1.0,CS,71.48,,71.48,0,0,0,food
19eec1554582a91d,19eec1554582a91d,2026-06-21T21:28:00Z,Sysco Order Jun 21 2026 02:46 PM  - Order Confirmation - LARIAT,confirmation,Sysco Standard Delivery,04659476,06/21/2026,06/21/2026,7082433,Egg Hardcooked White Shell On Cage Free,1/7.5 DZ,PAPETTI'S (EGG PRODUCTS),1.0,1.0,CS,48.65,,48.65,0,0,0,food
19eec1554582a91d,19eec1554582a91d,2026-06-21T21:28:00Z,Sysco Order Jun 21 2026 02:46 PM  - Order Confirmation - LARIAT,confirmation,Sysco Standard Delivery,04659476,06/21/2026,06/21/2026,1821537,Garlic Peeled Fresh,4/5LB,IMPERIAL FRESH,1.0,1.0,CS,92.55,,92.55,0,0,0,food
19eec1554582a91d,19eec1554582a91d,2026-06-21T21:28:00Z,Sysco Order Jun 21 2026 02:46 PM  - Order Confirmation - LARIAT,confirmation,Sysco Standard Delivery,04659476,06/21/2026,06/21/2026,7218368,Shallot Whole Fresh,1/10 LB,IMPERIAL FRESH,1.0,1.0,CS,31.45,,31.45,0,0,0,food
19eec1554582a91d,19eec1554582a91d,2026-06-21T21:28:00Z,Sysco Order Jun 21 2026 02:46 PM  - Order Confirmation - LARIAT,confirmation,Sysco Standard Delivery,04659476,06/21/2026,06/21/2026,1675701,Cabbage Green Shredded Fresh In Bag,4/5 LB,IMPERIAL FRESH,1.0,1.0,CS,25.55,,25.55,0,0,0,food
19eec1554582a91d,19eec1554582a91d,2026-06-21T21:28:00Z,Sysco Order Jun 21 2026 02:46 PM  - Order Confirmation - LARIAT,confirmation,Sysco Standard Delivery,04659476,06/21/2026,06/21/2026,1675719,Cabbage Red Shredded Fresh,4/5 LB,IMPERIAL FRESH,1.0,1.0,CS,49.99,,49.99,0,0,0,food
19eec1554582a91d,19eec1554582a91d,2026-06-21T21:28:00Z,Sysco Order Jun 21 2026 02:46 PM  - Order Confirmation - LARIAT,confirmation,Sysco Standard Delivery,14380632,06/21/2026,06/21/2026,7164959,Container Compostable Clamshell 9 X 9 No Pfas,200/9X9,TELLUS PAPER,1.0,1.0,CS,77.26,,77.26,1,0,0,non_food
19ef73e338ff5779,19ef73e338ff5779,2026-06-24T01:28:28Z,Sysco Order #04665226 - Order Modified - LARIAT,modified,Sysco Standard Delivery,04665226,06/24/2026,06/25/2026,8106759,Pepper Chipotle Adobo Sauce,12/7 OZ,RIOLUNA,1.0,1.0,CS,36.99,,36.99,0,0,0,food
19ef73e338ff5779,19ef73e338ff5779,2026-06-24T01:28:28Z,Sysco Order #04665226 - Order Modified - LARIAT,modified,Sysco Standard Delivery,04665226,06/24/2026,06/25/2026,8605725,Chicken Thighs Skin-on Boneless,4/5LB,RED BIRD INC (POULTRY),2.0,2.0,CS,4.059,LB,174.54,0,0,0,food
19ef73e338ff5779,19ef73e338ff5779,2026-06-24T01:28:28Z,Sysco Order #04665226 - Order Modified - LARIAT,modified,Sysco Standard Delivery,04665226,06/24/2026,06/25/2026,3746377,Bun Brioche Bistro Slider,8/24 CT,ALPHA,1.0,1.0,CS,74.79,,74.79,0,0,0,food
19ef73e338ff5779,19ef73e338ff5779,2026-06-24T01:28:28Z,Sysco Order #04665226 - Order Modified - LARIAT,modified,Sysco Standard Delivery,04665226,06/24/2026,06/25/2026,7134591,Cucumber English Medium Seedless 12 Count,1/12CT,IMPERIAL FRESH,1.0,1.0,CS,18.65,,18.65,0,0,0,food
19ef73e338ff5779,19ef73e338ff5779,2026-06-24T01:28:28Z,Sysco Order #04665226 - Order Modified - LARIAT,modified,Sysco Standard Delivery,04665226,06/24/2026,06/25/2026,7459830,Beef Ground Patty Special Blend,30/7 OZ,BUCKHEAD PRIDE/ NEWPORT PRIDE,2.0,2.0,CS,94.95,,189.9,0,0,0,food
19ef73e338ff5779,19ef73e338ff5779,2026-06-24T01:28:28Z,Sysco Order #04665226 - Order Modified - LARIAT,modified,Sysco Standard Delivery,04665226,06/24/2026,06/25/2026,7863410,Pepper Chile Green Mild Chip Hatch,5/5 LBS,BUENO FOODS,1.0,1.0,CS,58.95,,58.95,0,0,0,food
19ef73e338ff5779,19ef73e338ff5779,2026-06-24T01:28:28Z,Sysco Order #04665226 - Order Modified - LARIAT,modified,Sysco Standard Delivery,04665226,06/24/2026,06/25/2026,7814881,Cheese Cheddar Sharp Slice White,4/2.5 LB,ALP&DELL,1.0,1.0,CS,49.99,,49.99,0,0,0,food
19efb6d62e409d5e,19efb715119aa276,2026-06-24T21:02:47Z,Sysco Order #04667336 - Order Allocated - LARIAT,allocated,Sysco Standard Delivery,04667336,06/24/2026,06/25/2026,7715420,Cleaner Fryer Boil Out Ready To Use,26/8OZ,KEYSTONE PRODUCTS,1.0,1.0,CS,64.16,,64.16,0,0,0,non_food
19efb6d62e409d5e,19efb715119aa276,2026-06-24T21:02:47Z,Sysco Order #04667336 - Order Allocated - LARIAT,allocated,Sysco Standard Delivery,04667336,06/24/2026,06/25/2026,1008663,Tomato 2 Layer 5x6 Fresh,1/60 CT,IMPERIAL FRESH,2.0,2.0,CS,38.99,,77.98,0,0,0,food
19efb6d62e409d5e,19efb715119aa276,2026-06-24T21:02:47Z,Sysco Order #04667336 - Order Allocated - LARIAT,allocated,Sysco Standard Delivery,04667336,06/24/2026,06/25/2026,1121169,Celery Fresh,1/36CT,IMPERIAL FRESH,1.0,1.0,CS,36.59,,36.59,0,0,0,food
19efb6d62e409d5e,19efb715119aa276,2026-06-24T21:02:47Z,Sysco Order #04667336 - Order Allocated - LARIAT,allocated,Sysco Standard Delivery,04667336,06/24/2026,06/25/2026,6693642,Pepper Red Diced Fancy,24/#300,SYSCO IMPERIAL,1.0,1.0,CS,81.55,,81.55,0,0,0,food
19efb6d62e409d5e,19efb715119aa276,2026-06-24T21:02:47Z,Sysco Order #04667336 - Order Allocated - LARIAT,allocated,Sysco Standard Delivery,04667336,06/24/2026,06/25/2026,1813973,Pork Chop Bone-in Frenched Long Bone,10/12 OZ,BUCKHEAD PRIDE/ NEWPORT PRIDE,1.0,1.0,CS,20.35,LB,160.01,0,0,0,food
19efb6d62e409d5e,19efb715119aa276,2026-06-24T21:02:47Z,Sysco Order #04667336 - Order Allocated - LARIAT,allocated,Sysco Standard Delivery,04667336,06/24/2026,06/25/2026,7134591,Cucumber English Medium Seedless 12 Count,1/12CT,IMPERIAL FRESH,2.0,2.0,CS,18.65,,37.3,0,0,0,food
19f100cc82685469,19f100cc82685469,2026-06-28T21:05:00Z,Sysco Order Jun 28 2026 02:02 PM  - Order Confirmation - LARIAT,confirmation,Sysco Standard Delivery,04675097,06/28/2026,06/28/2026,1094663,Onion Red Jumbo Bag,1/25LB,IMPERIAL FRESH,1.0,1.0,CS,21.95,,21.95,0,0,1,food
19f100cc82685469,19f100cc82685469,2026-06-28T21:05:00Z,Sysco Order Jun 28 2026 02:02 PM  - Order Confirmation - LARIAT,confirmation,Sysco Standard Delivery,04675097,06/28/2026,06/28/2026,7056910,"Potato Sweet .313"" X .375"" Trimmed",5/3 LB,LAMB WESTON,1.0,1.0,CS,52.35,,52.35,0,0,1,food
19f100cc82685469,19f100cc82685469,2026-06-28T21:05:00Z,Sysco Order Jun 28 2026 02:02 PM  - Order Confirmation - LARIAT,confirmation,Sysco Standard Delivery,04675097,06/28/2026,06/28/2026,4690483,Chip Tortilla Yellow 4 Inches Cut,1/30 LB,LA BANDERITA,2.0,2.0,CS,37.55,,75.1,0,0,0,food
19f100cc82685469,19f100cc82685469,2026-06-28T21:05:00Z,Sysco Order Jun 28 2026 02:02 PM  - Order Confirmation - LARIAT,confirmation,Sysco Standard Delivery,04675097,06/28/2026,06/28/2026,0226060,Churro Mexican Mini 2 Inch,1/500 CT,HOLA CHURRO,1.0,1.0,CS,81.85,,81.85,0,0,0,food
19f100cc82685469,19f100cc82685469,2026-06-28T21:05:00Z,Sysco Order Jun 28 2026 02:02 PM  - Order Confirmation - LARIAT,confirmation,Sysco Standard Delivery,04675097,06/28/2026,06/28/2026,8071803,Pangasius Fillet Iqf 7-9 Ounce,1/15 LB,PORTICO IMPERIAL,8.0,8.0,CS,48.45,,387.6,0,0,0,food
19f100cc82685469,19f100cc82685469,2026-06-28T21:05:00Z,Sysco Order Jun 28 2026 02:02 PM  - Order Confirmation - LARIAT,confirmation,Sysco Standard Delivery,04675097,06/28/2026,06/28/2026,6040885,Pasta Cavatappi 100% Durum Wheat Semolina,2/10 LB,PASTA LABELLA,3.0,3.0,CS,37.55,,112.65,0,0,0,food
19f100cc82685469,19f100cc82685469,2026-06-28T21:05:00Z,Sysco Order Jun 28 2026 02:02 PM  - Order Confirmation - LARIAT,confirmation,Sysco Standard Delivery,04675097,06/28/2026,06/28/2026,5934567,Liner Trash 39 Inch X 56 Inch 1.7 Mil Silver Linear Low-density Polyethylene (lldpe),50/55GAL,SYSCO CLASSIC,2.0,2.0,CS,47.28,,94.56,0,0,0,non_food
19f100cc82685469,19f100cc82685469,2026-06-28T21:05:00Z,Sysco Order Jun 28 2026 02:02 PM  - Order Confirmation - LARIAT,confirmation,Sysco Standard Delivery,04675097,06/28/2026,06/28/2026,4692174,Tortilla Flour Pressed 6 Inch,12/24CT,LA BANDERITA,2.0,2.0,CS,28.99,,57.98,0,0,0,food
19f100cc82685469,19f100cc82685469,2026-06-28T21:05:00Z,Sysco Order Jun 28 2026 02:02 PM  - Order Confirmation - LARIAT,confirmation,Sysco Standard Delivery,04675097,06/28/2026,06/28/2026,5061643,Oil Salad Canola Zero Trans Fat,1/35 LB,SYSCO CLASSIC,1.0,1.0,CS,55.55,,55.55,0,0,0,food
19f100cc82685469,19f100cc82685469,2026-06-28T21:05:00Z,Sysco Order Jun 28 2026 02:02 PM  - Order Confirmation - LARIAT,confirmation,Sysco Standard Delivery,04675097,06/28/2026,06/28/2026,4220580,"Label Roll Shelf Life Dissolvable 2"" X 3""",1/500CT,KEYSTONE PRODUCTS,1.0,1.0,CS,32.75,,32.75,0,0,0,non_food
19f100cc82685469,19f100cc82685469,2026-06-28T21:05:00Z,Sysco Order Jun 28 2026 02:02 PM  - Order Confirmation - LARIAT,confirmation,Sysco Standard Delivery,04675097,06/28/2026,06/28/2026,3617531,Vegetarian Blend Sweet Potato & Roasted Root Vegetables,6/2.5LB,SYSCO SUPREME,4.0,4.0,CS,58.89,,235.56,0,0,0,food
19f100cc82685469,19f100cc82685469,2026-06-28T21:05:00Z,Sysco Order Jun 28 2026 02:02 PM  - Order Confirmation - LARIAT,confirmation,Sysco Standard Delivery,04675097,06/28/2026,06/28/2026,3554615,"Potato Fry 5/16"" Beer Extra Long",6/5 LB,SYSCO PREMIUM,6.0,6.0,CS,55.0,,330.0,0,0,0,food
19f100cc82685469,19f100cc82685469,2026-06-28T21:05:00Z,Sysco Order Jun 28 2026 02:02 PM  - Order Confirmation - LARIAT,confirmation,Sysco Standard Delivery,04675097,06/28/2026,06/28/2026,7492218,Cake Chocolate Fudge 10 Inch,2/110 OZ,CHEESECAKE FACTORY BAKERY,1.0,1.0,CS,136.95,,136.95,0,0,0,food
19f100cc82685469,19f100cc82685469,2026-06-28T21:05:00Z,Sysco Order Jun 28 2026 02:02 PM  - Order Confirmation - LARIAT,confirmation,Sysco Standard Delivery,04675097,06/28/2026,06/28/2026,7085140,Corn Yellow Roasted Blend,6/2.5LB,SYSCO IMPERIAL,1.0,1.0,CS,52.75,,52.75,0,0,0,food
19f100cc82685469,19f100cc82685469,2026-06-28T21:05:00Z,Sysco Order Jun 28 2026 02:02 PM  - Order Confirmation - LARIAT,confirmation,Sysco Standard Delivery,04675097,06/28/2026,06/28/2026,1400464,Chicken Tenders Breaded Golden Flat Large,2/5 LB,SYSCO CLASSIC,1.0,1.0,CS,49.23,,49.23,0,0,0,food
19f100cc82685469,19f100cc82685469,2026-06-28T21:05:00Z,Sysco Order Jun 28 2026 02:02 PM  - Order Confirmation - LARIAT,confirmation,Sysco Standard Delivery,04675097,06/28/2026,06/28/2026,2369233,Chicken Wing Steamed Precooked Large,2/5LB,SYSCO CLASSIC,2.0,2.0,CS,46.99,,93.98,0,0,0,food
19f100cc82685469,19f100cc82685469,2026-06-28T21:05:00Z,Sysco Order Jun 28 2026 02:02 PM  - Order Confirmation - LARIAT,confirmation,Sysco Standard Delivery,04675097,06/28/2026,06/28/2026,5098496,Pork Ham Shank Pig Wing 4 Ounce,2/4.5LB,SYSCO CLASSIC,2.0,2.0,CS,95.79,,191.58,0,0,0,food
19f100cc82685469,19f100cc82685469,2026-06-28T21:05:00Z,Sysco Order Jun 28 2026 02:02 PM  - Order Confirmation - LARIAT,confirmation,Sysco Standard Delivery,04675097,06/28/2026,06/28/2026,6046902,Pork Butt Boneless 1/4 7-10 Pounds Each Fresh,8/7-10#,BUTCHERS BLOCK,1.0,1.0,CS,2.547,LB,186.15,0,0,0,food
19f100cc82685469,19f100cc82685469,2026-06-28T21:05:00Z,Sysco Order Jun 28 2026 02:02 PM  - Order Confirmation - LARIAT,confirmation,Sysco Standard Delivery,04675097,06/28/2026,06/28/2026,4944450,Soup Base Chicken Real,6/1LB,SYSCO IMPERIAL,1.0,1.0,CS,45.52,,45.52,0,0,0,food
19f100cc82685469,19f100cc82685469,2026-06-28T21:05:00Z,Sysco Order Jun 28 2026 02:02 PM  - Order Confirmation - LARIAT,confirmation,Sysco Standard Delivery,04675097,06/28/2026,06/28/2026,9869108,Horseradish White Prepared,6/32 OZ,SYSCO CLASSIC,1.0,1.0,CS,58.69,,58.69,0,0,0,food
19f100cc82685469,19f100cc82685469,2026-06-28T21:05:00Z,Sysco Order Jun 28 2026 02:02 PM  - Order Confirmation - LARIAT,confirmation,Sysco Standard Delivery,04675097,06/28/2026,06/28/2026,7210310,Buttermilk Whole Qt,12/1 QT,MEADOW GOLD,2.0,2.0,CS,36.03,,72.06,0,0,0,food
19f100cc82685469,19f100cc82685469,2026-06-28T21:05:00Z,Sysco Order Jun 28 2026 02:02 PM  - Order Confirmation - LARIAT,confirmation,Sysco Standard Delivery,04675097,06/28/2026,06/28/2026,6935464,Cream Heavy 40% Extended Shelf Life Stabilized,12/32OZ,WHOLESOME FARMS CLASSIC,1.0,1.0,CS,60.11,,60.11,0,0,0,food
19f100cc82685469,19f100cc82685469,2026-06-28T21:05:00Z,Sysco Order Jun 28 2026 02:02 PM  - Order Confirmation - LARIAT,confirmation,Sysco Standard Delivery,04675097,06/28/2026,06/28/2026,3029614,Butter Clarified 4-5#,4/5 LB,WHOLESOME FARMS CLASSIC,1.0,1.0,CS,94.55,,94.55,0,0,0,food
19f100cc82685469,19f100cc82685469,2026-06-28T21:05:00Z,Sysco Order Jun 28 2026 02:02 PM  - Order Confirmation - LARIAT,confirmation,Sysco Standard Delivery,04675097,06/28/2026,06/28/2026,2005296,Thyme Fresh Herb,1/1 LB,IMPERIAL FRESH,1.0,1.0,CS,15.99,,15.99,0,0,0,food
19f100cc82685469,19f100cc82685469,2026-06-28T21:05:00Z,Sysco Order Jun 28 2026 02:02 PM  - Order Confirmation - LARIAT,confirmation,Sysco Standard Delivery,04675097,06/28/2026,06/28/2026,2058907,Parsley Italian Fresh Herb,1/1 LB,IMPERIAL FRESH,1.0,1.0,CS,13.95,,13.95,0,0,0,food
19f100cc82685469,19f100cc82685469,2026-06-28T21:05:00Z,Sysco Order Jun 28 2026 02:02 PM  - Order Confirmation - LARIAT,confirmation,Sysco Standard Delivery,04675097,06/28/2026,06/28/2026,2058881,Chives Fresh Herb,1/1 LB,IMPERIAL FRESH,1.0,1.0,CS,18.55,,18.55,0,0,0,food
19f100cc82685469,19f100cc82685469,2026-06-28T21:05:00Z,Sysco Order Jun 28 2026 02:02 PM  - Order Confirmation - LARIAT,confirmation,Sysco Standard Delivery,04675097,06/28/2026,06/28/2026,2004992,Tarragon Fresh Herb,1/1 LB,IMPERIAL FRESH,1.0,1.0,CS,19.55,,19.55,0,0,0,food
19f100cc82685469,19f100cc82685469,2026-06-28T21:05:00Z,Sysco Order Jun 28 2026 02:02 PM  - Order Confirmation - LARIAT,confirmation,Sysco Standard Delivery,04675097,06/28/2026,06/28/2026,2005114,Dill Baby Fresh Herb,1/4 OZ,IMPERIAL FRESH,3.0,3.0,CS,8.95,,26.85,0,0,0,food
19f100cc82685469,19f100cc82685469,2026-06-28T21:05:00Z,Sysco Order Jun 28 2026 02:02 PM  - Order Confirmation - LARIAT,confirmation,Sysco Standard Delivery,04675097,06/28/2026,06/28/2026,1132040,Lettuce Fresh Tender Greens,4/3 LB,IMPERIAL FRESH,3.0,3.0,CS,39.55,,118.65,0,0,0,food
19f100cc82685469,19f100cc82685469,2026-06-28T21:05:00Z,Sysco Order Jun 28 2026 02:02 PM  - Order Confirmation - LARIAT,confirmation,Sysco Standard Delivery,04675097,06/28/2026,06/28/2026,2004547,Basil Fresh Herb,1/1 LB,IMPERIAL FRESH,1.0,1.0,CS,14.49,,14.49,0,0,0,food
19f100cc82685469,19f100cc82685469,2026-06-28T21:05:00Z,Sysco Order Jun 28 2026 02:02 PM  - Order Confirmation - LARIAT,confirmation,Sysco Standard Delivery,04675097,06/28/2026,06/28/2026,7218368,Shallot Whole Fresh,1/10 LB,IMPERIAL FRESH,1.0,1.0,CS,31.45,,31.45,0,0,0,food
19f100cc82685469,19f100cc82685469,2026-06-28T21:05:00Z,Sysco Order Jun 28 2026 02:02 PM  - Order Confirmation - LARIAT,confirmation,Sysco Standard Delivery,04675097,06/28/2026,06/28/2026,1675701,Cabbage Green Shredded Fresh In Bag,4/5 LB,IMPERIAL FRESH,2.0,2.0,CS,25.55,,51.1,0,0,0,food
19f100cc82685469,19f100cc82685469,2026-06-28T21:05:00Z,Sysco Order Jun 28 2026 02:02 PM  - Order Confirmation - LARIAT,confirmation,Sysco Standard Delivery,04675097,06/28/2026,06/28/2026,9927799,Pepper Jalapeno Fresh,1/10 LB,IMPERIAL FRESH,1.0,1.0,CS,25.45,,25.45,0,0,0,food
19f100cc82685469,19f100cc82685469,2026-06-28T21:05:00Z,Sysco Order Jun 28 2026 02:02 PM  - Order Confirmation - LARIAT,confirmation,Sysco Standard Delivery,04675097,06/28/2026,06/28/2026,4002408,Mayonnaise Heavy Duty Pail,1/28LB,SYSCO RELIANCE,3.0,3.0,CS,50.79,,152.37,0,0,0,food
19f100cc82685469,19f100cc82685469,2026-06-28T21:05:00Z,Sysco Order Jun 28 2026 02:02 PM  - Order Confirmation - LARIAT,confirmation,Sysco Standard Delivery,04675097,06/28/2026,06/28/2026,2575926,Cheese American Loaf Special Melting White,6/5 LB,CASA SOLANA IMPERIAL,1.0,1.0,CS,86.92,,86.92,0,0,0,food
19f100cc82685469,19f100cc82685469,2026-06-28T21:05:00Z,Sysco Order Jun 28 2026 02:02 PM  - Order Confirmation - LARIAT,confirmation,Sysco Standard Delivery,04675097,06/28/2026,06/28/2026,2406189,Cheese Cheddar Jack Fancy Shredded,4/5LB,CASA SOLANA IMPERIAL,1.0,1.0,CS,59.99,,59.99,0,0,0,food
19f100cc82685469,19f100cc82685469,2026-06-28T21:05:00Z,Sysco Order Jun 28 2026 02:02 PM  - Order Confirmation - LARIAT,confirmation,Sysco Standard Delivery,04675097,06/28/2026,06/28/2026,7814881,Cheese Cheddar Sharp Slice White,4/2.5 LB,ALP&DELL,1.0,1.0,CS,49.99,,49.99,0,0,0,food
19f100cc82685469,19f100cc82685469,2026-06-28T21:05:00Z,Sysco Order Jun 28 2026 02:02 PM  - Order Confirmation - LARIAT,confirmation,Sysco Standard Delivery,04675097,06/28/2026,06/28/2026,3554553,Cheese Monterey Pepper Jack Sliced Interleaf .,8/1.5LB,BLOCK & BARREL IMPERIAL,1.0,1.0,CS,47.95,,47.95,0,0,0,food
19f100cc82685469,19f100cc82685469,2026-06-28T21:05:00Z,Sysco Order Jun 28 2026 02:02 PM  - Order Confirmation - LARIAT,confirmation,Sysco Standard Delivery,04675097,06/28/2026,06/28/2026,0671677,Cheese Blue Crumbles,2/5 LB,BLOCK & BARREL IMPERIAL,1.0,1.0,CS,38.27,,38.27,0,0,0,food
19f100cc82685469,19f100cc82685469,2026-06-28T21:05:00Z,Sysco Order Jun 28 2026 02:02 PM  - Order Confirmation - LARIAT,confirmation,Sysco Standard Delivery,04675097,06/28/2026,06/28/2026,8149296,Cheese Chihuahua Shredded,4/5LB,SUPREMO,1.0,1.0,CS,151.75,,151.75,0,0,0,food
19f100cc82685469,19f100cc82685469,2026-06-28T21:05:00Z,Sysco Order Jun 28 2026 02:02 PM  - Order Confirmation - LARIAT,confirmation,Sysco Standard Delivery,04675097,06/28/2026,06/28/2026,7199866,Egg Hardcooked Cgfree Hard Pk,12/12 CT,WHOLESOME FARMS IMPERIAL,1.0,1.0,CS,63.99,,63.99,0,0,0,food
19f100cc82685469,19f100cc82685469,2026-06-28T21:05:00Z,Sysco Order Jun 28 2026 02:02 PM  - Order Confirmation - LARIAT,confirmation,Sysco Standard Delivery,04675097,06/28/2026,06/28/2026,1007350,Avocado Hass Breaking Fresh,1/48 CT,PROPACK,1.0,1.0,CS,51.79,,51.79,0,0,0,food
19f100cc82685469,19f100cc82685469,2026-06-28T21:05:00Z,Sysco Order Jun 28 2026 02:02 PM  - Order Confirmation - LARIAT,confirmation,Sysco Standard Delivery,04675097,06/28/2026,06/28/2026,7134591,Cucumber English Medium Seedless 12 Count,1/12CT,IMPERIAL FRESH,1.0,1.0,CS,18.65,,18.65,0,0,0,food
19f100cc82685469,19f100cc82685469,2026-06-28T21:05:00Z,Sysco Order Jun 28 2026 02:02 PM  - Order Confirmation - LARIAT,confirmation,Sysco Standard Delivery,04675097,06/28/2026,06/28/2026,1008663,Tomato 2 Layer 5x6 Fresh,1/60 CT,IMPERIAL FRESH,3.0,3.0,CS,38.21,,114.63,0,0,0,food
19f100cc82685469,19f100cc82685469,2026-06-28T21:05:00Z,Sysco Order Jun 28 2026 02:02 PM  - Order Confirmation - LARIAT,confirmation,Sysco Standard Delivery,04675097,06/28/2026,06/28/2026,1094697,Onions White Jumbo Bag,1/50LB,IMPERIAL FRESH,1.0,1.0,CS,31.99,,31.99,0,0,0,food
19f100cc82685469,19f100cc82685469,2026-06-28T21:05:00Z,Sysco Order Jun 28 2026 02:02 PM  - Order Confirmation - LARIAT,confirmation,Sysco Standard Delivery,04675097,06/28/2026,06/28/2026,5661143,Tomato Cherry Heirloom Mix,12/.5 PTS,PACKER,1.0,1.0,CS,48.95,,48.95,0,0,0,food
19f100cc82685469,19f100cc82685469,2026-06-28T21:05:00Z,Sysco Order Jun 28 2026 02:02 PM  - Order Confirmation - LARIAT,confirmation,Sysco Standard Delivery,04675097,06/28/2026,06/28/2026,2986487,Carrots Sticks Brick Pack,4/5 LB,IMPERIAL FRESH,1.0,1.0,CS,57.55,,57.55,0,0,0,food
19f100cc82685469,19f100cc82685469,2026-06-28T21:05:00Z,Sysco Order Jun 28 2026 02:02 PM  - Order Confirmation - LARIAT,confirmation,Sysco Standard Delivery,04675097,06/28/2026,06/28/2026,5844220,Bean Black,6/10 CAN,CASA SOLANA CLASSIC,1.0,1.0,CS,37.99,,37.99,0,0,0,food
19f100cc82685469,19f100cc82685469,2026-06-28T21:05:00Z,Sysco Order Jun 28 2026 02:02 PM  - Order Confirmation - LARIAT,confirmation,Sysco Standard Delivery,04675097,06/28/2026,06/28/2026,4685614,Glove Nitrile Foodservice Powder-free Black Large,10/100CT,SYSCO CLASSIC,1.0,1.0,CS,48.99,,48.99,0,0,0,non_food
19f100cc82685469,19f100cc82685469,2026-06-28T21:05:00Z,Sysco Order Jun 28 2026 02:02 PM  - Order Confirmation - LARIAT,confirmation,Sysco Standard Delivery,04675097,06/28/2026,06/28/2026,8231512,Container Plastic Deli Translucent With Lid,240/32OZ,DELITAINER (NEWSPRING),1.0,1.0,CS,57.99,,57.99,0,0,0,non_food
19f100cc82685469,19f100cc82685469,2026-06-28T21:05:00Z,Sysco Order Jun 28 2026 02:02 PM  - Order Confirmation - LARIAT,confirmation,Sysco Standard Delivery,04675097,06/28/2026,06/28/2026,4595138,Cleaner Grill And Panini High Temperature,6/32 OZ,ECOLAB,1.0,1.0,CS,153.03,,153.03,0,0,0,non_food
19f100cc82685469,19f100cc82685469,2026-06-28T21:05:00Z,Sysco Order Jun 28 2026 02:02 PM  - Order Confirmation - LARIAT,confirmation,Sysco Standard Delivery,04675097,06/28/2026,06/28/2026,1376805,"Pad Scour Green 6"" X 9"" Antimicrobial",1/20CT,SYSCO SUPPLIES CLASSIC,1.0,1.0,CS,14.95,,14.95,0,0,0,non_food
19f100cc82685469,19f100cc82685469,2026-06-28T21:05:00Z,Sysco Order Jun 28 2026 02:02 PM  - Order Confirmation - LARIAT,confirmation,Sysco Standard Delivery,04675097,06/28/2026,06/28/2026,8378111,Flour All Purpose Hotel & Restaurant Bleached,1/50LB,SYSCO CLASSIC,2.0,2.0,CS,21.69,,43.38,0,0,0,food
19f100cc82685469,19f100cc82685469,2026-06-28T21:05:00Z,Sysco Order Jun 28 2026 02:02 PM  - Order Confirmation - LARIAT,confirmation,Sysco Standard Delivery,04675097,06/28/2026,06/28/2026,4566873,Mix Cornbread Homestyle Complete,6/5 LB,KRUSTEAZ,1.0,1.0,CS,87.95,,87.95,0,0,0,food
19f100cc82685469,19f100cc82685469,2026-06-28T21:05:00Z,Sysco Order Jun 28 2026 02:02 PM  - Order Confirmation - LARIAT,confirmation,Sysco Standard Delivery,04675097,06/28/2026,06/28/2026,4782694,Sugar Granulated Extra Fine Cane,1/50LB,SYSCO CLASSIC,1.0,1.0,CS,46.51,,46.51,0,0,0,food
19f100cc82685469,19f100cc82685469,2026-06-28T21:05:00Z,Sysco Order Jun 28 2026 02:02 PM  - Order Confirmation - LARIAT,confirmation,Sysco Standard Delivery,04675097,06/28/2026,06/28/2026,7644909,Fry On Shortening Frying Liquid,1/35 LB,SYSCO PREMIUM,4.0,4.0,CS,60.99,,243.96,0,0,0,food
19f100cc82685469,19f100cc82685469,2026-06-28T21:05:00Z,Sysco Order Jun 28 2026 02:02 PM  - Order Confirmation - LARIAT,confirmation,Sysco Standard Delivery,04675097,06/28/2026,06/28/2026,1813973,Pork Chop Bone-in Frenched Long Bone,10/12 OZ,BUCKHEAD PRIDE/ NEWPORT PRIDE,1.0,1.0,CS,20.05,LB,159.46,0,0,0,food
19f100cc82685469,19f100cc82685469,2026-06-28T21:05:00Z,Sysco Order Jun 28 2026 02:02 PM  - Order Confirmation - LARIAT,confirmation,Sysco Standard Delivery,04675097,06/28/2026,06/28/2026,4011078,Pudding Vanilla Ready To Use,6/#10,SYSCO CLASSIC,1.0,1.0,CS,74.79,,74.79,0,0,0,food
19f100cc82685469,19f100cc82685469,2026-06-28T21:05:00Z,Sysco Order Jun 28 2026 02:02 PM  - Order Confirmation - LARIAT,confirmation,Sysco Standard Delivery,04675097,06/28/2026,06/28/2026,5966116,Bread Crumbs Japanese Toasted Panko,1/25 LB,JADE MOUNTAIN CLASSIC,1.0,1.0,CS,30.93,,30.93,0,0,0,food
19f100cc82685469,19f100cc82685469,2026-06-28T21:05:00Z,Sysco Order Jun 28 2026 02:02 PM  - Order Confirmation - LARIAT,confirmation,Sysco Standard Delivery,04675097,06/28/2026,06/28/2026,1970896,"Tortilla Corn White 6""",12/60 CT,MISSION FOODS,2.0,2.0,CS,46.79,,93.58,0,0,0,food
19f100cc82685469,19f100cc82685469,2026-06-28T21:05:00Z,Sysco Order Jun 28 2026 02:02 PM  - Order Confirmation - LARIAT,confirmation,Sysco Standard Delivery,04675097,06/28/2026,06/28/2026,7459830,Beef Ground Patty Special Blend,30/7 OZ,BUCKHEAD PRIDE/ NEWPORT PRIDE,6.0,6.0,CS,94.95,,569.7,0,0,0,food
19f100cc82685469,19f100cc82685469,2026-06-28T21:05:00Z,Sysco Order Jun 28 2026 02:02 PM  - Order Confirmation - LARIAT,confirmation,Sysco Standard Delivery,04675097,06/28/2026,06/28/2026,7198375,Sauce Hot,24/5FOZ,CHOLULA,2.0,2.0,CS,64.59,,129.18,0,0,0,food
19f100cc82685469,19f100cc82685469,2026-06-28T21:05:00Z,Sysco Order Jun 28 2026 02:02 PM  - Order Confirmation - LARIAT,confirmation,Sysco Standard Delivery,04675097,06/28/2026,06/28/2026,2310036,Container Plastic Clear Hinged 6 Inch,4/125CT,SYSCO CLASSIC,1.0,1.0,CS,63.08,,63.08,0,0,0,non_food
19f100cc82685469,19f100cc82685469,2026-06-28T21:05:00Z,Sysco Order Jun 28 2026 02:02 PM  - Order Confirmation - LARIAT,confirmation,Sysco Standard Delivery,04675097,06/28/2026,06/28/2026,3533643,Tomatillo Whole,6/100 OZ,DEL SOL (CANNED),1.0,1.0,CS,36.99,,36.99,0,0,0,food
19f100cc82685469,19f100cc82685469,2026-06-28T21:05:00Z,Sysco Order Jun 28 2026 02:02 PM  - Order Confirmation - LARIAT,confirmation,Sysco Standard Delivery,04675097,06/28/2026,06/28/2026,7863410,Pepper Chile Green Mild Chip Hatch,5/5 LBS,BUENO FOODS,1.0,1.0,CS,58.95,,58.95,0,0,0,food
19f100cc82685469,19f100cc82685469,2026-06-28T21:05:00Z,Sysco Order Jun 28 2026 02:02 PM  - Order Confirmation - LARIAT,confirmation,Sysco Standard Delivery,04675097,06/28/2026,06/28/2026,5424254,Trout Rainbow Whole Boned Pin Bone Out 10 Oz Chl,1/10 LB,PORTICO SIMPLY,3.0,3.0,CS,90.65,,271.95,0,0,0,food
19f100cc82685469,19f100cc82685469,2026-06-28T21:05:00Z,Sysco Order Jun 28 2026 02:02 PM  - Order Confirmation - LARIAT,confirmation,Sysco Standard Delivery,04675097,06/28/2026,06/28/2026,7027072,Beef Cheek Meat Caviness Bulk,1/30 LB,PALO DURO,1.0,1.0,CS,5.559,LB,166.77,0,0,0,food
19f100cc82685469,19f100cc82685469,2026-06-28T21:05:00Z,Sysco Order Jun 28 2026 02:02 PM  - Order Confirmation - LARIAT,confirmation,Sysco Standard Delivery,04675097,06/28/2026,06/28/2026,1675719,Cabbage Red Shredded Fresh,4/5 LB,IMPERIAL FRESH,1.0,1.0,CS,48.99,,48.99,0,0,0,food
19f100cc82685469,19f100cc82685469,2026-06-28T21:05:00Z,Sysco Order Jun 28 2026 02:02 PM  - Order Confirmation - LARIAT,confirmation,Sysco Standard Delivery,04675097,06/28/2026,06/28/2026,3777570,Bacon Shingle Center-cut 7-9 Per Pound Honey Gas Flushed,1/15#,DAILYS BACON,2.0,2.0,CS,68.95,,137.9,0,0,0,food
19f100cc82685469,19f100cc82685469,2026-06-28T21:05:00Z,Sysco Order Jun 28 2026 02:02 PM  - Order Confirmation - LARIAT,confirmation,Sysco Standard Delivery,04675098,06/28/2026,06/28/2026,7224680,Chicken Leg Whole,4/5 LB,RED BIRD INC (POULTRY),6.0,6.0,CS,2.959,LB,346.2,0,0,0,food
197cd025fc34c6d3,197cd025fc34c6d3,2025-07-02T21:19:33Z,Sysco Order #03920951 - Order Allocated - LARIAT,allocated,Sysco Standard Delivery,03920951,07/02/2025,07/03/2025,7210106,Onion Red Jumbo Sack,10/5 LB,IMPERIAL FRESH,1.0,1.0,CS,43.79,,43.79,0,0,0,food
197cd025fc34c6d3,197cd025fc34c6d3,2025-07-02T21:19:33Z,Sysco Order #03920951 - Order Allocated - LARIAT,allocated,Sysco Standard Delivery,03920951,07/02/2025,07/03/2025,1094697,Onions White Jumbo Bag,1/50LB,IMPERIAL FRESH,1.0,1.0,CS,26.95,,26.95,0,0,0,food
197cd025fc34c6d3,197cd025fc34c6d3,2025-07-02T21:19:33Z,Sysco Order #03920951 - Order Allocated - LARIAT,allocated,Sysco Standard Delivery,03920951,07/02/2025,07/03/2025,1675750,Carrots Matchstick Shredded,4/5LB,IMPERIAL FRESH,1.0,1.0,CS,30.49,,30.49,0,0,0,food
197cd025fc34c6d3,197cd025fc34c6d3,2025-07-02T21:19:33Z,Sysco Order #03920951 - Order Allocated - LARIAT,allocated,Sysco Standard Delivery,03920951,07/02/2025,07/03/2025,4045415,Vinegar Apple Cider,4/1GAL,HEINZ,1.0,1.0,CS,55.95,,71.54,0,0,0,food
197cd025fc34c6d3,197cd025fc34c6d3,2025-07-02T21:19:33Z,Sysco Order #03920951 - Order Allocated - LARIAT,allocated,Sysco Standard Delivery,03920951,07/02/2025,07/03/2025,4113049,Vinegar White Distilled 50 Grain,4/1 GAL,SYSCO CLASSIC,1.0,1.0,EA,7.25,,7.25,0,0,0,food
197cd025fc34c6d3,197cd025fc34c6d3,2025-07-02T21:19:33Z,Sysco Order #03920951 - Order Allocated - LARIAT,allocated,Sysco Standard Delivery,03920951,07/02/2025,07/03/2025,0377016,Pork Chop Center Cut Bone In All Natural,27/6 OZ,BUTCHER BLOCK PRIME,1.0,1.0,CS,78.85,,78.85,0,0,0,food
197cd025fc34c6d3,197cd025fc34c6d3,2025-07-02T21:19:33Z,Sysco Order #03920951 - Order Allocated - LARIAT,allocated,Sysco Standard Delivery,03920951,07/02/2025,07/03/2025,1423726,Container Paper #4 Takeout Kraft,2/45CT,EARTH PLUS,1.0,1.0,CS,52.89,,52.89,0,0,0,non_food
197cd025fc34c6d3,197cd025fc34c6d3,2025-07-02T21:19:33Z,Sysco Order #03920951 - Order Allocated - LARIAT,allocated,Sysco Standard Delivery,03920951,07/02/2025,07/03/2025,8139529,"Tortilla Flour 14""",8/12CT,LA BANDERITA,1.0,1.0,CS,43.89,,43.89,0,0,0,food
197cd025fc34c6d3,197cd025fc34c6d3,2025-07-02T21:19:33Z,Sysco Order #03920951 - Order Allocated - LARIAT,allocated,Sysco Standard Delivery,03920951,07/02/2025,07/03/2025,6562207,Tortilla Corn White 4.5 Inch,6/50 CT,MISSION FOODS,1.0,1.0,CS,21.99,,21.99,0,0,0,food
197cd025fc34c6d3,197cd025fc34c6d3,2025-07-02T21:19:33Z,Sysco Order #03920951 - Order Allocated - LARIAT,allocated,Sysco Standard Delivery,03920951,07/02/2025,07/03/2025,5757091,Pepper Chipotle Adobo Sauce,12/7 OZ,EMBASA,1.0,1.0,CS,28.75,,28.75,0,0,0,food
197cd025fc34c6d3,197cd025fc34c6d3,2025-07-02T21:19:33Z,Sysco Order #03920951 - Order Allocated - LARIAT,allocated,Sysco Standard Delivery,03920951,07/02/2025,07/03/2025,6040760,Salt Kosher Flake Coarse,12/3LB,SYSCO CLASSIC,1.0,1.0,CS,42.75,,42.75,0,0,0,food
197cd025fc34c6d3,197cd025fc34c6d3,2025-07-02T21:19:33Z,Sysco Order #03920951 - Order Allocated - LARIAT,allocated,Sysco Standard Delivery,03920951,07/02/2025,07/03/2025,5087572,Sugar Granulated Extra Fine Cane,1/25LB,SYSCO CLASSIC,1.0,1.0,CS,30.55,,30.55,0,0,0,food
197cd025fc34c6d3,197cd025fc34c6d3,2025-07-02T21:19:33Z,Sysco Order #03920951 - Order Allocated - LARIAT,allocated,Sysco Standard Delivery,03920951,07/02/2025,07/03/2025,7626013,Shortening Fry Canola Clear Zero Trans Fat,1/35LB,SYSCO CLASSIC,4.0,4.0,CS,40.99,,163.96,0,0,0,food
197cd025fc34c6d3,197cd025fc34c6d3,2025-07-02T21:19:33Z,Sysco Order #03920951 - Order Allocated - LARIAT,allocated,Sysco Standard Delivery,03920951,07/02/2025,07/03/2025,5934294,Oil Olive Blend 90/10,6/1 GAL,ARREZZIO CLASSIC,1.0,1.0,CS,80.95,,80.95,0,0,0,food
197cd025fc34c6d3,197cd025fc34c6d3,2025-07-02T21:19:33Z,Sysco Order #03920951 - Order Allocated - LARIAT,allocated,Sysco Standard Delivery,03920951,07/02/2025,07/03/2025,5847011,Oil Olive Pomace,3/1GAL,ARREZZIO CLASSIC,1.0,1.0,CS,95.99,,95.99,0,0,0,food
197cd025fc34c6d3,197cd025fc34c6d3,2025-07-02T21:19:33Z,Sysco Order #03920951 - Order Allocated - LARIAT,allocated,Sysco Standard Delivery,03920951,07/02/2025,07/03/2025,5098496,Pork Ham Shank Pig Wing 4 Ounce,2/4.5LB,SYSCO CLASSIC,3.0,3.0,CS,92.55,,277.65,0,0,0,food
197cd025fc34c6d3,197cd025fc34c6d3,2025-07-02T21:19:33Z,Sysco Order #03920951 - Order Allocated - LARIAT,allocated,Sysco Standard Delivery,03920951,07/02/2025,07/03/2025,1132040,Lettuce Fresh Tender Greens,4/3 LB,IMPERIAL FRESH,1.0,1.0,CS,38.29,,38.29,0,0,0,food
197cd025fc34c6d3,197cd025fc34c6d3,2025-07-02T21:19:33Z,Sysco Order #03920951 - Order Allocated - LARIAT,allocated,Sysco Standard Delivery,03920951,07/02/2025,07/03/2025,1675701,Cabbage Green Shredded Fresh In Bag,4/5 LB,IMPERIAL FRESH,1.0,1.0,CS,23.85,,23.85,0,0,0,food
197cd025fc34c6d3,197cd025fc34c6d3,2025-07-02T21:19:33Z,Sysco Order #03920951 - Order Allocated - LARIAT,allocated,Sysco Standard Delivery,03920951,07/02/2025,07/03/2025,9927799,Pepper Jalapeno Fresh,1/10 LB,IMPERIAL FRESH,1.0,1.0,CS,20.65,,20.65,0,0,0,food
197cd025fc34c6d3,197cd025fc34c6d3,2025-07-02T21:19:33Z,Sysco Order #03920951 - Order Allocated - LARIAT,allocated,Sysco Standard Delivery,03920951,07/02/2025,07/03/2025,1675719,Cabbage Red Shredded Fresh,4/5 LB,IMPERIAL FRESH,1.0,1.0,CS,45.95,,45.95,0,0,0,food
197cd025fc34c6d3,197cd025fc34c6d3,2025-07-02T21:19:33Z,Sysco Order #03920951 - Order Allocated - LARIAT,allocated,Sysco Standard Delivery,03920951,07/02/2025,07/03/2025,4004164,Dressing Blue Cheese Pourable,4/1 GAL,SYSCO CLASSIC,1.0,1.0,EA,20.45,,20.45,0,0,0,food
197cd025fc34c6d3,197cd025fc34c6d3,2025-07-02T21:19:33Z,Sysco Order #03920951 - Order Allocated - LARIAT,allocated,Sysco Standard Delivery,03920951,07/02/2025,07/03/2025,2406189,Cheese Cheddar Jack Fancy Shredded,4/5LB,CASA SOLANA IMPERIAL,2.0,2.0,CS,67.75,,135.5,0,0,0,food
197cd025fc34c6d3,197cd025fc34c6d3,2025-07-02T21:19:33Z,Sysco Order #03920951 - Order Allocated - LARIAT,allocated,Sysco Standard Delivery,03920951,07/02/2025,07/03/2025,8378111,Flour All Purpose Hotel & Restaurant Bleached,1/50LB,SYSCO CLASSIC,1.0,1.0,CS,20.79,,20.79,0,0,0,food
197cd025fc34c6d3,197cd025fc34c6d3,2025-07-02T21:19:33Z,Sysco Order #03920951 - Order Allocated - LARIAT,allocated,Sysco Standard Delivery,03920951,07/02/2025,07/03/2025,1225267,Ice Cream Vanilla Premium,1/3 GAL,BLUE BUNNY,1.0,1.0,CS,38.09,,38.09,0,0,0,food
197cd025fc34c6d3,197cd025fc34c6d3,2025-07-02T21:19:33Z,Sysco Order #03920951 - Order Allocated - LARIAT,allocated,Sysco Standard Delivery,03920951,07/02/2025,07/03/2025,6935464,Cream Heavy 40% Extended Shelf Life Stabilized,12/32OZ,WHOLESOME FARMS CLASSIC,2.0,2.0,CS,68.2,,136.4,0,0,0,food
197cd025fc34c6d3,197cd025fc34c6d3,2025-07-02T21:19:33Z,Sysco Order #03920951 - Order Allocated - LARIAT,allocated,Sysco Standard Delivery,03920951,07/02/2025,07/03/2025,5020197,Potato Fry Sweet 3/8,6/2.5LB,SYSCO IMPERIAL,4.0,4.0,CS,44.44,,177.76,0,0,0,food
197cd025fc34c6d3,197cd025fc34c6d3,2025-07-02T21:19:33Z,Sysco Order #03920951 - Order Allocated - LARIAT,allocated,Sysco Standard Delivery,03920951,07/02/2025,07/03/2025,8234456,Bun Brioche Artisan Baked Sliced,"48/4.5""",HARVEST MOON (FRZN),1.0,1.0,CS,34.85,,34.85,0,0,0,food
197cd025fc34c6d3,197cd025fc34c6d3,2025-07-02T21:19:33Z,Sysco Order #03920951 - Order Allocated - LARIAT,allocated,Sysco Standard Delivery,03920951,07/02/2025,07/03/2025,3554615,"Potato Fry 5/16"" Beer Extra Long",6/5 LB,SYSCO IMPERIAL,6.0,6.0,CS,59.49,,356.94,0,0,0,food
197cd025fc34c6d3,197cd025fc34c6d3,2025-07-02T21:19:33Z,Sysco Order #03920951 - Order Allocated - LARIAT,allocated,Sysco Standard Delivery,03920951,07/02/2025,07/03/2025,7005009,Chile Green Hatch Diced Mild,5/5LB,YOUNG GUNS PRODUCE,1.0,1.0,CS,50.95,,50.95,0,0,0,food
197cd025fc34c6d3,197cd025fc34c6d3,2025-07-02T21:19:33Z,Sysco Order #03920951 - Order Allocated - LARIAT,allocated,Sysco Standard Delivery,03920951,07/02/2025,07/03/2025,0758401,Bun Hamburger Gluten Free Individually Wrapped,24/1EA,UDI’s Healthy Foods,1.0,1.0,CS,44.65,,44.65,0,0,0,food
197cd025fc34c6d3,197cd025fc34c6d3,2025-07-02T21:19:33Z,Sysco Order #03920951 - Order Allocated - LARIAT,allocated,Sysco Standard Delivery,03920951,07/02/2025,07/03/2025,7077655,Pangasius Filet Iqf 5-7 Ounce,1/15LB,PORTICO CLASSIC SEAFOOD,5.0,5.0,CS,46.65,,233.25,0,0,0,food
197cd025fc34c6d3,197cd025fc34c6d3,2025-07-02T21:19:33Z,Sysco Order #03920951 - Order Allocated - LARIAT,allocated,Sysco Standard Delivery,03920951,07/02/2025,07/03/2025,3777570,Bacon Shingle Center-cut 7-9 Per Pound Honey Gas Flushed,1/15#,DAILYS BACON,2.0,2.0,CS,76.99,,153.98,0,0,0,food
197cd025fc34c6d3,197cd025fc34c6d3,2025-07-02T21:19:33Z,Sysco Order #03920951 - Order Allocated - LARIAT,allocated,Sysco Standard Delivery,03920951,07/02/2025,07/03/2025,7181814,Sausage Chorizo Bulk Raw,2/7 LB,Polidori,1.0,1.0,CS,80.85,,80.85,0,0,0,food
197cd025fc34c6d3,197cd025fc34c6d3,2025-07-02T21:19:33Z,Sysco Order #03920951 - Order Allocated - LARIAT,allocated,Sysco Standard Delivery,03920951,07/02/2025,07/03/2025,1491552,"Bun Brioche 4.5""",8/10CT,TURANO,1.0,1.0,CS,55.25,,55.25,0,0,0,food
197cd025fc34c6d3,197cd025fc34c6d3,2025-07-02T21:19:33Z,Sysco Order #03920951 - Order Allocated - LARIAT,allocated,Sysco Standard Delivery,03920951,07/02/2025,07/03/2025,1008663,Tomato 2 Layer 5x6 Fresh,1/60 CT,IMPERIAL FRESH,1.0,1.0,CS,25.75,,25.75,0,0,0,food
19f342bbb1b801df,19f342fd1134e009,2026-07-05T21:29:36Z,Sysco Order #04690479 - Order Allocated - LARIAT,allocated,Sysco Standard Delivery,04690479,07/05/2026,07/06/2026,3460557,Asparagus Fresh Large,1/11 LB,PROPACK,1.0,1.0,CS,42.65,,42.65,0,0,1,food
19f342bbb1b801df,19f342fd1134e009,2026-07-05T21:29:36Z,Sysco Order #04690479 - Order Allocated - LARIAT,allocated,Sysco Standard Delivery,04690479,07/05/2026,07/06/2026,1491552,"Bun Brioche 4.5""",8/10CT,TURANO,3.0,3.0,CS,60.93,,182.79,0,0,0,food
19f342bbb1b801df,19f342fd1134e009,2026-07-05T21:29:36Z,Sysco Order #04690479 - Order Allocated - LARIAT,allocated,Sysco Standard Delivery,04690479,07/05/2026,07/06/2026,3554615,"Potato Fry 5/16"" Beer Extra Long",6/5 LB,SYSCO PREMIUM,2.0,2.0,CS,55.0,,110.0,0,0,0,food
19f342bbb1b801df,19f342fd1134e009,2026-07-05T21:29:36Z,Sysco Order #04690479 - Order Allocated - LARIAT,allocated,Sysco Standard Delivery,04690479,07/05/2026,07/06/2026,8071803,Pangasius Fillet Iqf 7-9 Ounce,1/15 LB,PORTICO IMPERIAL,2.0,2.0,CS,48.45,,96.9,0,0,0,food
19f342bbb1b801df,19f342fd1134e009,2026-07-05T21:29:36Z,Sysco Order #04690479 - Order Allocated - LARIAT,allocated,Sysco Standard Delivery,04690479,07/05/2026,07/06/2026,1400464,Chicken Tenders Breaded Golden Flat Large,2/5 LB,SYSCO CLASSIC,1.0,1.0,CS,48.49,,48.49,0,0,0,food
19f342bbb1b801df,19f342fd1134e009,2026-07-05T21:29:36Z,Sysco Order #04690479 - Order Allocated - LARIAT,allocated,Sysco Standard Delivery,04690479,07/05/2026,07/06/2026,2369233,Chicken Wing Steamed Precooked Large,2/5LB,SYSCO CLASSIC,4.0,4.0,CS,46.99,,187.96,0,0,0,food
19f342bbb1b801df,19f342fd1134e009,2026-07-05T21:29:36Z,Sysco Order #04690479 - Order Allocated - LARIAT,allocated,Sysco Standard Delivery,04690479,07/05/2026,07/06/2026,5098496,Pork Ham Shank Pig Wing 4 Ounce,2/4.5LB,SYSCO CLASSIC,1.0,1.0,CS,95.79,,95.79,0,0,0,food
19f342bbb1b801df,19f342fd1134e009,2026-07-05T21:29:36Z,Sysco Order #04690479 - Order Allocated - LARIAT,allocated,Sysco Standard Delivery,04690479,07/05/2026,07/06/2026,3777570,Bacon Shingle Center-cut 7-9 Per Pound Honey Gas Flushed,1/15#,DAILYS BACON,2.0,2.0,CS,68.95,,137.9,0,0,0,food
19f342bbb1b801df,19f342fd1134e009,2026-07-05T21:29:36Z,Sysco Order #04690479 - Order Allocated - LARIAT,allocated,Sysco Standard Delivery,04690479,07/05/2026,07/06/2026,7585326,"Bread Sourdough Thick Sliced .75""",6/32 OZ,ROTELLA,2.0,2.0,CS,39.75,,79.5,0,0,0,food
19f342bbb1b801df,19f342fd1134e009,2026-07-05T21:29:36Z,Sysco Order #04690479 - Order Allocated - LARIAT,allocated,Sysco Standard Delivery,04690479,07/05/2026,07/06/2026,4676306,Milk Whole Gallon,4/1 GAL,WHOLESOME FARMS CLASSIC,1.0,1.0,CS,23.13,,23.13,0,0,0,food
19f342bbb1b801df,19f342fd1134e009,2026-07-05T21:29:36Z,Sysco Order #04690479 - Order Allocated - LARIAT,allocated,Sysco Standard Delivery,04690479,07/05/2026,07/06/2026,9927799,Pepper Jalapeno Fresh,1/10 LB,IMPERIAL FRESH,1.0,1.0,CS,25.45,,25.45,0,0,0,food
19f342bbb1b801df,19f342fd1134e009,2026-07-05T21:29:36Z,Sysco Order #04690479 - Order Allocated - LARIAT,allocated,Sysco Standard Delivery,04690479,07/05/2026,07/06/2026,4002408,Mayonnaise Heavy Duty Pail,1/28LB,SYSCO RELIANCE,2.0,2.0,CS,51.82,,103.64,0,0,0,food
19f342bbb1b801df,19f342fd1134e009,2026-07-05T21:29:36Z,Sysco Order #04690479 - Order Allocated - LARIAT,allocated,Sysco Standard Delivery,04690479,07/05/2026,07/06/2026,2406189,Cheese Cheddar Jack Fancy Shredded,4/5LB,CASA SOLANA IMPERIAL,1.0,1.0,CS,59.99,,59.99,0,0,0,food
19f342bbb1b801df,19f342fd1134e009,2026-07-05T21:29:36Z,Sysco Order #04690479 - Order Allocated - LARIAT,allocated,Sysco Standard Delivery,04690479,07/05/2026,07/06/2026,7814881,Cheese Cheddar Sharp Slice White,4/2.5 LB,ALP&DELL,1.0,1.0,CS,49.99,,49.99,0,0,0,food
19f342bbb1b801df,19f342fd1134e009,2026-07-05T21:29:36Z,Sysco Order #04690479 - Order Allocated - LARIAT,allocated,Sysco Standard Delivery,04690479,07/05/2026,07/06/2026,1094697,Onions White Jumbo Bag,1/50LB,IMPERIAL FRESH,1.0,1.0,CS,33.99,,33.99,0,0,0,food
19f342bbb1b801df,19f342fd1134e009,2026-07-05T21:29:36Z,Sysco Order #04690479 - Order Allocated - LARIAT,allocated,Sysco Standard Delivery,04690479,07/05/2026,07/06/2026,5844220,Bean Black,6/10 CAN,CASA SOLANA CLASSIC,1.0,1.0,CS,37.99,,37.99,0,0,0,food
19f342bbb1b801df,19f342fd1134e009,2026-07-05T21:29:36Z,Sysco Order #04690479 - Order Allocated - LARIAT,allocated,Sysco Standard Delivery,04690479,07/05/2026,07/06/2026,4685621,Glove Nitrile Foodservice Powder-free Black Extra-large,10/100CT,SYSCO CLASSIC,2.0,2.0,CS,48.99,,97.98,0,0,0,non_food
19f342bbb1b801df,19f342fd1134e009,2026-07-05T21:29:36Z,Sysco Order #04690479 - Order Allocated - LARIAT,allocated,Sysco Standard Delivery,04690479,07/05/2026,07/06/2026,4782694,Sugar Granulated Extra Fine Cane,1/50LB,SYSCO CLASSIC,1.0,1.0,CS,46.51,,46.51,0,0,0,food
19f342bbb1b801df,19f342fd1134e009,2026-07-05T21:29:36Z,Sysco Order #04690479 - Order Allocated - LARIAT,allocated,Sysco Standard Delivery,04690479,07/05/2026,07/06/2026,5265451,Spice Cinnamon Ground,6/18 OZ,SYSCO CLASSIC,1.0,1.0,EA,11.99,,11.99,0,0,0,food
19f342bbb1b801df,19f342fd1134e009,2026-07-05T21:29:36Z,Sysco Order #04690479 - Order Allocated - LARIAT,allocated,Sysco Standard Delivery,04690479,07/05/2026,07/06/2026,5230057,Extract Vanilla Pure,6/32 OZ,SYSCO IMPERIAL/MCCORMICK,1.0,1.0,EA,82.95,,82.95,0,0,0,food
19f342bbb1b801df,19f342fd1134e009,2026-07-05T21:29:36Z,Sysco Order #04690479 - Order Allocated - LARIAT,allocated,Sysco Standard Delivery,04690479,07/05/2026,07/06/2026,6040885,Pasta Cavatappi 100% Durum Wheat Semolina,2/10 LB,PASTA LABELLA,1.0,1.0,CS,37.55,,37.55,0,0,0,food
19f342bbb1b801df,19f342fd1134e009,2026-07-05T21:29:36Z,Sysco Order #04690479 - Order Allocated - LARIAT,allocated,Sysco Standard Delivery,04690479,07/05/2026,07/06/2026,6040760,Salt Kosher Flake Coarse,12/3LB,SYSCO CLASSIC,12.0,12.0,EA,3.79,,45.48,0,0,0,food
19f342bbb1b801df,19f342fd1134e009,2026-07-05T21:29:36Z,Sysco Order #04690479 - Order Allocated - LARIAT,allocated,Sysco Standard Delivery,04690479,07/05/2026,07/06/2026,2916452,Drink Energy,24/12 OZ,RED BULL,1.0,1.0,CS,62.0,,62.0,0,0,0,beverage
19f342bbb1b801df,19f342fd1134e009,2026-07-05T21:29:36Z,Sysco Order #04690479 - Order Allocated - LARIAT,allocated,Sysco Standard Delivery,04690479,07/05/2026,07/06/2026,4776161,Eggshell Medium White Aa Cage Free 15 Dozen,1/15 DZ,EGGS AMERICA,1.0,1.0,CS,6.89,,6.89,0,0,0,food
19f342bbb1b801df,19f342fd1134e009,2026-07-05T21:29:36Z,Sysco Order #04690479 - Order Allocated - LARIAT,allocated,Sysco Standard Delivery,04690479,07/05/2026,07/06/2026,7459830,Beef Ground Patty Special Blend,30/7 OZ,BUCKHEAD PRIDE/ NEWPORT PRIDE,4.0,4.0,CS,93.95,,375.8,0,0,0,food
19f342bbb1b801df,19f342fd1134e009,2026-07-05T21:29:36Z,Sysco Order #04690479 - Order Allocated - LARIAT,allocated,Sysco Standard Delivery,04690479,07/05/2026,07/06/2026,1008663,Tomato 2 Layer 5x6 Fresh,1/60 CT,IMPERIAL FRESH,2.0,2.0,CS,38.99,,77.98,0,0,0,food
19f342bbb1b801df,19f342fd1134e009,2026-07-05T21:29:36Z,Sysco Order #04690479 - Order Allocated - LARIAT,allocated,Sysco Standard Delivery,04690479,07/05/2026,07/06/2026,7143208,"Tomato Diced Fire Roasted 3/4"" In Juice",6/#10,CASA SOLANA IMPERIAL,1.0,1.0,CS,44.45,,44.45,0,0,0,food
19f342bbb1b801df,19f342fd1134e009,2026-07-05T21:29:36Z,Sysco Order #04690479 - Order Allocated - LARIAT,allocated,Sysco Standard Delivery,04690479,07/05/2026,07/06/2026,3716750,Cheese Cream Original Loaf,6/3LB,PHILADELPHIA CREAM CHEESE,1.0,1.0,EA,16.69,,16.69,0,0,0,food
19f342bbb1b801df,19f342fd1134e009,2026-07-05T21:29:36Z,Sysco Order #04690479 - Order Allocated - LARIAT,allocated,Sysco Standard Delivery,04690479,07/05/2026,07/06/2026,1675909,Lettuce Greens Leaf Fresh,4/6 CT,SYSCO/FRESHPOINT NATURAL,1.0,1.0,CS,31.95,,31.95,0,0,0,food
19f342bbb1b801df,19f342fd1134e009,2026-07-05T21:29:36Z,Sysco Order #04690479 - Order Allocated - LARIAT,allocated,Sysco Standard Delivery,04690479,07/05/2026,07/06/2026,2643468,Chicken Breast Boneless Skinless 5oz Single Lobe Nae,4/5#AVG,RED BIRD INC (POULTRY),2.0,2.0,CS,6.399,LB,269.63,0,0,0,food
197f116fedd3606d,197f116fedd3606d,2025-07-09T21:28:25Z,Sysco Order Jul 06 2025 03:45 PM  - Order Confirmation - LARIAT,confirmation,Sysco Standard Delivery,03935145,07/09/2025,07/09/2025,5793831,Pad Scrub Stainless Steel 35 Gram 1.25 Ounce,6/12CT,SYSCO SUPPLIES CLASSIC,1.0,1.0,CS,57.95,,57.95,0,0,0,non_food
197f116fedd3606d,197f116fedd3606d,2025-07-09T21:28:25Z,Sysco Order Jul 06 2025 03:45 PM  - Order Confirmation - LARIAT,confirmation,Sysco Standard Delivery,03935145,07/09/2025,07/09/2025,1376805,"Pad Scour Green 6"" X 9"" Antimicrobial",1/20CT,SYSCO SUPPLIES CLASSIC,1.0,1.0,CS,11.95,,11.95,0,0,0,non_food
197f116fedd3606d,197f116fedd3606d,2025-07-09T21:28:25Z,Sysco Order Jul 06 2025 03:45 PM  - Order Confirmation - LARIAT,confirmation,Sysco Standard Delivery,03935145,07/09/2025,07/09/2025,1008663,Tomato 2 Layer 5x6 Fresh,1/60 CT,IMPERIAL FRESH,1.0,1.0,CS,24.85,,24.85,0,0,0,food
197f116fedd3606d,197f116fedd3606d,2025-07-09T21:28:25Z,Sysco Order Jul 06 2025 03:45 PM  - Order Confirmation - LARIAT,confirmation,Sysco Standard Delivery,03935145,07/09/2025,07/09/2025,4002408,Mayonnaise Heavy Duty Pail,1/28LB,SYSCO RELIANCE,1.0,1.0,CS,55.85,,55.85,0,0,0,food
197f116fedd3606d,197f116fedd3606d,2025-07-09T21:28:25Z,Sysco Order Jul 06 2025 03:45 PM  - Order Confirmation - LARIAT,confirmation,Sysco Standard Delivery,03935145,07/09/2025,07/09/2025,1675701,Cabbage Green Shredded Fresh In Bag,4/5 LB,IMPERIAL FRESH,1.0,1.0,CS,23.85,,23.85,0,0,0,food
197f116fedd3606d,197f116fedd3606d,2025-07-09T21:28:25Z,Sysco Order Jul 06 2025 03:45 PM  - Order Confirmation - LARIAT,confirmation,Sysco Standard Delivery,03935145,07/09/2025,07/09/2025,1675909,Lettuce Greens Leaf Fresh,4/6 CT,SYSCO/FRESHPOINT NATURAL,1.0,1.0,EA,10.65,,10.65,0,0,0,food
197f116fedd3606d,197f116fedd3606d,2025-07-09T21:28:25Z,Sysco Order Jul 06 2025 03:45 PM  - Order Confirmation - LARIAT,confirmation,Sysco Standard Delivery,03935145,07/09/2025,07/09/2025,3852940,Beef Ground Chuck Brisket Shortrib Patty,24/7 OZ,BUCKHEAD PRIDE/ NEWPORT PRIDE,12.0,12.0,CS,76.55,,918.6,0,0,0,food
197f116fedd3606d,197f116fedd3606d,2025-07-09T21:28:25Z,Sysco Order Jul 06 2025 03:45 PM  - Order Confirmation - LARIAT,confirmation,Sysco Standard Delivery,03935145,07/09/2025,07/09/2025,1070879,Avocado Hass Fresh,1/24 CT,PROPACK,1.0,1.0,CS,33.49,,33.49,0,0,0,food
197f116fedd3606d,197f116fedd3606d,2025-07-09T21:28:25Z,Sysco Order Jul 06 2025 03:45 PM  - Order Confirmation - LARIAT,confirmation,Sysco Standard Delivery,03935145,07/09/2025,07/09/2025,7199680,Lettuce Romaine Washed & Trimmed,2/5 LB,IMPERIAL FRESH,1.0,1.0,CS,32.59,,32.59,0,0,0,food
197f116fedd3606d,197f116fedd3606d,2025-07-09T21:28:25Z,Sysco Order Jul 06 2025 03:45 PM  - Order Confirmation - LARIAT,confirmation,Sysco Standard Delivery,03935145,07/09/2025,07/09/2025,3554615,"Potato Fry 5/16"" Beer Extra Long",6/5 LB,SYSCO IMPERIAL,7.0,7.0,CS,59.49,,416.43,0,0,0,food
197f116fedd3606d,197f116fedd3606d,2025-07-09T21:28:25Z,Sysco Order Jul 06 2025 03:45 PM  - Order Confirmation - LARIAT,confirmation,Sysco Standard Delivery,03935145,07/09/2025,07/09/2025,2575926,Cheese American Loaf Special Melting White,6/5 LB,CASA SOLANA IMPERIAL,1.0,1.0,CS,96.45,,96.45,0,0,0,food
197f116fedd3606d,197f116fedd3606d,2025-07-09T21:28:25Z,Sysco Order Jul 06 2025 03:45 PM  - Order Confirmation - LARIAT,confirmation,Sysco Standard Delivery,03935145,07/09/2025,07/09/2025,3777570,Bacon Shingle Center-cut 7-9 Per Pound Honey Gas Flushed,1/15#,DAILYS BACON,6.0,6.0,CS,76.99,,461.94,0,0,0,food
197f116fedd3606d,197f116fedd3606d,2025-07-09T21:28:25Z,Sysco Order Jul 06 2025 03:45 PM  - Order Confirmation - LARIAT,confirmation,Sysco Standard Delivery,03935145,07/09/2025,07/09/2025,2406189,Cheese Cheddar Jack Fancy Shredded,4/5LB,CASA SOLANA IMPERIAL,1.0,1.0,CS,65.29,,65.29,0,0,0,food
197f116fedd3606d,197f116fedd3606d,2025-07-09T21:28:25Z,Sysco Order Jul 06 2025 03:45 PM  - Order Confirmation - LARIAT,confirmation,Sysco Standard Delivery,03935145,07/09/2025,07/09/2025,7005009,Chile Green Hatch Diced Mild,5/5LB,YOUNG GUNS PRODUCE,1.0,1.0,CS,50.95,,50.95,0,0,0,food
197f116fedd3606d,197f116fedd3606d,2025-07-09T21:28:25Z,Sysco Order Jul 06 2025 03:45 PM  - Order Confirmation - LARIAT,confirmation,Sysco Standard Delivery,03935145,07/09/2025,07/09/2025,6935464,Cream Heavy 40% Extended Shelf Life Stabilized,12/32OZ,WHOLESOME FARMS CLASSIC,1.0,1.0,CS,68.2,,68.2,0,0,0,food
197f116fedd3606d,197f116fedd3606d,2025-07-09T21:28:25Z,Sysco Order Jul 06 2025 03:45 PM  - Order Confirmation - LARIAT,confirmation,Sysco Standard Delivery,03935145,07/09/2025,07/09/2025,8378111,Flour All Purpose Hotel & Restaurant Bleached,1/50LB,SYSCO CLASSIC,1.0,1.0,CS,20.79,,20.79,0,0,0,food
197f116fedd3606d,197f116fedd3606d,2025-07-09T21:28:25Z,Sysco Order Jul 06 2025 03:45 PM  - Order Confirmation - LARIAT,confirmation,Sysco Standard Delivery,03935145,07/09/2025,07/09/2025,1132040,Lettuce Fresh Tender Greens,4/3 LB,IMPERIAL FRESH,1.0,1.0,CS,38.29,,38.29,0,0,0,food
197f116fedd3606d,197f116fedd3606d,2025-07-09T21:28:25Z,Sysco Order Jul 06 2025 03:45 PM  - Order Confirmation - LARIAT,confirmation,Sysco Standard Delivery,03935145,07/09/2025,07/09/2025,5847011,Oil Olive Pomace,3/1GAL,ARREZZIO CLASSIC,1.0,1.0,CS,95.99,,95.99,0,0,0,food
197f116fedd3606d,197f116fedd3606d,2025-07-09T21:28:25Z,Sysco Order Jul 06 2025 03:45 PM  - Order Confirmation - LARIAT,confirmation,Sysco Standard Delivery,03935145,07/09/2025,07/09/2025,5757091,Pepper Chipotle Adobo Sauce,12/7 OZ,EMBASA,2.0,2.0,CS,28.75,,57.5,0,0,0,food
197f116fedd3606d,197f116fedd3606d,2025-07-09T21:28:25Z,Sysco Order Jul 06 2025 03:45 PM  - Order Confirmation - LARIAT,confirmation,Sysco Standard Delivery,03935145,07/09/2025,07/09/2025,9927799,Pepper Jalapeno Fresh,1/10 LB,IMPERIAL FRESH,1.0,1.0,CS,21.65,,21.65,0,0,0,food
197f116fedd3606d,197f116fedd3606d,2025-07-09T21:28:25Z,Sysco Order Jul 06 2025 03:45 PM  - Order Confirmation - LARIAT,confirmation,Sysco Standard Delivery,03935145,07/09/2025,07/09/2025,5020197,Potato Fry Sweet 3/8,6/2.5LB,SYSCO IMPERIAL,1.0,1.0,CS,45.35,,45.35,0,0,0,food
197f116fedd3606d,197f116fedd3606d,2025-07-09T21:28:25Z,Sysco Order Jul 06 2025 03:45 PM  - Order Confirmation - LARIAT,confirmation,Sysco Standard Delivery,03935145,07/09/2025,07/09/2025,6040760,Salt Kosher Flake Coarse,12/3LB,SYSCO CLASSIC,1.0,1.0,CS,42.75,,42.75,0,0,0,food
197f116fedd3606d,197f116fedd3606d,2025-07-09T21:28:25Z,Sysco Order Jul 06 2025 03:45 PM  - Order Confirmation - LARIAT,confirmation,Sysco Standard Delivery,03935145,07/09/2025,07/09/2025,7181814,Sausage Chorizo Bulk Raw,2/7 LB,Polidori,2.0,2.0,CS,80.85,,161.7,0,0,0,food
197f116fedd3606d,197f116fedd3606d,2025-07-09T21:28:25Z,Sysco Order Jul 06 2025 03:45 PM  - Order Confirmation - LARIAT,confirmation,Sysco Standard Delivery,03935145,07/09/2025,07/09/2025,7626013,Shortening Fry Canola Clear Zero Trans Fat,1/35LB,SYSCO CLASSIC,4.0,4.0,CS,42.45,,169.8,0,0,0,food
197f116fedd3606d,197f116fedd3606d,2025-07-09T21:28:25Z,Sysco Order Jul 06 2025 03:45 PM  - Order Confirmation - LARIAT,confirmation,Sysco Standard Delivery,03935145,07/09/2025,07/09/2025,6562207,Tortilla Corn White 4.5 Inch,6/50 CT,MISSION FOODS,2.0,2.0,CS,21.99,,43.98,0,0,0,food
197f116fedd3606d,197f116fedd3606d,2025-07-09T21:28:25Z,Sysco Order Jul 06 2025 03:45 PM  - Order Confirmation - LARIAT,confirmation,Sysco Standard Delivery,03935145,07/09/2025,07/09/2025,5250485,Tortilla Corn Yellow Frying 6 Inches,12/60 CT,CASA SOLANA CLASSIC,1.0,1.0,CS,44.95,,44.95,0,0,0,food
197f116fedd3606d,197f116fedd3606d,2025-07-09T21:28:25Z,Sysco Order Jul 06 2025 03:45 PM  - Order Confirmation - LARIAT,confirmation,Sysco Standard Delivery,03935145,07/09/2025,07/09/2025,4045415,Vinegar Apple Cider,4/1GAL,HEINZ,1.0,1.0,CS,55.95,,55.95,0,0,0,food
197f116fedd3606d,197f116fedd3606d,2025-07-09T21:28:25Z,Sysco Order Jul 06 2025 03:45 PM  - Order Confirmation - LARIAT,confirmation,Sysco Standard Delivery,03935145,07/09/2025,07/09/2025,5844220,Bean Black,6/#10,CASA SOLANA CLASSIC,1.0,1.0,CS,39.85,,39.85,0,0,0,food
197f116fedd3606d,197f116fedd3606d,2025-07-09T21:28:25Z,Sysco Order Jul 06 2025 03:45 PM  - Order Confirmation - LARIAT,confirmation,Sysco Standard Delivery,03935145,07/09/2025,07/09/2025,5966116,Bread Crumbs Japanese Toasted Panko,1/25 LB,JADE MOUNTAIN CLASSIC,1.0,1.0,CS,28.14,,28.14,0,0,0,food
197f116fedd3606d,197f116fedd3606d,2025-07-09T21:28:25Z,Sysco Order Jul 06 2025 03:45 PM  - Order Confirmation - LARIAT,confirmation,Sysco Standard Delivery,03935145,07/09/2025,07/09/2025,2058881,Chives Fresh Herb,1/1 LB,IMPERIAL FRESH,1.0,1.0,CS,16.35,,16.35,0,0,0,food
197f116fedd3606d,197f116fedd3606d,2025-07-09T21:28:25Z,Sysco Order Jul 06 2025 03:45 PM  - Order Confirmation - LARIAT,confirmation,Sysco Standard Delivery,03935145,07/09/2025,07/09/2025,7681477,Cleaner Degreaser High Temperature Grill Ready To Use,4/32OZ,KEYSTONE PRODUCTS,2.0,2.0,CS,83.95,,167.9,0,0,0,non_food
197f116fedd3606d,197f116fedd3606d,2025-07-09T21:28:25Z,Sysco Order Jul 06 2025 03:45 PM  - Order Confirmation - LARIAT,confirmation,Sysco Standard Delivery,03935145,07/09/2025,07/09/2025,1933074,Bleach Liquid Germicidal Ultra 6%,6/128OZ,SYSCO CLASSIC,2.0,2.0,CS,27.59,,55.18,0,0,0,non_food
197f116fedd3606d,197f116fedd3606d,2025-07-09T21:28:25Z,Sysco Order Jul 06 2025 03:45 PM  - Order Confirmation - LARIAT,confirmation,Sysco Standard Delivery,03935145,07/09/2025,07/09/2025,8458826,Cleaner Glass Blue Ready To Use,4/1GAL,SYSCO RELIANCE,1.0,1.0,CS,34.95,,34.95,0,0,0,non_food
197f116fedd3606d,197f116fedd3606d,2025-07-09T21:28:25Z,Sysco Order Jul 06 2025 03:45 PM  - Order Confirmation - LARIAT,confirmation,Sysco Standard Delivery,03935145,07/09/2025,07/09/2025,7814881,Cheese Cheddar Sharp Slice White,4/2.5 LB,ALP&DELL,1.0,1.0,CS,49.65,,49.65,0,0,0,food
197f116fedd3606d,197f116fedd3606d,2025-07-09T21:28:25Z,Sysco Order Jul 06 2025 03:45 PM  - Order Confirmation - LARIAT,confirmation,Sysco Standard Delivery,03935145,07/09/2025,07/09/2025,3554553,Cheese Monterey Pepper Jack Sliced Interleaf .,8/1.5LB,BLOCK & BARREL IMPERIAL,1.0,1.0,CS,47.69,,47.69,0,0,0,food
197f116fedd3606d,197f116fedd3606d,2025-07-09T21:28:25Z,Sysco Order Jul 06 2025 03:45 PM  - Order Confirmation - LARIAT,confirmation,Sysco Standard Delivery,03935145,07/09/2025,07/09/2025,4220580,"Label Roll Shelf Life Dissolvable 2"" X 3""",1/500CT,KEYSTONE PRODUCTS,1.0,1.0,CS,28.59,,28.59,0,0,0,non_food
197f116fedd3606d,197f116fedd3606d,2025-07-09T21:28:25Z,Sysco Order Jul 06 2025 03:45 PM  - Order Confirmation - LARIAT,confirmation,Sysco Standard Delivery,03935145,07/09/2025,07/09/2025,1901992,Sauce Chili Sweet Thai,12/32 OZ,MAEPLOY (UNIQUE FOODS),1.0,1.0,CS,65.35,,65.35,0,0,0,food
197f116fedd3606d,197f116fedd3606d,2025-07-09T21:28:25Z,Sysco Order Jul 06 2025 03:45 PM  - Order Confirmation - LARIAT,confirmation,Sysco Standard Delivery,03935145,07/09/2025,07/09/2025,6639165,Spice Garlic Granulated,6/26OZ,SYSCO IMPERIAL/MCCORMICK,1.0,1.0,EA,20.79,,20.79,0,0,0,food
197f116fedd3606d,197f116fedd3606d,2025-07-09T21:28:25Z,Sysco Order Jul 06 2025 03:45 PM  - Order Confirmation - LARIAT,confirmation,Sysco Standard Delivery,03935145,07/09/2025,07/09/2025,3369347,Sauce Wing Buffalo,4/1 GAL,SWEET BABY RAY'S,1.0,1.0,CS,84.75,,84.75,0,0,0,food
197f116fedd3606d,197f116fedd3606d,2025-07-09T21:28:25Z,Sysco Order Jul 06 2025 03:45 PM  - Order Confirmation - LARIAT,confirmation,Sysco Standard Delivery,03935145,07/09/2025,07/09/2025,9702150,Pretzel Soft Bavarian 7 Oz,10/4 PK,TEXAS TWIST,1.0,1.0,CS,90.99,,90.99,0,0,0,food
197f116fedd3606d,197f116fedd3606d,2025-07-09T21:28:25Z,Sysco Order Jul 06 2025 03:45 PM  - Order Confirmation - LARIAT,confirmation,Sysco Standard Delivery,03935145,07/09/2025,07/09/2025,3143120,Corn Cut Flame-roasted Simply Sweet,1/20 LB,SIMPLOT ROASTWORKS,2.0,2.0,CS,54.95,,109.9,0,0,0,food
197f116fedd3606d,197f116fedd3606d,2025-07-09T21:28:25Z,Sysco Order Jul 06 2025 03:45 PM  - Order Confirmation - LARIAT,confirmation,Sysco Standard Delivery,03935145,07/09/2025,07/09/2025,1400464,Chicken Tenders Breaded Golden Flat Large,2/5 LB,SYSCO CLASSIC,2.0,2.0,CS,54.29,,108.58,0,0,0,food
197f116fedd3606d,197f116fedd3606d,2025-07-09T21:28:25Z,Sysco Order Jul 06 2025 03:45 PM  - Order Confirmation - LARIAT,confirmation,Sysco Standard Delivery,03935145,07/09/2025,07/09/2025,4949954,Dressing Ranch Packet,200/12 GM,HEINZ,1.0,1.0,CS,34.55,,34.55,0,0,0,food
197f116fedd3606d,197f116fedd3606d,2025-07-09T21:28:25Z,Sysco Order Jul 06 2025 03:45 PM  - Order Confirmation - LARIAT,confirmation,Sysco Standard Delivery,03935145,07/09/2025,07/09/2025,5466115,Liner Trash 38 Inch X 58 Inch 1.6 Mil Black,100/60 GAL,SYSCO CLASSIC,2.0,2.0,CS,86.48,,172.96,0,0,0,non_food
197f116fedd3606d,197f116fedd3606d,2025-07-09T21:28:25Z,Sysco Order Jul 06 2025 03:45 PM  - Order Confirmation - LARIAT,confirmation,Sysco Standard Delivery,03935145,07/09/2025,07/09/2025,4944484,Soup Base Chicken Real,2/8 LB,SYSCO IMPERIAL,1.0,1.0,CS,101.99,,101.99,0,0,0,food
197f116fedd3606d,197f116fedd3606d,2025-07-09T21:28:25Z,Sysco Order Jul 06 2025 03:45 PM  - Order Confirmation - LARIAT,confirmation,Sysco Standard Delivery,13924459,07/09/2025,07/09/2025,7394209,"Bag Vacuum Plastic Clear 12"" Length",1/250 CT,BREVILLE,1.0,1.0,CS,38.72,,38.72,1,0,0,non_food
197f116fedd3606d,197f116fedd3606d,2025-07-09T21:28:25Z,Sysco Order Jul 06 2025 03:45 PM  - Order Confirmation - LARIAT,confirmation,Sold and Shipped by DON,13924459,07/09/2025,07/09/2025,0984138,Pan Food Clear Polycarbonate 1/6 Size Rectangular 2.4 Quart,6/EA,CAMBRO,1.0,1.0,CS,30.59,,30.59,1,0,0,non_food
19f583d93c6d28df,19f583d93c6d28df,2026-07-12T21:30:57Z,Sysco Order #04705867 - Order Allocated - LARIAT,allocated,Sysco Standard Delivery,04705867,07/12/2026,07/13/2026,1007350,Avocado Hass Breaking Fresh,1/48 CT,PROPACK,1.0,1.0,CS,50.75,,50.75,0,0,0,food
19f583d93c6d28df,19f583d93c6d28df,2026-07-12T21:30:57Z,Sysco Order #04705867 - Order Allocated - LARIAT,allocated,Sysco Standard Delivery,04705867,07/12/2026,07/13/2026,7134591,Cucumber English Medium Seedless 12 Count,1/12CT,IMPERIAL FRESH,2.0,2.0,CS,18.65,,37.3,0,0,0,food
19f583d93c6d28df,19f583d93c6d28df,2026-07-12T21:30:57Z,Sysco Order #04705867 - Order Allocated - LARIAT,allocated,Sysco Standard Delivery,04705867,07/12/2026,07/13/2026,4692174,Tortilla Flour Pressed 6 Inch,12/24CT,LA BANDERITA,1.0,1.0,CS,28.99,,28.99,0,0,0,food
19f583d93c6d28df,19f583d93c6d28df,2026-07-12T21:30:57Z,Sysco Order #04705867 - Order Allocated - LARIAT,allocated,Sysco Standard Delivery,04705867,07/12/2026,07/13/2026,5847011,Oil Olive Pomace Tin,3/1GAL,ARREZZIO CLASSIC,1.0,1.0,CS,98.77,,98.77,0,0,0,food
19f583d93c6d28df,19f583d93c6d28df,2026-07-12T21:30:57Z,Sysco Order #04705867 - Order Allocated - LARIAT,allocated,Sysco Standard Delivery,04705867,07/12/2026,07/13/2026,1491552,"Bun Brioche 4.5""",8/10CT,TURANO,3.0,3.0,CS,60.93,,182.79,0,0,0,food
19f583d93c6d28df,19f583d93c6d28df,2026-07-12T21:30:57Z,Sysco Order #04705867 - Order Allocated - LARIAT,allocated,Sysco Standard Delivery,04705867,07/12/2026,07/13/2026,3617531,Vegetarian Blend Sweet Potato & Roasted Root Vegetables,6/2.5LB,SYSCO SUPREME,1.0,1.0,CS,58.89,,58.89,0,0,0,food
19f583d93c6d28df,19f583d93c6d28df,2026-07-12T21:30:57Z,Sysco Order #04705867 - Order Allocated - LARIAT,allocated,Sysco Standard Delivery,04705867,07/12/2026,07/13/2026,3554615,"Potato Fry 5/16"" Beer Extra Long",6/5 LB,SYSCO PREMIUM,5.0,5.0,CS,55.0,,275.0,0,0,0,food
19f583d93c6d28df,19f583d93c6d28df,2026-07-12T21:30:57Z,Sysco Order #04705867 - Order Allocated - LARIAT,allocated,Sysco Standard Delivery,04705867,07/12/2026,07/13/2026,0226060,Churro Mexican Mini 2 Inch,1/500 CT,HOLA CHURRO,1.0,1.0,CS,81.85,,81.85,0,0,0,food
19f583d93c6d28df,19f583d93c6d28df,2026-07-12T21:30:57Z,Sysco Order #04705867 - Order Allocated - LARIAT,allocated,Sysco Standard Delivery,04705867,07/12/2026,07/13/2026,7085140,Corn Yellow Roasted Blend,6/2.5LB,SYSCO IMPERIAL,2.0,2.0,CS,52.75,,105.5,0,0,0,food
19f583d93c6d28df,19f583d93c6d28df,2026-07-12T21:30:57Z,Sysco Order #04705867 - Order Allocated - LARIAT,allocated,Sysco Standard Delivery,04705867,07/12/2026,07/13/2026,1400464,Chicken Tenders Breaded Golden Flat Large,2/5 LB,SYSCO CLASSIC,1.0,1.0,CS,49.23,,49.23,0,0,0,food
19f583d93c6d28df,19f583d93c6d28df,2026-07-12T21:30:57Z,Sysco Order #04705867 - Order Allocated - LARIAT,allocated,Sysco Standard Delivery,04705867,07/12/2026,07/13/2026,8071803,Pangasius Fillet Iqf 7-9 Ounce,1/15 LB,PORTICO IMPERIAL,3.0,3.0,CS,48.45,,145.35,0,0,0,food
19f583d93c6d28df,19f583d93c6d28df,2026-07-12T21:30:57Z,Sysco Order #04705867 - Order Allocated - LARIAT,allocated,Sysco Standard Delivery,04705867,07/12/2026,07/13/2026,7121503,Sausage Breakfast Patty 3.5 Ounce Antibiotic Free,42/3.5OZ,Polidori,1.0,1.0,CS,56.85,,56.85,0,0,0,food
19f583d93c6d28df,19f583d93c6d28df,2026-07-12T21:30:57Z,Sysco Order #04705867 - Order Allocated - LARIAT,allocated,Sysco Standard Delivery,04705867,07/12/2026,07/13/2026,2369233,Chicken Wing Steamed Precooked Large,2/5LB,SYSCO CLASSIC,5.0,5.0,CS,46.99,,234.95,0,0,0,food
19f583d93c6d28df,19f583d93c6d28df,2026-07-12T21:30:57Z,Sysco Order #04705867 - Order Allocated - LARIAT,allocated,Sysco Standard Delivery,04705867,07/12/2026,07/13/2026,5098496,Pork Ham Shank Pig Wing 4 Ounce,2/4.5LB,SYSCO CLASSIC,2.0,2.0,CS,95.79,,191.58,0,0,0,food
19f583d93c6d28df,19f583d93c6d28df,2026-07-12T21:30:57Z,Sysco Order #04705867 - Order Allocated - LARIAT,allocated,Sysco Standard Delivery,04705867,07/12/2026,07/13/2026,7181814,Sausage Chorizo Bulk Raw,2/7 LB,Polidori,1.0,1.0,CS,82.6,,82.6,0,0,0,food
19f583d93c6d28df,19f583d93c6d28df,2026-07-12T21:30:57Z,Sysco Order #04705867 - Order Allocated - LARIAT,allocated,Sysco Standard Delivery,04705867,07/12/2026,07/13/2026,6046902,Pork Butt Boneless 1/4 7-10 Pounds Each Fresh,8/7-10#,BUTCHERS BLOCK,1.0,1.0,CS,2.599,LB,187.8,0,0,0,food
19f583d93c6d28df,19f583d93c6d28df,2026-07-12T21:30:57Z,Sysco Order #04705867 - Order Allocated - LARIAT,allocated,Sysco Standard Delivery,04705867,07/12/2026,07/13/2026,4676306,Milk Whole Gallon,4/1 GAL,WHOLESOME FARMS CLASSIC,1.0,1.0,CS,23.13,,23.13,0,0,0,food
19f583d93c6d28df,19f583d93c6d28df,2026-07-12T21:30:57Z,Sysco Order #04705867 - Order Allocated - LARIAT,allocated,Sysco Standard Delivery,04705867,07/12/2026,07/13/2026,6935464,Cream Heavy 40% Extended Shelf Life Stabilized,12/32OZ,WHOLESOME FARMS CLASSIC,1.0,1.0,CS,58.18,,58.18,0,0,0,food
19f583d93c6d28df,19f583d93c6d28df,2026-07-12T21:30:57Z,Sysco Order #04705867 - Order Allocated - LARIAT,allocated,Sysco Standard Delivery,04705867,07/12/2026,07/13/2026,3029614,Butter Clarified 4-5#,4/5 LB,WHOLESOME FARMS CLASSIC,1.0,1.0,CS,96.45,,96.45,0,0,0,food
19f583d93c6d28df,19f583d93c6d28df,2026-07-12T21:30:57Z,Sysco Order #04705867 - Order Allocated - LARIAT,allocated,Sysco Standard Delivery,04705867,07/12/2026,07/13/2026,3030117,Butter Solid Unsalted 83% Minimum Butterfat European,36/1 LB,WHOLESOME FARMS IMPERIAL,1.0,1.0,CS,139.19,,139.19,0,0,0,food
19f583d93c6d28df,19f583d93c6d28df,2026-07-12T21:30:57Z,Sysco Order #04705867 - Order Allocated - LARIAT,allocated,Sysco Standard Delivery,04705867,07/12/2026,07/13/2026,7063131,Pickle Chip Bread Butter Refrigerated 500-650 Count,1/2 GAL,BLOCK & BARREL CLASSIC,1.0,1.0,CS,30.51,,30.51,0,0,0,food
19f583d93c6d28df,19f583d93c6d28df,2026-07-12T21:30:57Z,Sysco Order #04705867 - Order Allocated - LARIAT,allocated,Sysco Standard Delivery,04705867,07/12/2026,07/13/2026,7078475,Cilantro Bunch Iceless,1/30 CT,IMPERIAL FRESH,1.0,1.0,CS,24.95,,24.95,0,0,0,food
19f583d93c6d28df,19f583d93c6d28df,2026-07-12T21:30:57Z,Sysco Order #04705867 - Order Allocated - LARIAT,allocated,Sysco Standard Delivery,04705867,07/12/2026,07/13/2026,2005296,Thyme Fresh Herb,1/1 LB,IMPERIAL FRESH,1.0,1.0,CS,15.99,,15.99,0,0,0,food
19f583d93c6d28df,19f583d93c6d28df,2026-07-12T21:30:57Z,Sysco Order #04705867 - Order Allocated - LARIAT,allocated,Sysco Standard Delivery,04705867,07/12/2026,07/13/2026,2058907,Parsley Italian Fresh Herb,1/1 LB,IMPERIAL FRESH,1.0,1.0,CS,13.95,,13.95,0,0,0,food
19f583d93c6d28df,19f583d93c6d28df,2026-07-12T21:30:57Z,Sysco Order #04705867 - Order Allocated - LARIAT,allocated,Sysco Standard Delivery,04705867,07/12/2026,07/13/2026,2058881,Chives Fresh Herb,1/1 LB,IMPERIAL FRESH,1.0,1.0,CS,18.55,,18.55,0,0,0,food
19f583d93c6d28df,19f583d93c6d28df,2026-07-12T21:30:57Z,Sysco Order #04705867 - Order Allocated - LARIAT,allocated,Sysco Standard Delivery,04705867,07/12/2026,07/13/2026,2004992,Tarragon Fresh Herb,1/1 LB,IMPERIAL FRESH,1.0,1.0,CS,19.55,,19.55,0,0,0,food
19f583d93c6d28df,19f583d93c6d28df,2026-07-12T21:30:57Z,Sysco Order #04705867 - Order Allocated - LARIAT,allocated,Sysco Standard Delivery,04705867,07/12/2026,07/13/2026,2005114,Dill Baby Fresh Herb,1/4 OZ,IMPERIAL FRESH,1.0,1.0,CS,8.95,,8.95,0,0,0,food
19f583d93c6d28df,19f583d93c6d28df,2026-07-12T21:30:57Z,Sysco Order #04705867 - Order Allocated - LARIAT,allocated,Sysco Standard Delivery,04705867,07/12/2026,07/13/2026,1132040,Lettuce Fresh Tender Greens,4/3 LB,IMPERIAL FRESH,3.0,3.0,CS,40.79,,122.37,0,0,0,food
19f583d93c6d28df,19f583d93c6d28df,2026-07-12T21:30:57Z,Sysco Order #04705867 - Order Allocated - LARIAT,allocated,Sysco Standard Delivery,04705867,07/12/2026,07/13/2026,1675909,Lettuce Greens Leaf Fresh,4/6 CT,SYSCO/FRESHPOINT NATURAL,3.0,3.0,CS,32.95,,98.85,0,0,0,food
19f583d93c6d28df,19f583d93c6d28df,2026-07-12T21:30:57Z,Sysco Order #04705867 - Order Allocated - LARIAT,allocated,Sysco Standard Delivery,04705867,07/12/2026,07/13/2026,1821537,Garlic Peeled Fresh,4/5LB,IMPERIAL FRESH,1.0,1.0,CS,93.85,,93.85,0,0,0,food
19f583d93c6d28df,19f583d93c6d28df,2026-07-12T21:30:57Z,Sysco Order #04705867 - Order Allocated - LARIAT,allocated,Sysco Standard Delivery,04705867,07/12/2026,07/13/2026,1675701,Cabbage Green Shredded Fresh In Bag,4/5 LB,IMPERIAL FRESH,1.0,1.0,CS,25.55,,25.55,0,0,0,food
19f583d93c6d28df,19f583d93c6d28df,2026-07-12T21:30:57Z,Sysco Order #04705867 - Order Allocated - LARIAT,allocated,Sysco Standard Delivery,04705867,07/12/2026,07/13/2026,1675719,Cabbage Red Shredded Fresh,4/5 LB,IMPERIAL FRESH,1.0,1.0,CS,48.99,,48.99,0,0,0,food
19f583d93c6d28df,19f583d93c6d28df,2026-07-12T21:30:57Z,Sysco Order #04705867 - Order Allocated - LARIAT,allocated,Sysco Standard Delivery,04705867,07/12/2026,07/13/2026,9927799,Pepper Jalapeno Fresh,1/10 LB,IMPERIAL FRESH,1.0,1.0,CS,25.45,,25.45,0,0,0,food
19f583d93c6d28df,19f583d93c6d28df,2026-07-12T21:30:57Z,Sysco Order #04705867 - Order Allocated - LARIAT,allocated,Sysco Standard Delivery,04705867,07/12/2026,07/13/2026,6395974,Asparagus Jumbo,1/11 LB,PROPACK,1.0,1.0,CS,54.79,,54.79,0,0,0,food
19f583d93c6d28df,19f583d93c6d28df,2026-07-12T21:30:57Z,Sysco Order #04705867 - Order Allocated - LARIAT,allocated,Sysco Standard Delivery,04705867,07/12/2026,07/13/2026,4002408,Mayonnaise Heavy Duty Pail,1/28LB,SYSCO RELIANCE,1.0,1.0,CS,51.82,,51.82,0,0,0,food
19f583d93c6d28df,19f583d93c6d28df,2026-07-12T21:30:57Z,Sysco Order #04705867 - Order Allocated - LARIAT,allocated,Sysco Standard Delivery,04705867,07/12/2026,07/13/2026,2575926,Cheese American Loaf Special Melting White,6/5 LB,CASA SOLANA IMPERIAL,1.0,1.0,CS,84.26,,84.26,0,0,0,food
19f583d93c6d28df,19f583d93c6d28df,2026-07-12T21:30:57Z,Sysco Order #04705867 - Order Allocated - LARIAT,allocated,Sysco Standard Delivery,04705867,07/12/2026,07/13/2026,2406189,Cheese Cheddar Jack Fancy Shredded,4/5LB,CASA SOLANA IMPERIAL,1.0,1.0,CS,58.95,,58.95,0,0,0,food
19f583d93c6d28df,19f583d93c6d28df,2026-07-12T21:30:57Z,Sysco Order #04705867 - Order Allocated - LARIAT,allocated,Sysco Standard Delivery,04705867,07/12/2026,07/13/2026,7814881,Cheese Cheddar Sharp Slice White,4/2.5 LB,ALP&DELL,2.0,2.0,CS,49.99,,99.98,0,0,0,food
19f583d93c6d28df,19f583d93c6d28df,2026-07-12T21:30:57Z,Sysco Order #04705867 - Order Allocated - LARIAT,allocated,Sysco Standard Delivery,04705867,07/12/2026,07/13/2026,3554553,Cheese Monterey Pepper Jack Sliced Interleaf .,8/1.5LB,BLOCK & BARREL IMPERIAL,1.0,1.0,CS,47.95,,47.95,0,0,0,food
19f583d93c6d28df,19f583d93c6d28df,2026-07-12T21:30:57Z,Sysco Order #04705867 - Order Allocated - LARIAT,allocated,Sysco Standard Delivery,04705867,07/12/2026,07/13/2026,3777570,Bacon Shingle Center-cut 7-9 Per Pound Honey Gas Flushed,1/15#,DAILYS BACON,4.0,4.0,CS,68.99,,275.96,0,0,0,food
19f583d93c6d28df,19f583d93c6d28df,2026-07-12T21:30:57Z,Sysco Order #04705867 - Order Allocated - LARIAT,allocated,Sysco Standard Delivery,04705867,07/12/2026,07/13/2026,7585326,"Bread Sourdough Thick Sliced .75""",6/32 OZ,ROTELLA,3.0,3.0,CS,39.75,,119.25,0,0,0,food
19f583d93c6d28df,19f583d93c6d28df,2026-07-12T21:30:57Z,Sysco Order #04705867 - Order Allocated - LARIAT,allocated,Sysco Standard Delivery,04705867,07/12/2026,07/13/2026,2004547,Basil Fresh Herb,1/1 LB,IMPERIAL FRESH,1.0,1.0,CS,14.49,,14.49,0,0,0,food
19f583d93c6d28df,19f583d93c6d28df,2026-07-12T21:30:57Z,Sysco Order #04705867 - Order Allocated - LARIAT,allocated,Sysco Standard Delivery,04705867,07/12/2026,07/13/2026,0671677,Cheese Blue Crumbles,2/5 LB,BLOCK & BARREL IMPERIAL,1.0,1.0,CS,38.27,,38.27,0,0,0,food
19f583d93c6d28df,19f583d93c6d28df,2026-07-12T21:30:57Z,Sysco Order #04705867 - Order Allocated - LARIAT,allocated,Sysco Standard Delivery,04705867,07/12/2026,07/13/2026,1552272,Cheese Mozzarella Fresh Cryovac Log,8/1 LB,ARREZZIO IMPERIAL,1.0,1.0,CS,40.99,,40.99,0,0,0,food
19f583d93c6d28df,19f583d93c6d28df,2026-07-12T21:30:57Z,Sysco Order #04705867 - Order Allocated - LARIAT,allocated,Sysco Standard Delivery,04705867,07/12/2026,07/13/2026,5979291,Cheese Cotija Random Cut,12/1#AVG,QUESO CAMPESINO (DAIRY),1.0,1.0,CS,6.099,LB,74.41,0,0,0,food
19f583d93c6d28df,19f583d93c6d28df,2026-07-12T21:30:57Z,Sysco Order #04705867 - Order Allocated - LARIAT,allocated,Sysco Standard Delivery,04705867,07/12/2026,07/13/2026,8149296,Cheese Chihuahua Shredded,4/5LB,SUPREMO,1.0,1.0,CS,151.75,,151.75,0,0,0,food
19f583d93c6d28df,19f583d93c6d28df,2026-07-12T21:30:57Z,Sysco Order #04705867 - Order Allocated - LARIAT,allocated,Sysco Standard Delivery,04705867,07/12/2026,07/13/2026,5134365,Egg Breakfast Blend Scramble Mix Cgfr,15/2 LB,WHOLESOME FARMS IMPERIAL,1.0,1.0,CS,81.55,,81.55,0,0,0,food
19f583d93c6d28df,19f583d93c6d28df,2026-07-12T21:30:57Z,Sysco Order #04705867 - Order Allocated - LARIAT,allocated,Sysco Standard Delivery,04705867,07/12/2026,07/13/2026,1008663,Tomato 2 Layer 5x6 Fresh,1/60 CT,IMPERIAL FRESH,3.0,3.0,CS,30.27,,90.81,0,0,0,food
19f583d93c6d28df,19f583d93c6d28df,2026-07-12T21:30:57Z,Sysco Order #04705867 - Order Allocated - LARIAT,allocated,Sysco Standard Delivery,04705867,07/12/2026,07/13/2026,7210106,Onion Red Jumbo Sack,10/5 LB,IMPERIAL FRESH,1.0,1.0,CS,70.99,,70.99,0,0,0,food
19f583d93c6d28df,19f583d93c6d28df,2026-07-12T21:30:57Z,Sysco Order #04705867 - Order Allocated - LARIAT,allocated,Sysco Standard Delivery,04705867,07/12/2026,07/13/2026,1094697,Onions White Jumbo Bag,1/50LB,IMPERIAL FRESH,1.0,1.0,CS,33.99,,33.99,0,0,0,food
19f583d93c6d28df,19f583d93c6d28df,2026-07-12T21:30:57Z,Sysco Order #04705867 - Order Allocated - LARIAT,allocated,Sysco Standard Delivery,04705867,07/12/2026,07/13/2026,5661143,Tomato Cherry Heirloom Mix,12/.5 PTS,PACKER,1.0,1.0,CS,48.95,,48.95,0,0,0,food
19f583d93c6d28df,19f583d93c6d28df,2026-07-12T21:30:57Z,Sysco Order #04705867 - Order Allocated - LARIAT,allocated,Sysco Standard Delivery,04705867,07/12/2026,07/13/2026,4045415,Vinegar Apple Cider,4/1GAL,HEINZ,1.0,1.0,CS,63.1,,63.1,0,0,0,food
19f583d93c6d28df,19f583d93c6d28df,2026-07-12T21:30:57Z,Sysco Order #04705867 - Order Allocated - LARIAT,allocated,Sysco Standard Delivery,04705867,07/12/2026,07/13/2026,8378111,Flour All Purpose Hotel & Restaurant Bleached,1/50LB,SYSCO CLASSIC,1.0,1.0,CS,21.69,,21.69,0,0,0,food
19f583d93c6d28df,19f583d93c6d28df,2026-07-12T21:30:57Z,Sysco Order #04705867 - Order Allocated - LARIAT,allocated,Sysco Standard Delivery,04705867,07/12/2026,07/13/2026,7644909,Fry On Shortening Frying Liquid,1/35 LB,SYSCO PREMIUM,4.0,4.0,CS,62.77,,251.08,0,0,0,food
19f583d93c6d28df,19f583d93c6d28df,2026-07-12T21:30:57Z,Sysco Order #04705867 - Order Allocated - LARIAT,allocated,Sysco Standard Delivery,04705867,07/12/2026,07/13/2026,9617218,Ketchup Squeeze Bottle,16/24OZ,HOUSE RECIPE IMPERIAL,1.0,1.0,CS,37.99,,37.99,0,0,0,food
19f583d93c6d28df,19f583d93c6d28df,2026-07-12T21:30:57Z,Sysco Order #04705867 - Order Allocated - LARIAT,allocated,Sysco Standard Delivery,04705867,07/12/2026,07/13/2026,2916452,Drink Energy,24/12 OZ,RED BULL,1.0,1.0,CS,62.0,,62.0,0,0,0,beverage
19f583d93c6d28df,19f583d93c6d28df,2026-07-12T21:30:57Z,Sysco Order #04705867 - Order Allocated - LARIAT,allocated,Sysco Standard Delivery,04705867,07/12/2026,07/13/2026,6040760,Salt Kosher Flake Coarse,12/3LB,SYSCO CLASSIC,6.0,6.0,EA,3.79,,22.74,0,0,0,food
19f583d93c6d28df,19f583d93c6d28df,2026-07-12T21:30:57Z,Sysco Order #04705867 - Order Allocated - LARIAT,allocated,Sysco Standard Delivery,04705867,07/12/2026,07/13/2026,1970896,"Tortilla Corn White 6""",12/60 CT,MISSION FOODS,1.0,1.0,CS,46.79,,46.79,0,0,0,food
19f583d93c6d28df,19f583d93c6d28df,2026-07-12T21:30:57Z,Sysco Order #04705867 - Order Allocated - LARIAT,allocated,Sysco Standard Delivery,04705867,07/12/2026,07/13/2026,7459830,Beef Ground Patty Special Blend,30/7 OZ,BUCKHEAD PRIDE/ NEWPORT PRIDE,6.0,6.0,CS,93.95,,563.7,0,0,0,food
19f583d93c6d28df,19f583d93c6d28df,2026-07-12T21:30:57Z,Sysco Order #04705867 - Order Allocated - LARIAT,allocated,Sysco Standard Delivery,04705867,07/12/2026,07/13/2026,4776161,Eggshell Medium White Aa Cage Free 15 Dozen,1/15 DZ,EGGS AMERICA,1.0,1.0,CS,6.99,,6.99,0,0,0,food
19f583d93c6d28df,19f583d93c6d28df,2026-07-12T21:30:57Z,Sysco Order #04705867 - Order Allocated - LARIAT,allocated,Sysco Standard Delivery,04705867,07/12/2026,07/13/2026,8605725,Chicken Thighs Skin-on Boneless,4/5LB,RED BIRD INC (POULTRY),1.0,1.0,CS,4.559,LB,92.99,0,0,0,food
19f583d93c6d28df,19f583d93c6d28df,2026-07-12T21:30:57Z,Sysco Order #04705867 - Order Allocated - LARIAT,allocated,Sysco Standard Delivery,04705867,07/12/2026,07/13/2026,2643468,Chicken Breast Boneless Skinless 5oz Single Lobe Nae,4/5#AVG,RED BIRD INC (POULTRY),2.0,2.0,CS,6.399,LB,288.97,0,0,0,food
19f583d93c6d28df,19f583d93c6d28df,2026-07-12T21:30:57Z,Sysco Order #04705867 - Order Allocated - LARIAT,allocated,Sysco Standard Delivery,04705867,07/12/2026,07/13/2026,7306037,Eggroll Skin 6.5 Inches X 6.5 Inches,12/1 LB,JADE MOUNTAIN CLASSIC,1.0,1.0,CS,50.79,,50.79,0,0,0,food
19f583d93c6d28df,19f583d93c6d28df,2026-07-12T21:30:57Z,Sysco Order #04705867 - Order Allocated - LARIAT,allocated,Sysco Standard Delivery,04705867,07/12/2026,07/13/2026,1902931,Eggroll Skin Frozen,20/2 LB,PEKING,3.0,3.0,CS,81.99,,245.97,0,0,0,food
19f583d93c6d28df,19f583d93c6d28df,2026-07-12T21:30:57Z,Sysco Order #04705867 - Order Allocated - LARIAT,allocated,Sysco Standard Delivery,04705867,07/12/2026,07/13/2026,1813973,Pork Chop Bone-in Frenched Long Bone,10/12 OZ,BUCKHEAD PRIDE/ NEWPORT PRIDE,1.0,1.0,CS,20.05,LB,151.38,0,0,0,food
19f583d93c6d28df,19f583d93c6d28df,2026-07-12T21:30:57Z,Sysco Order #04705867 - Order Allocated - LARIAT,allocated,Sysco Standard Delivery,04705867,07/12/2026,07/13/2026,5424254,Trout Rainbow Whole Boned Pin Bone Out 10 Oz Chl,1/10 LB,PORTICO SIMPLY,1.0,1.0,CS,90.65,,90.65,0,0,0,food
19f583d93c6d28df,19f583d93c6d28df,2026-07-12T21:30:57Z,Sysco Order #04705867 - Order Allocated - LARIAT,allocated,Sysco Standard Delivery,04705867,07/12/2026,07/13/2026,3533643,Tomatillo Whole,6/100 OZ,DEL SOL (CANNED),1.0,1.0,CS,36.99,,36.99,0,0,0,food
19f673635a4db1a0,19f673635a4db1a0,2026-07-15T19:17:13Z,Sysco Order #04713228 - Order Allocated - LARIAT,allocated,Sysco Standard Delivery,04713228,07/15/2026,07/16/2026,1007350,Avocado Hass Breaking Fresh,1/48 CT,PROPACK,1.0,1.0,CS,50.75,,50.75,0,0,0,food
19f673635a4db1a0,19f673635a4db1a0,2026-07-15T19:17:13Z,Sysco Order #04713228 - Order Allocated - LARIAT,allocated,Sysco Standard Delivery,04713228,07/15/2026,07/16/2026,7134591,Cucumber English Medium Seedless 12 Count,1/12CT,IMPERIAL FRESH,2.0,2.0,CS,18.65,,37.3,0,0,0,food
19f673635a4db1a0,19f673635a4db1a0,2026-07-15T19:17:13Z,Sysco Order #04713228 - Order Allocated - LARIAT,allocated,Sysco Standard Delivery,04713228,07/15/2026,07/16/2026,5847011,Oil Olive Pomace Tin,3/1GAL,ARREZZIO CLASSIC,1.0,1.0,CS,98.77,,98.77,0,0,0,food
19f673635a4db1a0,19f673635a4db1a0,2026-07-15T19:17:13Z,Sysco Order #04713228 - Order Allocated - LARIAT,allocated,Sysco Standard Delivery,04713228,07/15/2026,07/16/2026,3617531,Vegetarian Blend Sweet Potato & Roasted Root Vegetables,6/2.5LB,SYSCO SUPREME,1.0,1.0,CS,58.89,,58.89,0,0,0,food
19f673635a4db1a0,19f673635a4db1a0,2026-07-15T19:17:13Z,Sysco Order #04713228 - Order Allocated - LARIAT,allocated,Sysco Standard Delivery,04713228,07/15/2026,07/16/2026,3554615,"Potato Fry 5/16"" Beer Extra Long",6/5 LB,SYSCO PREMIUM,5.0,5.0,CS,55.0,,275.0,0,0,0,food
19f673635a4db1a0,19f673635a4db1a0,2026-07-15T19:17:13Z,Sysco Order #04713228 - Order Allocated - LARIAT,allocated,Sysco Standard Delivery,04713228,07/15/2026,07/16/2026,0226060,Churro Mexican Mini 2 Inch,1/500 CT,HOLA CHURRO,1.0,1.0,CS,81.85,,81.85,0,0,0,food
19f673635a4db1a0,19f673635a4db1a0,2026-07-15T19:17:13Z,Sysco Order #04713228 - Order Allocated - LARIAT,allocated,Sysco Standard Delivery,04713228,07/15/2026,07/16/2026,7085140,Corn Yellow Roasted Blend,6/2.5LB,SYSCO IMPERIAL,2.0,2.0,CS,52.75,,105.5,0,0,0,food
19f673635a4db1a0,19f673635a4db1a0,2026-07-15T19:17:13Z,Sysco Order #04713228 - Order Allocated - LARIAT,allocated,Sysco Standard Delivery,04713228,07/15/2026,07/16/2026,1400464,Chicken Tenders Breaded Golden Flat Large,2/5 LB,SYSCO CLASSIC,1.0,1.0,CS,49.23,,49.23,0,0,0,food
19f673635a4db1a0,19f673635a4db1a0,2026-07-15T19:17:13Z,Sysco Order #04713228 - Order Allocated - LARIAT,allocated,Sysco Standard Delivery,04713228,07/15/2026,07/16/2026,8071803,Pangasius Fillet Iqf 7-9 Ounce,1/15 LB,PORTICO IMPERIAL,3.0,3.0,CS,48.45,,145.35,0,0,0,food
19f673635a4db1a0,19f673635a4db1a0,2026-07-15T19:17:13Z,Sysco Order #04713228 - Order Allocated - LARIAT,allocated,Sysco Standard Delivery,04713228,07/15/2026,07/16/2026,7121503,Sausage Breakfast Patty 3.5 Ounce Antibiotic Free,42/3.5OZ,Polidori,1.0,1.0,CS,56.85,,56.85,0,0,0,food
19f673635a4db1a0,19f673635a4db1a0,2026-07-15T19:17:13Z,Sysco Order #04713228 - Order Allocated - LARIAT,allocated,Sysco Standard Delivery,04713228,07/15/2026,07/16/2026,2369233,Chicken Wing Steamed Precooked Large,2/5LB,SYSCO CLASSIC,5.0,5.0,CS,46.99,,234.95,0,0,0,food
19f673635a4db1a0,19f673635a4db1a0,2026-07-15T19:17:13Z,Sysco Order #04713228 - Order Allocated - LARIAT,allocated,Sysco Standard Delivery,04713228,07/15/2026,07/16/2026,5098496,Pork Ham Shank Pig Wing 4 Ounce,2/4.5LB,SYSCO CLASSIC,2.0,2.0,CS,95.79,,191.58,0,0,0,food
19f673635a4db1a0,19f673635a4db1a0,2026-07-15T19:17:13Z,Sysco Order #04713228 - Order Allocated - LARIAT,allocated,Sysco Standard Delivery,04713228,07/15/2026,07/16/2026,7181814,Sausage Chorizo Bulk Raw,2/7 LB,Polidori,1.0,1.0,CS,82.6,,82.6,0,0,0,food
19f673635a4db1a0,19f673635a4db1a0,2026-07-15T19:17:13Z,Sysco Order #04713228 - Order Allocated - LARIAT,allocated,Sysco Standard Delivery,04713228,07/15/2026,07/16/2026,6046902,Pork Butt Boneless 1/4 7-10 Pounds Each Fresh,8/7-10#,BUTCHERS BLOCK,1.0,1.0,CS,2.599,LB,191.14,0,0,0,food
19f673635a4db1a0,19f673635a4db1a0,2026-07-15T19:17:13Z,Sysco Order #04713228 - Order Allocated - LARIAT,allocated,Sysco Standard Delivery,04713228,07/15/2026,07/16/2026,4676306,Milk Whole Gallon,4/1 GAL,WHOLESOME FARMS CLASSIC,1.0,1.0,CS,23.13,,23.13,0,0,0,food
19f673635a4db1a0,19f673635a4db1a0,2026-07-15T19:17:13Z,Sysco Order #04713228 - Order Allocated - LARIAT,allocated,Sysco Standard Delivery,04713228,07/15/2026,07/16/2026,6935464,Cream Heavy 40% Extended Shelf Life Stabilized,12/32OZ,WHOLESOME FARMS CLASSIC,1.0,1.0,CS,58.18,,58.18,0,0,0,food
19f673635a4db1a0,19f673635a4db1a0,2026-07-15T19:17:13Z,Sysco Order #04713228 - Order Allocated - LARIAT,allocated,Sysco Standard Delivery,04713228,07/15/2026,07/16/2026,3029614,Butter Clarified 4-5#,4/5 LB,WHOLESOME FARMS CLASSIC,1.0,1.0,CS,96.45,,96.45,0,0,0,food
19f673635a4db1a0,19f673635a4db1a0,2026-07-15T19:17:13Z,Sysco Order #04713228 - Order Allocated - LARIAT,allocated,Sysco Standard Delivery,04713228,07/15/2026,07/16/2026,7063131,Pickle Chip Bread Butter Refrigerated 500-650 Count,1/2 GAL,BLOCK & BARREL CLASSIC,1.0,1.0,CS,30.51,,30.51,0,0,0,food
19f673635a4db1a0,19f673635a4db1a0,2026-07-15T19:17:13Z,Sysco Order #04713228 - Order Allocated - LARIAT,allocated,Sysco Standard Delivery,04713228,07/15/2026,07/16/2026,7078475,Cilantro Bunch Iceless,1/30 CT,IMPERIAL FRESH,1.0,1.0,CS,24.95,,24.95,0,0,0,food
19f673635a4db1a0,19f673635a4db1a0,2026-07-15T19:17:13Z,Sysco Order #04713228 - Order Allocated - LARIAT,allocated,Sysco Standard Delivery,04713228,07/15/2026,07/16/2026,2058907,Parsley Italian Fresh Herb,1/1 LB,IMPERIAL FRESH,1.0,1.0,CS,13.95,,13.95,0,0,0,food
19f673635a4db1a0,19f673635a4db1a0,2026-07-15T19:17:13Z,Sysco Order #04713228 - Order Allocated - LARIAT,allocated,Sysco Standard Delivery,04713228,07/15/2026,07/16/2026,2058881,Chives Fresh Herb,1/1 LB,IMPERIAL FRESH,1.0,1.0,CS,18.55,,18.55,0,0,0,food
19f673635a4db1a0,19f673635a4db1a0,2026-07-15T19:17:13Z,Sysco Order #04713228 - Order Allocated - LARIAT,allocated,Sysco Standard Delivery,04713228,07/15/2026,07/16/2026,2005114,Dill Baby Fresh Herb,1/4 OZ,IMPERIAL FRESH,1.0,1.0,CS,8.95,,8.95,0,0,0,food
19f673635a4db1a0,19f673635a4db1a0,2026-07-15T19:17:13Z,Sysco Order #04713228 - Order Allocated - LARIAT,allocated,Sysco Standard Delivery,04713228,07/15/2026,07/16/2026,1675909,Lettuce Greens Leaf Fresh,4/6 CT,SYSCO/FRESHPOINT NATURAL,3.0,3.0,CS,32.95,,98.85,0,0,0,food
19f673635a4db1a0,19f673635a4db1a0,2026-07-15T19:17:13Z,Sysco Order #04713228 - Order Allocated - LARIAT,allocated,Sysco Standard Delivery,04713228,07/15/2026,07/16/2026,1821537,Garlic Peeled Fresh,4/5LB,IMPERIAL FRESH,1.0,1.0,CS,93.85,,93.85,0,0,0,food
19f673635a4db1a0,19f673635a4db1a0,2026-07-15T19:17:13Z,Sysco Order #04713228 - Order Allocated - LARIAT,allocated,Sysco Standard Delivery,04713228,07/15/2026,07/16/2026,1675701,Cabbage Green Shredded Fresh In Bag,4/5 LB,IMPERIAL FRESH,1.0,1.0,CS,25.55,,25.55,0,0,0,food
19f673635a4db1a0,19f673635a4db1a0,2026-07-15T19:17:13Z,Sysco Order #04713228 - Order Allocated - LARIAT,allocated,Sysco Standard Delivery,04713228,07/15/2026,07/16/2026,1675719,Cabbage Red Shredded Fresh,4/5 LB,IMPERIAL FRESH,1.0,1.0,CS,48.99,,48.99,0,0,0,food
19f673635a4db1a0,19f673635a4db1a0,2026-07-15T19:17:13Z,Sysco Order #04713228 - Order Allocated - LARIAT,allocated,Sysco Standard Delivery,04713228,07/15/2026,07/16/2026,6395974,Asparagus Jumbo,1/11 LB,PROPACK,1.0,1.0,CS,54.79,,54.79,0,0,0,food
19f673635a4db1a0,19f673635a4db1a0,2026-07-15T19:17:13Z,Sysco Order #04713228 - Order Allocated - LARIAT,allocated,Sysco Standard Delivery,04713228,07/15/2026,07/16/2026,2575926,Cheese American Loaf Special Melting White,6/5 LB,CASA SOLANA IMPERIAL,1.0,1.0,CS,84.26,,84.26,0,0,0,food
19f673635a4db1a0,19f673635a4db1a0,2026-07-15T19:17:13Z,Sysco Order #04713228 - Order Allocated - LARIAT,allocated,Sysco Standard Delivery,04713228,07/15/2026,07/16/2026,2406189,Cheese Cheddar Jack Fancy Shredded,4/5LB,CASA SOLANA IMPERIAL,1.0,1.0,CS,58.95,,58.95,0,0,0,food
19f673635a4db1a0,19f673635a4db1a0,2026-07-15T19:17:13Z,Sysco Order #04713228 - Order Allocated - LARIAT,allocated,Sysco Standard Delivery,04713228,07/15/2026,07/16/2026,7814881,Cheese Cheddar Sharp Slice White,4/2.5 LB,ALP&DELL,2.0,2.0,CS,49.99,,99.98,0,0,0,food
19f673635a4db1a0,19f673635a4db1a0,2026-07-15T19:17:13Z,Sysco Order #04713228 - Order Allocated - LARIAT,allocated,Sysco Standard Delivery,04713228,07/15/2026,07/16/2026,3554553,Cheese Monterey Pepper Jack Sliced Interleaf .,8/1.5LB,BLOCK & BARREL IMPERIAL,1.0,1.0,CS,47.95,,47.95,0,0,0,food
19f673635a4db1a0,19f673635a4db1a0,2026-07-15T19:17:13Z,Sysco Order #04713228 - Order Allocated - LARIAT,allocated,Sysco Standard Delivery,04713228,07/15/2026,07/16/2026,3777570,Bacon Shingle Center-cut 7-9 Per Pound Honey Gas Flushed,1/15#,DAILYS BACON,4.0,4.0,CS,68.99,,275.96,0,0,0,food
19f673635a4db1a0,19f673635a4db1a0,2026-07-15T19:17:13Z,Sysco Order #04713228 - Order Allocated - LARIAT,allocated,Sysco Standard Delivery,04713228,07/15/2026,07/16/2026,2004547,Basil Fresh Herb,1/1 LB,IMPERIAL FRESH,1.0,1.0,CS,14.49,,14.49,0,0,0,food
19f673635a4db1a0,19f673635a4db1a0,2026-07-15T19:17:13Z,Sysco Order #04713228 - Order Allocated - LARIAT,allocated,Sysco Standard Delivery,04713228,07/15/2026,07/16/2026,0671677,Cheese Blue Crumbles,2/5 LB,BLOCK & BARREL IMPERIAL,1.0,1.0,CS,38.27,,38.27,0,0,0,food
19f673635a4db1a0,19f673635a4db1a0,2026-07-15T19:17:13Z,Sysco Order #04713228 - Order Allocated - LARIAT,allocated,Sysco Standard Delivery,04713228,07/15/2026,07/16/2026,1552272,Cheese Mozzarella Fresh Cryovac Log,8/1 LB,ARREZZIO IMPERIAL,1.0,1.0,CS,40.99,,40.99,0,0,0,food
19f673635a4db1a0,19f673635a4db1a0,2026-07-15T19:17:13Z,Sysco Order #04713228 - Order Allocated - LARIAT,allocated,Sysco Standard Delivery,04713228,07/15/2026,07/16/2026,5979291,Cheese Cotija Random Cut,12/1#AVG,QUESO CAMPESINO (DAIRY),1.0,1.0,CS,6.099,LB,74.41,0,0,0,food
19f673635a4db1a0,19f673635a4db1a0,2026-07-15T19:17:13Z,Sysco Order #04713228 - Order Allocated - LARIAT,allocated,Sysco Standard Delivery,04713228,07/15/2026,07/16/2026,8149296,Cheese Chihuahua Shredded,4/5LB,SUPREMO,1.0,1.0,CS,151.75,,151.75,0,0,0,food
19f673635a4db1a0,19f673635a4db1a0,2026-07-15T19:17:13Z,Sysco Order #04713228 - Order Allocated - LARIAT,allocated,Sysco Standard Delivery,04713228,07/15/2026,07/16/2026,5134365,Egg Breakfast Blend Scramble Mix Cgfr,15/2 LB,WHOLESOME FARMS IMPERIAL,1.0,1.0,CS,81.55,,81.55,0,0,0,food
19f673635a4db1a0,19f673635a4db1a0,2026-07-15T19:17:13Z,Sysco Order #04713228 - Order Allocated - LARIAT,allocated,Sysco Standard Delivery,04713228,07/15/2026,07/16/2026,1094697,Onions White Jumbo Bag,1/50LB,IMPERIAL FRESH,1.0,1.0,CS,33.99,,33.99,0,0,0,food
19f673635a4db1a0,19f673635a4db1a0,2026-07-15T19:17:13Z,Sysco Order #04713228 - Order Allocated - LARIAT,allocated,Sysco Standard Delivery,04713228,07/15/2026,07/16/2026,7644909,Fry On Shortening Frying Liquid,1/35 LB,SYSCO PREMIUM,4.0,4.0,CS,62.77,,251.08,0,0,0,food
19f673635a4db1a0,19f673635a4db1a0,2026-07-15T19:17:13Z,Sysco Order #04713228 - Order Allocated - LARIAT,allocated,Sysco Standard Delivery,04713228,07/15/2026,07/16/2026,2916452,Drink Energy,24/12 OZ,RED BULL,1.0,1.0,CS,62.0,,62.0,0,0,0,beverage
19f673635a4db1a0,19f673635a4db1a0,2026-07-15T19:17:13Z,Sysco Order #04713228 - Order Allocated - LARIAT,allocated,Sysco Standard Delivery,04713228,07/15/2026,07/16/2026,7459830,Beef Ground Patty Special Blend,30/7 OZ,BUCKHEAD PRIDE/ NEWPORT PRIDE,6.0,6.0,CS,93.95,,563.7,0,0,0,food
19f673635a4db1a0,19f673635a4db1a0,2026-07-15T19:17:13Z,Sysco Order #04713228 - Order Allocated - LARIAT,allocated,Sysco Standard Delivery,04713228,07/15/2026,07/16/2026,8605725,Chicken Thighs Skin-on Boneless,4/5LB,RED BIRD INC (POULTRY),2.0,2.0,CS,4.559,LB,196.2,0,0,0,food
19f673635a4db1a0,19f673635a4db1a0,2026-07-15T19:17:13Z,Sysco Order #04713228 - Order Allocated - LARIAT,allocated,Sysco Standard Delivery,04713228,07/15/2026,07/16/2026,2643468,Chicken Breast Boneless Skinless 5oz Single Lobe Nae,4/5#AVG,RED BIRD INC (POULTRY),2.0,2.0,CS,6.399,LB,278.71,0,0,0,food
19f673635a4db1a0,19f673635a4db1a0,2026-07-15T19:17:13Z,Sysco Order #04713228 - Order Allocated - LARIAT,allocated,Sysco Standard Delivery,04713228,07/15/2026,07/16/2026,7306037,Eggroll Skin 6.5 Inches X 6.5 Inches,12/1 LB,JADE MOUNTAIN CLASSIC,1.0,1.0,CS,50.79,,50.79,0,0,0,food
19f673635a4db1a0,19f673635a4db1a0,2026-07-15T19:17:13Z,Sysco Order #04713228 - Order Allocated - LARIAT,allocated,Sysco Standard Delivery,04713228,07/15/2026,07/16/2026,1813973,Pork Chop Bone-in Frenched Long Bone,10/12 OZ,BUCKHEAD PRIDE/ NEWPORT PRIDE,1.0,1.0,CS,20.05,LB,151.38,0,0,0,food
19f673635a4db1a0,19f673635a4db1a0,2026-07-15T19:17:13Z,Sysco Order #04713228 - Order Allocated - LARIAT,allocated,Sysco Standard Delivery,04713228,07/15/2026,07/16/2026,3533643,Tomatillo Whole,6/100 OZ,DEL SOL (CANNED),1.0,1.0,CS,36.99,,36.99,0,0,0,food
19f673635a4db1a0,19f673635a4db1a0,2026-07-15T19:17:13Z,Sysco Order #04713228 - Order Allocated - LARIAT,allocated,Sysco Standard Delivery,04713228,07/15/2026,07/16/2026,3746377,Bun Brioche Bistro Slider,8/24 CT,ALPHA,1.0,1.0,CS,73.95,,73.95,0,0,0,food
19f673635a4db1a0,19f673635a4db1a0,2026-07-15T19:17:13Z,Sysco Order #04713228 - Order Allocated - LARIAT,allocated,Sysco Standard Delivery,04713228,07/15/2026,07/16/2026,2491751,Cheese Mozzarella Ciliegene Fresh,2/3LB,ARREZZIO IMPERIAL,1.0,1.0,CS,36.95,,36.95,0,0,0,food
19814596d466eb94,19814596d466eb94,2025-07-16T17:47:41Z,Sysco Order #03948886 - Order Allocated - LARIAT,allocated,Sysco Standard Delivery,03948886,07/16/2025,07/17/2025,7255866,Seasoning Powder Birria,1/5.2 LB,D'ALLASANDRO,1.0,1.0,CS,112.29,,112.29,0,0,0,food
19814596d466eb94,19814596d466eb94,2025-07-16T17:47:41Z,Sysco Order #03948886 - Order Allocated - LARIAT,allocated,Sysco Standard Delivery,03948886,07/16/2025,07/17/2025,3533643,Tomatillo Whole,6/100 OZ,DEL SOL (CANNED),2.0,2.0,CS,36.45,,72.9,0,0,0,food
19814596d466eb94,19814596d466eb94,2025-07-16T17:47:41Z,Sysco Order #03948886 - Order Allocated - LARIAT,allocated,Sysco Standard Delivery,03948886,07/16/2025,07/17/2025,4692174,Tortilla Flour Pressed 6 Inch,12/24CT,LA BANDERITA,1.0,1.0,CS,28.55,,28.55,0,0,0,food
19814596d466eb94,19814596d466eb94,2025-07-16T17:47:41Z,Sysco Order #03948886 - Order Allocated - LARIAT,allocated,Sysco Standard Delivery,03948886,07/16/2025,07/17/2025,5228549,Spice Chili Powder Dark,3/5.5 LB,SYSCO IMPERIAL/MCCORMICK,1.0,1.0,EA,57.79,,57.79,0,0,0,food
19814596d466eb94,19814596d466eb94,2025-07-16T17:47:41Z,Sysco Order #03948886 - Order Allocated - LARIAT,allocated,Sysco Standard Delivery,03948886,07/16/2025,07/17/2025,1491552,"Bun Brioche 4.5""",8/10CT,TURANO,5.0,5.0,CS,55.25,,276.25,0,0,0,food
19814596d466eb94,19814596d466eb94,2025-07-16T17:47:41Z,Sysco Order #03948886 - Order Allocated - LARIAT,allocated,Sysco Standard Delivery,03948886,07/16/2025,07/17/2025,1357284,Churro Prefried,100/16 IN,HOLA CHURRO,1.0,1.0,CS,114.89,,114.89,0,0,0,food
19814596d466eb94,19814596d466eb94,2025-07-16T17:47:41Z,Sysco Order #03948886 - Order Allocated - LARIAT,allocated,Sysco Standard Delivery,03948886,07/16/2025,07/17/2025,4011110,Pudding Banana Zero Trans Fat,6/#10,SYSCO CLASSIC,1.0,1.0,CS,64.95,,64.95,0,0,0,food
19814596d466eb94,19814596d466eb94,2025-07-16T17:47:41Z,Sysco Order #03948886 - Order Allocated - LARIAT,allocated,Sysco Standard Delivery,03948886,07/16/2025,07/17/2025,7005009,Chile Green Hatch Diced Mild,5/5LB,YOUNG GUNS PRODUCE,1.0,1.0,CS,50.95,,50.95,0,0,0,food
19814596d466eb94,19814596d466eb94,2025-07-16T17:47:41Z,Sysco Order #03948886 - Order Allocated - LARIAT,allocated,Sysco Standard Delivery,03948886,07/16/2025,07/17/2025,3852940,Beef Ground Chuck Brisket Shortrib Patty,24/7 OZ,BUCKHEAD PRIDE/ NEWPORT PRIDE,8.0,8.0,CS,75.45,,603.6,0,0,0,food
19814596d466eb94,19814596d466eb94,2025-07-16T17:47:41Z,Sysco Order #03948886 - Order Allocated - LARIAT,allocated,Sysco Standard Delivery,03948886,07/16/2025,07/17/2025,1400464,Chicken Tenders Breaded Golden Flat Large,2/5 LB,SYSCO CLASSIC,2.0,2.0,CS,55.79,,111.58,0,0,0,food
19814596d466eb94,19814596d466eb94,2025-07-16T17:47:41Z,Sysco Order #03948886 - Order Allocated - LARIAT,allocated,Sysco Standard Delivery,03948886,07/16/2025,07/17/2025,8071803,Pangasius Fillet Iqf 7-9 Ounce,1/15 LB,PORTICO IMPERIAL,2.0,2.0,CS,48.95,,97.9,0,0,0,food
19814596d466eb94,19814596d466eb94,2025-07-16T17:47:41Z,Sysco Order #03948886 - Order Allocated - LARIAT,allocated,Sysco Standard Delivery,03948886,07/16/2025,07/17/2025,2369233,Chicken Wing Steamed Precooked Large,2/5LB,SYSCO CLASSIC,3.0,3.0,CS,46.45,,139.35,0,0,0,food
19814596d466eb94,19814596d466eb94,2025-07-16T17:47:41Z,Sysco Order #03948886 - Order Allocated - LARIAT,allocated,Sysco Standard Delivery,03948886,07/16/2025,07/17/2025,5098496,Pork Ham Shank Pig Wing 4 Ounce,2/4.5LB,SYSCO CLASSIC,1.0,1.0,CS,92.55,,92.55,0,0,0,food
19814596d466eb94,19814596d466eb94,2025-07-16T17:47:41Z,Sysco Order #03948886 - Order Allocated - LARIAT,allocated,Sysco Standard Delivery,03948886,07/16/2025,07/17/2025,7235243,Chicken Breast Cutlet 5 Ounce,4/5 LB,RED BIRD INC (POULTRY),2.0,2.0,CS,5.899,LB,241.69,0,0,0,food
19814596d466eb94,19814596d466eb94,2025-07-16T17:47:41Z,Sysco Order #03948886 - Order Allocated - LARIAT,allocated,Sysco Standard Delivery,03948886,07/16/2025,07/17/2025,3777570,Bacon Shingle Center-cut 7-9 Per Pound Honey Gas Flushed,1/15#,DAILYS BACON,5.0,5.0,CS,76.99,,384.95,0,0,0,food
19814596d466eb94,19814596d466eb94,2025-07-16T17:47:41Z,Sysco Order #03948886 - Order Allocated - LARIAT,allocated,Sysco Standard Delivery,03948886,07/16/2025,07/17/2025,7585326,"Bread Sourdough Thick Sliced .75""",6/32 OZ,ROTELLA,1.0,1.0,CS,37.89,,37.89,0,0,0,food
19814596d466eb94,19814596d466eb94,2025-07-16T17:47:41Z,Sysco Order #03948886 - Order Allocated - LARIAT,allocated,Sysco Standard Delivery,03948886,07/16/2025,07/17/2025,7181814,Sausage Chorizo Bulk Raw,2/7 LB,Polidori,1.0,1.0,CS,80.85,,80.85,0,0,0,food
19814596d466eb94,19814596d466eb94,2025-07-16T17:47:41Z,Sysco Order #03948886 - Order Allocated - LARIAT,allocated,Sysco Standard Delivery,03948886,07/16/2025,07/17/2025,6046902,Pork Butt Boneless 1/4 6-9 Pounds Each Fresh,8/6-9#AV,BUTCHERS BLOCK,1.0,1.0,CS,2.459,LB,178.27,0,0,0,food
19814596d466eb94,19814596d466eb94,2025-07-16T17:47:41Z,Sysco Order #03948886 - Order Allocated - LARIAT,allocated,Sysco Standard Delivery,03948886,07/16/2025,07/17/2025,2334680,Chicken Cvp Leg Qtr Med,1/40 LB,SYSCO CLASSIC,1.0,1.0,CS,43.89,,43.89,0,0,0,food
19814596d466eb94,19814596d466eb94,2025-07-16T17:47:41Z,Sysco Order #03948886 - Order Allocated - LARIAT,allocated,Sysco Standard Delivery,03948886,07/16/2025,07/17/2025,4874526,PORK CHOP BONE IN FRENCHED LONG BONE FROZEN,10/12 OZ,BUCKHEAD PRIDE/ NEWPORT PRIDE,1.0,1.0,CS,15.255,,122.89,0,0,0,food
19814596d466eb94,19814596d466eb94,2025-07-16T17:47:41Z,Sysco Order #03948886 - Order Allocated - LARIAT,allocated,Sysco Standard Delivery,03948886,07/16/2025,07/17/2025,0671677,Cheese Blue Crumbles,2/5 LB,SYSCO IMPERIAL,1.0,1.0,CS,38.36,,38.36,0,0,0,food
19814596d466eb94,19814596d466eb94,2025-07-16T17:47:41Z,Sysco Order #03948886 - Order Allocated - LARIAT,allocated,Sysco Standard Delivery,03948886,07/16/2025,07/17/2025,8149296,Cheese Chihuahua Shredded,4/5LB,SUPREMO,1.0,1.0,CS,136.95,,136.95,0,0,0,food
19814596d466eb94,19814596d466eb94,2025-07-16T17:47:41Z,Sysco Order #03948886 - Order Allocated - LARIAT,allocated,Sysco Standard Delivery,03948886,07/16/2025,07/17/2025,7182310,Egg Shell Medium White Aa Cage Free,1/15 DZ,WHOLESOME FARMS IMPERIAL,1.0,1.0,CS,55.75,,55.75,0,0,0,food
19814596d466eb94,19814596d466eb94,2025-07-16T17:47:41Z,Sysco Order #03948886 - Order Allocated - LARIAT,allocated,Sysco Standard Delivery,03948886,07/16/2025,07/17/2025,1008663,Tomato 2 Layer 5x6 Fresh,1/60 CT,IMPERIAL FRESH,3.0,3.0,CS,24.35,,73.05,0,0,0,food
19814596d466eb94,19814596d466eb94,2025-07-16T17:47:41Z,Sysco Order #03948886 - Order Allocated - LARIAT,allocated,Sysco Standard Delivery,03948886,07/16/2025,07/17/2025,5844220,Bean Black,6/#10,CASA SOLANA CLASSIC,2.0,2.0,CS,39.85,,79.7,0,0,0,food
19814596d466eb94,19814596d466eb94,2025-07-16T17:47:41Z,Sysco Order #03948886 - Order Allocated - LARIAT,allocated,Sysco Standard Delivery,03948886,07/16/2025,07/17/2025,2429926,Pepper Chiles Guajillo Dried,1/5 LB,PACKER,1.0,1.0,CS,54.99,,54.99,0,0,0,food
19814596d466eb94,19814596d466eb94,2025-07-16T17:47:41Z,Sysco Order #03948886 - Order Allocated - LARIAT,allocated,Sysco Standard Delivery,03948886,07/16/2025,07/17/2025,6693642,Pepper Red Diced Fancy,24/#300,SYSCO IMPERIAL,2.0,2.0,CS,77.85,,155.7,0,0,0,food
19814596d466eb94,19814596d466eb94,2025-07-16T17:47:41Z,Sysco Order #03948886 - Order Allocated - LARIAT,allocated,Sysco Standard Delivery,03948886,07/16/2025,07/17/2025,1376805,"Pad Scour Green 6"" X 9"" Antimicrobial",1/20CT,SYSCO SUPPLIES CLASSIC,1.0,1.0,CS,11.95,,11.95,0,0,0,non_food
19814596d466eb94,19814596d466eb94,2025-07-16T17:47:41Z,Sysco Order #03948886 - Order Allocated - LARIAT,allocated,Sysco Standard Delivery,03948886,07/16/2025,07/17/2025,5229497,Spice Pickling Whole,6/13 OZ,SYSCO IMPERIAL/MCCORMICK,1.0,1.0,EA,14.49,,14.49,0,0,0,food
19814596d466eb94,19814596d466eb94,2025-07-16T17:47:41Z,Sysco Order #03948886 - Order Allocated - LARIAT,allocated,Sysco Standard Delivery,03948886,07/16/2025,07/17/2025,1007350,Avocado Hass Breaking Fresh,1/48 CT,PROPACK,2.0,2.0,CS,62.95,,125.9,0,0,0,food
19814596d466eb94,19814596d466eb94,2025-07-16T17:47:41Z,Sysco Order #03948886 - Order Allocated - LARIAT,allocated,Sysco Standard Delivery,03948886,07/16/2025,07/17/2025,7492218,Cake Chocolate Fudge 10 Inch,2/110 OZ,CHEESECAKE FACTORY BAKERY,1.0,1.0,CS,133.89,,133.89,0,0,0,food
19814596d466eb94,19814596d466eb94,2025-07-16T17:47:41Z,Sysco Order #03948886 - Order Allocated - LARIAT,allocated,Sysco Standard Delivery,03948886,07/16/2025,07/17/2025,6562207,Tortilla Corn White 4.5 Inch,6/50 CT,MISSION FOODS,3.0,3.0,CS,21.99,,65.97,0,0,0,food
19814596d466eb94,19814596d466eb94,2025-07-16T17:47:41Z,Sysco Order #03948886 - Order Allocated - LARIAT,allocated,Sysco Standard Delivery,03948886,07/16/2025,07/17/2025,4690483,Chip Tortilla Yellow 4 Inches Cut,1/30 LB,LA BANDERITA,2.0,2.0,CS,34.35,,68.7,0,0,0,food
19814596d466eb94,19814596d466eb94,2025-07-16T17:47:41Z,Sysco Order #03948886 - Order Allocated - LARIAT,allocated,Sysco Standard Delivery,03948886,07/16/2025,07/17/2025,5934567,Liner Trash 39 Inch X 56 Inch 1.7 Mil Silver,50/55GAL,SYSCO CLASSIC,1.0,1.0,CS,42.08,,42.08,0,0,0,non_food
19814596d466eb94,19814596d466eb94,2025-07-16T17:47:41Z,Sysco Order #03948886 - Order Allocated - LARIAT,allocated,Sysco Standard Delivery,03948886,07/16/2025,07/17/2025,5020197,Potato Fry Sweet 3/8,6/2.5LB,SYSCO IMPERIAL,4.0,4.0,CS,44.44,,177.76,0,0,0,food
19814596d466eb94,19814596d466eb94,2025-07-16T17:47:41Z,Sysco Order #03948886 - Order Allocated - LARIAT,allocated,Sysco Standard Delivery,03948886,07/16/2025,07/17/2025,3554615,"Potato Fry 5/16"" Beer Extra Long",6/5 LB,SYSCO IMPERIAL,3.0,3.0,CS,59.49,,178.47,0,0,0,food
19814596d466eb94,19814596d466eb94,2025-07-16T17:47:41Z,Sysco Order #03948886 - Order Allocated - LARIAT,allocated,Sysco Standard Delivery,03948886,07/16/2025,07/17/2025,7210310,Buttermilk Whole Qt,12/1 QT,MEADOW GOLD,1.0,1.0,CS,34.9,,34.9,0,0,0,food
19814596d466eb94,19814596d466eb94,2025-07-16T17:47:41Z,Sysco Order #03948886 - Order Allocated - LARIAT,allocated,Sysco Standard Delivery,03948886,07/16/2025,07/17/2025,6822561,Dressing Mix Ranch Original,18/3.2OZ,HIDDEN VALLEY RANCH,1.0,1.0,CS,40.75,,40.75,0,0,0,food
19814596d466eb94,19814596d466eb94,2025-07-16T17:47:41Z,Sysco Order #03948886 - Order Allocated - LARIAT,allocated,Sysco Standard Delivery,03948886,07/16/2025,07/17/2025,1675909,Lettuce Greens Leaf Fresh,4/6 CT,SYSCO/FRESHPOINT NATURAL,1.0,1.0,CS,37.95,,48.9,0,0,0,food
19814596d466eb94,19814596d466eb94,2025-07-16T17:47:41Z,Sysco Order #03948886 - Order Allocated - LARIAT,allocated,Sysco Standard Delivery,03948886,07/16/2025,07/17/2025,2004513,Basil Fresh Herb,1/4 OZ,IMPERIAL FRESH,1.0,1.0,CS,6.95,,6.95,0,0,0,food
19814596d466eb94,19814596d466eb94,2025-07-16T17:47:41Z,Sysco Order #03948886 - Order Allocated - LARIAT,allocated,Sysco Standard Delivery,03948886,07/16/2025,07/17/2025,4488847,Dressing Blue Cheese Chunky,4/1 GAL,KEN'S,1.0,1.0,CS,90.55,,90.55,0,0,0,food
19814596d466eb94,19814596d466eb94,2025-07-16T17:47:41Z,Sysco Order #03948886 - Order Allocated - LARIAT,allocated,Sysco Standard Delivery,03948886,07/16/2025,07/17/2025,4606388,Sauce Bbq Sweet And Tangy,4/1 GAL,SYSCO IMPERIAL,1.0,1.0,CS,57.29,,57.29,0,0,0,food
19814596d466eb94,19814596d466eb94,2025-07-16T17:47:41Z,Sysco Order #03948886 - Order Allocated - LARIAT,allocated,Sysco Standard Delivery,03948886,07/16/2025,07/17/2025,2575926,Cheese American Loaf Special Melting White,6/5 LB,CASA SOLANA IMPERIAL,1.0,1.0,CS,91.75,,91.75,0,0,0,food
19814596d466eb94,19814596d466eb94,2025-07-16T17:47:41Z,Sysco Order #03948886 - Order Allocated - LARIAT,allocated,Sysco Standard Delivery,03948886,07/16/2025,07/17/2025,5979291,Cheese Cotija Random Cut,12/1#AVG,QUESO CAMPESINO (DAIRY),1.0,1.0,CS,5.399,LB,65.35,0,0,0,food
19814596d466eb94,19814596d466eb94,2025-07-16T17:47:41Z,Sysco Order #03948886 - Order Allocated - LARIAT,allocated,Sysco Standard Delivery,03948886,07/16/2025,07/17/2025,1094697,Onions White Jumbo Bag,1/50LB,IMPERIAL FRESH,1.0,1.0,CS,27.99,,27.99,0,0,0,food
19814596d466eb94,19814596d466eb94,2025-07-16T17:47:41Z,Sysco Order #03948886 - Order Allocated - LARIAT,allocated,Sysco Standard Delivery,03948886,07/16/2025,07/17/2025,5535679,Capers Nonpareil Imported,12/16 OZ,SYSCO IMPERIAL,1.0,1.0,CS,63.79,,63.79,0,0,0,food
19814596d466eb94,19814596d466eb94,2025-07-16T17:47:41Z,Sysco Order #03948886 - Order Allocated - LARIAT,allocated,Sysco Standard Delivery,03948886,07/16/2025,07/17/2025,4566873,Mix Cornbread Homestyle Complete,6/5 LB,KRUSTEAZ,1.0,1.0,CS,79.39,,79.39,0,0,0,food
19814596d466eb94,19814596d466eb94,2025-07-16T17:47:41Z,Sysco Order #03948886 - Order Allocated - LARIAT,allocated,Sysco Standard Delivery,03948886,07/16/2025,07/17/2025,5424254,Trout Rainbow Whole Boned Pin Bone Out 10 Oz Chl,1/10 LB,PORTICO SIMPLY,2.0,2.0,CS,85.79,,171.58,0,0,0,food
19814596d466eb94,19814596d466eb94,2025-07-16T17:47:41Z,Sysco Order #03948886 - Order Allocated - LARIAT,allocated,Sysco Standard Delivery,03948886,07/16/2025,07/17/2025,5661467,Spice Pepper Black Shaker Ground,3/5 LB,SYSCO IMPERIAL/MCCORMICK,1.0,1.0,EA,100.79,,100.79,0,0,0,food
19814596d466eb94,19814596d466eb94,2025-07-16T17:47:41Z,Sysco Order #03948886 - Order Allocated - LARIAT,allocated,Sysco Standard Delivery,03948886,07/16/2025,07/17/2025,8378111,Flour All Purpose Hotel & Restaurant Bleached,1/50LB,SYSCO CLASSIC,1.0,1.0,CS,20.99,,20.99,0,0,0,food
19f7ad8927ead8d0,19f7bc11ad688503,2026-07-19T19:01:20Z,Sysco Order #04720527 - Order Allocated - LARIAT,allocated,Sysco Standard Delivery,04720527,07/19/2026,07/20/2026,5913439,Spice Cumin Ground,3/4.5 LB,SYSCO IMPERIAL/MCCORMICK,1.0,1.0,EA,74.45,,74.45,0,0,0,food
19f7ad8927ead8d0,19f7bc11ad688503,2026-07-19T19:01:20Z,Sysco Order #04720527 - Order Allocated - LARIAT,allocated,Sysco Standard Delivery,04720527,07/19/2026,07/20/2026,1225267,Ice Cream Vanilla Premium,1/3 GAL,BLUE BUNNY,1.0,1.0,CS,35.78,,35.78,0,0,0,food
19f7ad8927ead8d0,19f7bc11ad688503,2026-07-19T19:01:20Z,Sysco Order #04720527 - Order Allocated - LARIAT,allocated,Sysco Standard Delivery,04720527,07/19/2026,07/20/2026,1491552,"Bun Brioche 4.5""",8/10CT,TURANO,1.0,1.0,CS,60.93,,60.93,0,0,0,food
19f7ad8927ead8d0,19f7bc11ad688503,2026-07-19T19:01:20Z,Sysco Order #04720527 - Order Allocated - LARIAT,allocated,Sysco Standard Delivery,04720527,07/19/2026,07/20/2026,3554615,"Potato Fry 5/16"" Beer Extra Long",6/5 LB,SYSCO PREMIUM,4.0,4.0,CS,55.0,,220.0,0,0,0,food
19f7ad8927ead8d0,19f7bc11ad688503,2026-07-19T19:01:20Z,Sysco Order #04720527 - Order Allocated - LARIAT,allocated,Sysco Standard Delivery,04720527,07/19/2026,07/20/2026,0226060,Churro Mexican Mini 2 Inch,1/500 CT,HOLA CHURRO,1.0,1.0,CS,81.85,,81.85,0,0,0,food
19f7ad8927ead8d0,19f7bc11ad688503,2026-07-19T19:01:20Z,Sysco Order #04720527 - Order Allocated - LARIAT,allocated,Sysco Standard Delivery,04720527,07/19/2026,07/20/2026,7085140,Corn Yellow Roasted Blend,6/2.5LB,SYSCO IMPERIAL,1.0,1.0,CS,52.75,,52.75,0,0,0,food
19f7ad8927ead8d0,19f7bc11ad688503,2026-07-19T19:01:20Z,Sysco Order #04720527 - Order Allocated - LARIAT,allocated,Sysco Standard Delivery,04720527,07/19/2026,07/20/2026,7492218,Cake Chocolate Fudge 10 Inch,2/110 OZ,CHEESECAKE FACTORY BAKERY,3.0,3.0,CS,136.95,,410.85,0,0,0,food
19f7ad8927ead8d0,19f7bc11ad688503,2026-07-19T19:01:20Z,Sysco Order #04720527 - Order Allocated - LARIAT,allocated,Sysco Standard Delivery,04720527,07/19/2026,07/20/2026,1400464,Chicken Tenders Breaded Golden Flat Large,2/5 LB,SYSCO CLASSIC,1.0,1.0,CS,49.23,,49.23,0,0,0,food
19f7ad8927ead8d0,19f7bc11ad688503,2026-07-19T19:01:20Z,Sysco Order #04720527 - Order Allocated - LARIAT,allocated,Sysco Standard Delivery,04720527,07/19/2026,07/20/2026,2369233,Chicken Wing Steamed Precooked Large,2/5LB,SYSCO CLASSIC,2.0,2.0,CS,46.99,,93.98,0,0,0,food
19f7ad8927ead8d0,19f7bc11ad688503,2026-07-19T19:01:20Z,Sysco Order #04720527 - Order Allocated - LARIAT,allocated,Sysco Standard Delivery,04720527,07/19/2026,07/20/2026,3777570,Bacon Shingle Center-cut 7-9 Per Pound Honey Gas Flushed,1/15#,DAILYS BACON,5.0,5.0,CS,70.95,,354.75,0,0,0,food
19f7ad8927ead8d0,19f7bc11ad688503,2026-07-19T19:01:20Z,Sysco Order #04720527 - Order Allocated - LARIAT,allocated,Sysco Standard Delivery,04720527,07/19/2026,07/20/2026,7585326,"Bread Sourdough Thick Sliced .75""",6/32 OZ,ROTELLA,1.0,1.0,CS,39.75,,39.75,0,0,0,food
19f7ad8927ead8d0,19f7bc11ad688503,2026-07-19T19:01:20Z,Sysco Order #04720527 - Order Allocated - LARIAT,allocated,Sysco Standard Delivery,04720527,07/19/2026,07/20/2026,7027072,Beef Cheek Meat Caviness Bulk,1/30 LB,PALO DURO,2.0,2.0,CS,5.799,LB,347.94,0,0,0,food
19f7ad8927ead8d0,19f7bc11ad688503,2026-07-19T19:01:20Z,Sysco Order #04720527 - Order Allocated - LARIAT,allocated,Sysco Standard Delivery,04720527,07/19/2026,07/20/2026,4944450,Soup Base Chicken Real,6/1LB,SYSCO IMPERIAL,1.0,1.0,CS,45.52,,45.52,0,0,0,food
19f7ad8927ead8d0,19f7bc11ad688503,2026-07-19T19:01:20Z,Sysco Order #04720527 - Order Allocated - LARIAT,allocated,Sysco Standard Delivery,04720527,07/19/2026,07/20/2026,7210310,Buttermilk Whole Qt,12/1 QT,MEADOW GOLD,1.0,1.0,CS,36.03,,36.03,0,0,0,food
19f7ad8927ead8d0,19f7bc11ad688503,2026-07-19T19:01:20Z,Sysco Order #04720527 - Order Allocated - LARIAT,allocated,Sysco Standard Delivery,04720527,07/19/2026,07/20/2026,6935464,Cream Heavy 40% Extended Shelf Life Stabilized,12/32OZ,WHOLESOME FARMS CLASSIC,1.0,1.0,CS,58.18,,58.18,0,0,0,food
19f7ad8927ead8d0,19f7bc11ad688503,2026-07-19T19:01:20Z,Sysco Order #04720527 - Order Allocated - LARIAT,allocated,Sysco Standard Delivery,04720527,07/19/2026,07/20/2026,7078475,Cilantro Bunch Iceless,1/30 CT,IMPERIAL FRESH,1.0,1.0,CS,18.65,,18.65,0,0,0,food
19f7ad8927ead8d0,19f7bc11ad688503,2026-07-19T19:01:20Z,Sysco Order #04720527 - Order Allocated - LARIAT,allocated,Sysco Standard Delivery,04720527,07/19/2026,07/20/2026,2058881,Chives Fresh Herb,1/1 LB,IMPERIAL FRESH,1.0,1.0,CS,18.55,,18.55,0,0,0,food
19f7ad8927ead8d0,19f7bc11ad688503,2026-07-19T19:01:20Z,Sysco Order #04720527 - Order Allocated - LARIAT,allocated,Sysco Standard Delivery,04720527,07/19/2026,07/20/2026,4002408,Mayonnaise Heavy Duty Pail,1/28LB,SYSCO RELIANCE,2.0,2.0,CS,51.82,,103.64,0,0,0,food
19f7ad8927ead8d0,19f7bc11ad688503,2026-07-19T19:01:20Z,Sysco Order #04720527 - Order Allocated - LARIAT,allocated,Sysco Standard Delivery,04720527,07/19/2026,07/20/2026,2406189,Cheese Cheddar Jack Fancy Shredded,4/5LB,CASA SOLANA IMPERIAL,1.0,1.0,CS,58.99,,58.99,0,0,0,food
19f7ad8927ead8d0,19f7bc11ad688503,2026-07-19T19:01:20Z,Sysco Order #04720527 - Order Allocated - LARIAT,allocated,Sysco Standard Delivery,04720527,07/19/2026,07/20/2026,5134365,Egg Breakfast Blend Scramble Mix Cgfr,15/2 LB,WHOLESOME FARMS IMPERIAL,1.0,1.0,CS,81.55,,81.55,0,0,0,food
19f7ad8927ead8d0,19f7bc11ad688503,2026-07-19T19:01:20Z,Sysco Order #04720527 - Order Allocated - LARIAT,allocated,Sysco Standard Delivery,04720527,07/19/2026,07/20/2026,4776161,Eggshell Medium White Aa Cage Free 15 Dozen,1/15 DZ,EGGS AMERICA,1.0,1.0,CS,8.69,,8.69,0,0,0,food
19f7ad8927ead8d0,19f7bc11ad688503,2026-07-19T19:01:20Z,Sysco Order #04720527 - Order Allocated - LARIAT,allocated,Sysco Standard Delivery,04720527,07/19/2026,07/20/2026,1007350,Avocado Hass Breaking Fresh,1/48 CT,PROPACK,1.0,1.0,CS,53.79,,53.79,0,0,0,food
19f7ad8927ead8d0,19f7bc11ad688503,2026-07-19T19:01:20Z,Sysco Order #04720527 - Order Allocated - LARIAT,allocated,Sysco Standard Delivery,04720527,07/19/2026,07/20/2026,1008663,Tomato 2 Layer 5x6 Fresh,1/60 CT,IMPERIAL FRESH,2.0,2.0,CS,32.99,,65.98,0,0,0,food
19f7ad8927ead8d0,19f7bc11ad688503,2026-07-19T19:01:20Z,Sysco Order #04720527 - Order Allocated - LARIAT,allocated,Sysco Standard Delivery,04720527,07/19/2026,07/20/2026,7210106,Onion Red Jumbo Sack,10/5 LB,IMPERIAL FRESH,1.0,1.0,CS,68.95,,68.95,0,0,0,food
19f7ad8927ead8d0,19f7bc11ad688503,2026-07-19T19:01:20Z,Sysco Order #04720527 - Order Allocated - LARIAT,allocated,Sysco Standard Delivery,04720527,07/19/2026,07/20/2026,5661143,Tomato Cherry Heirloom Mix,12/.5 PTS,PACKER,1.0,1.0,CS,48.95,,48.95,0,0,0,food
19f7ad8927ead8d0,19f7bc11ad688503,2026-07-19T19:01:20Z,Sysco Order #04720527 - Order Allocated - LARIAT,allocated,Sysco Standard Delivery,04720527,07/19/2026,07/20/2026,7501303,Chile Diced Green Mild,8/24 OZ,YOUNG GUNS PRODUCE,1.0,1.0,CS,21.8,,21.8,0,0,0,food
19f7ad8927ead8d0,19f7bc11ad688503,2026-07-19T19:01:20Z,Sysco Order #04720527 - Order Allocated - LARIAT,allocated,Sysco Standard Delivery,04720527,07/19/2026,07/20/2026,2916452,Drink Energy,24/12 OZ,RED BULL,1.0,1.0,CS,62.0,,62.0,0,0,0,beverage
19f7ad8927ead8d0,19f7bc11ad688503,2026-07-19T19:01:20Z,Sysco Order #04720527 - Order Allocated - LARIAT,allocated,Sysco Standard Delivery,04720527,07/19/2026,07/20/2026,1813973,Pork Chop Bone-in Frenched Long Bone,10/12 OZ,BUCKHEAD PRIDE/ NEWPORT PRIDE,1.0,1.0,CS,20.05,LB,154.89,0,0,0,food
19f7ad8927ead8d0,19f7bc11ad688503,2026-07-19T19:01:20Z,Sysco Order #04720527 - Order Allocated - LARIAT,allocated,Sysco Standard Delivery,04720527,07/19/2026,07/20/2026,7620281,Ketchup Squeeze Upside Down Red,16/14 OZ,HEINZ,2.0,2.0,CS,39.98,,79.96,0,0,0,food
19f7ad8927ead8d0,19f7bc11ad688503,2026-07-19T19:01:20Z,Sysco Order #04720527 - Order Allocated - LARIAT,allocated,Sysco Standard Delivery,04720527,07/19/2026,07/20/2026,1182237,Mushroom Foodservice #2 Fresh,1/10LB,RELIANCE FRESH,1.0,1.0,CS,19.9,,19.9,0,0,0,food
19f7ad8927ead8d0,19f7bc11ad688503,2026-07-19T19:01:20Z,Sysco Order #04720527 - Order Allocated - LARIAT,allocated,Sysco Standard Delivery,04720527,07/19/2026,07/20/2026,2149912,Cheese Grana American Parmesan 1/4 Wheel,1/16#AVG,BELGIOIOSO,1.0,1.0,CS,7.322,LB,116.57,0,0,0,food
19f7ad8927ead8d0,19f7bc11ad688503,2026-07-19T19:01:20Z,Sysco Order #04720527 - Order Allocated - LARIAT,allocated,Sysco Standard Delivery,04720527,07/19/2026,07/20/2026,2058907,Parsley Italian Fresh Herb,1/1 LB,IMPERIAL FRESH,1.0,1.0,CS,13.95,,13.95,0,0,0,food
198392ef106169e8,198392ef106169e8,2025-07-23T21:27:13Z,Sysco Order #03964811 - Order Allocated - LARIAT,allocated,Sysco Standard Delivery,03964811,07/23/2025,07/24/2025,1723857,Lettuce Greens Leaf Fresh With Liner,1/24 CT,SYSCO/FRESHPOINT NATURAL,2.0,2.0,CS,31.65,,63.3,0,0,1,food
198392ef106169e8,198392ef106169e8,2025-07-23T21:27:13Z,Sysco Order #03964811 - Order Allocated - LARIAT,allocated,Sysco Standard Delivery,03964811,07/23/2025,07/24/2025,6800494,"Potato Fry 5/16"" Beer Extra Long",6/5 LB,BREW CITY,7.0,7.0,CS,62.55,,437.85,0,0,1,food
198392ef106169e8,198392ef106169e8,2025-07-23T21:27:13Z,Sysco Order #03964811 - Order Allocated - LARIAT,allocated,Sysco Standard Delivery,03964811,07/23/2025,07/24/2025,9156746,Lard Cube Deodorized,1/50 LB,SYSCO RELIANCE,1.0,1.0,CS,85.95,,85.95,0,0,0,food
198392ef106169e8,198392ef106169e8,2025-07-23T21:27:13Z,Sysco Order #03964811 - Order Allocated - LARIAT,allocated,Sysco Standard Delivery,03964811,07/23/2025,07/24/2025,4002408,Mayonnaise Heavy Duty Pail,1/28LB,SYSCO RELIANCE,3.0,3.0,CS,54.73,,164.19,0,0,0,food
198392ef106169e8,198392ef106169e8,2025-07-23T21:27:13Z,Sysco Order #03964811 - Order Allocated - LARIAT,allocated,Sysco Standard Delivery,03964811,07/23/2025,07/24/2025,4690483,Chip Tortilla Yellow 4 Inches Cut,1/30 LB,LA BANDERITA,2.0,2.0,CS,34.35,,68.7,0,0,0,food
198392ef106169e8,198392ef106169e8,2025-07-23T21:27:13Z,Sysco Order #03964811 - Order Allocated - LARIAT,allocated,Sysco Standard Delivery,03964811,07/23/2025,07/24/2025,6562207,Tortilla Corn White 4.5 Inch,6/50 CT,MISSION FOODS,3.0,3.0,CS,21.99,,65.97,0,0,0,food
198392ef106169e8,198392ef106169e8,2025-07-23T21:27:13Z,Sysco Order #03964811 - Order Allocated - LARIAT,allocated,Sysco Standard Delivery,03964811,07/23/2025,07/24/2025,4692174,Tortilla Flour Pressed 6 Inch,12/24CT,LA BANDERITA,1.0,1.0,CS,28.55,,28.55,0,0,0,food
198392ef106169e8,198392ef106169e8,2025-07-23T21:27:13Z,Sysco Order #03964811 - Order Allocated - LARIAT,allocated,Sysco Standard Delivery,03964811,07/23/2025,07/24/2025,5061643,Oil Salad Canola Zero Trans Fat,1/35 LB,SYSCO CLASSIC,1.0,1.0,CS,45.25,,45.25,0,0,0,food
198392ef106169e8,198392ef106169e8,2025-07-23T21:27:13Z,Sysco Order #03964811 - Order Allocated - LARIAT,allocated,Sysco Standard Delivery,03964811,07/23/2025,07/24/2025,3617531,Vegetarian Blend Sweet Potato & Roasted Root Vegetables,6/2.5LB,SYSCO SUPREME,1.0,1.0,CS,56.25,,56.25,0,0,0,food
198392ef106169e8,198392ef106169e8,2025-07-23T21:27:13Z,Sysco Order #03964811 - Order Allocated - LARIAT,allocated,Sysco Standard Delivery,03964811,07/23/2025,07/24/2025,7005009,Chile Green Hatch Diced Mild,5/5LB,YOUNG GUNS PRODUCE,2.0,2.0,CS,50.95,,101.9,0,0,0,food
198392ef106169e8,198392ef106169e8,2025-07-23T21:27:13Z,Sysco Order #03964811 - Order Allocated - LARIAT,allocated,Sysco Standard Delivery,03964811,07/23/2025,07/24/2025,1400464,Chicken Tenders Breaded Golden Flat Large,2/5 LB,SYSCO CLASSIC,4.0,4.0,CS,55.79,,223.16,0,0,0,food
198392ef106169e8,198392ef106169e8,2025-07-23T21:27:13Z,Sysco Order #03964811 - Order Allocated - LARIAT,allocated,Sysco Standard Delivery,03964811,07/23/2025,07/24/2025,5934567,Liner Trash 39 Inch X 56 Inch 1.7 Mil Silver,50/55GAL,SYSCO CLASSIC,1.0,1.0,CS,43.89,,43.89,0,0,0,non_food
198392ef106169e8,198392ef106169e8,2025-07-23T21:27:13Z,Sysco Order #03964811 - Order Allocated - LARIAT,allocated,Sysco Standard Delivery,03964811,07/23/2025,07/24/2025,5661467,Spice Pepper Black Shaker Ground,3/5 LB,SYSCO IMPERIAL/MCCORMICK,1.0,1.0,EA,100.79,,100.79,0,0,0,food
198392ef106169e8,198392ef106169e8,2025-07-23T21:27:13Z,Sysco Order #03964811 - Order Allocated - LARIAT,allocated,Sysco Standard Delivery,03964811,07/23/2025,07/24/2025,0671677,Cheese Blue Crumbles,2/5 LB,SYSCO IMPERIAL,1.0,1.0,CS,38.36,,38.36,0,0,0,food
198392ef106169e8,198392ef106169e8,2025-07-23T21:27:13Z,Sysco Order #03964811 - Order Allocated - LARIAT,allocated,Sysco Standard Delivery,03964811,07/23/2025,07/24/2025,1552272,Cheese Mozzarella Fresh Cryovac Log,8/1 LB,ARREZZIO IMPERIAL,1.0,1.0,CS,38.99,,38.99,0,0,0,food
198392ef106169e8,198392ef106169e8,2025-07-23T21:27:13Z,Sysco Order #03964811 - Order Allocated - LARIAT,allocated,Sysco Standard Delivery,03964811,07/23/2025,07/24/2025,8149296,Cheese Chihuahua Shredded,4/5LB,SUPREMO,1.0,1.0,CS,136.95,,136.95,0,0,0,food
198392ef106169e8,198392ef106169e8,2025-07-23T21:27:13Z,Sysco Order #03964811 - Order Allocated - LARIAT,allocated,Sysco Standard Delivery,03964811,07/23/2025,07/24/2025,4220580,"Label Roll Shelf Life Dissolvable 2"" X 3""",1/500CT,KEYSTONE PRODUCTS,2.0,2.0,CS,28.59,,57.18,0,0,0,non_food
198392ef106169e8,198392ef106169e8,2025-07-23T21:27:13Z,Sysco Order #03964811 - Order Allocated - LARIAT,allocated,Sysco Standard Delivery,03964811,07/23/2025,07/24/2025,1491552,"Bun Brioche 4.5""",8/10CT,TURANO,2.0,2.0,CS,55.25,,110.5,0,0,0,food
198392ef106169e8,198392ef106169e8,2025-07-23T21:27:13Z,Sysco Order #03964811 - Order Allocated - LARIAT,allocated,Sysco Standard Delivery,03964811,07/23/2025,07/24/2025,7644909,Fry On Shortening Frying Liquid,1/35 LB,SYSCO IMPERIAL,6.0,6.0,CS,61.81,,370.86,0,0,0,food
198392ef106169e8,198392ef106169e8,2025-07-23T21:27:13Z,Sysco Order #03964811 - Order Allocated - LARIAT,allocated,Sysco Standard Delivery,03964811,07/23/2025,07/24/2025,8516029,"Potato Sweet Julienne .188""",5/3 LB,LAMB WESTON,1.0,1.0,CS,49.95,,49.95,0,0,0,food
198392ef106169e8,198392ef106169e8,2025-07-23T21:27:13Z,Sysco Order #03964811 - Order Allocated - LARIAT,allocated,Sysco Standard Delivery,03964811,07/23/2025,07/24/2025,3852940,Beef Ground Chuck Brisket Shortrib Patty,24/7 OZ,BUCKHEAD PRIDE/ NEWPORT PRIDE,8.0,8.0,CS,77.95,,623.6,0,0,0,food
198392ef106169e8,198392ef106169e8,2025-07-23T21:27:13Z,Sysco Order #03964811 - Order Allocated - LARIAT,allocated,Sysco Standard Delivery,03964811,07/23/2025,07/24/2025,8071803,Pangasius Fillet Iqf 7-9 Ounce,1/15 LB,PORTICO IMPERIAL,2.0,2.0,CS,48.95,,97.9,0,0,0,food
198392ef106169e8,198392ef106169e8,2025-07-23T21:27:13Z,Sysco Order #03964811 - Order Allocated - LARIAT,allocated,Sysco Standard Delivery,03964811,07/23/2025,07/24/2025,2369233,Chicken Wing Steamed Precooked Large,2/5LB,SYSCO CLASSIC,4.0,4.0,CS,46.45,,185.8,0,0,0,food
198392ef106169e8,198392ef106169e8,2025-07-23T21:27:13Z,Sysco Order #03964811 - Order Allocated - LARIAT,allocated,Sysco Standard Delivery,03964811,07/23/2025,07/24/2025,5098496,Pork Ham Shank Pig Wing 4 Ounce,2/4.5LB,SYSCO CLASSIC,3.0,3.0,CS,92.55,,277.65,0,0,0,food
198392ef106169e8,198392ef106169e8,2025-07-23T21:27:13Z,Sysco Order #03964811 - Order Allocated - LARIAT,allocated,Sysco Standard Delivery,03964811,07/23/2025,07/24/2025,7235243,Chicken Breast Cutlet 5 Ounce,4/5 LB,RED BIRD INC (POULTRY),4.0,4.0,CS,5.899,LB,479.33,0,0,0,food
198392ef106169e8,198392ef106169e8,2025-07-23T21:27:13Z,Sysco Order #03964811 - Order Allocated - LARIAT,allocated,Sysco Standard Delivery,03964811,07/23/2025,07/24/2025,3777570,Bacon Shingle Center-cut 7-9 Per Pound Honey Gas Flushed,1/15#,DAILYS BACON,6.0,6.0,CS,80.25,,481.5,0,0,0,food
198392ef106169e8,198392ef106169e8,2025-07-23T21:27:13Z,Sysco Order #03964811 - Order Allocated - LARIAT,allocated,Sysco Standard Delivery,03964811,07/23/2025,07/24/2025,6438545,Bacon Layflat Hickory Smoked #2,1/15LB,RANCH & GRILL,1.0,1.0,CS,54.35,,54.35,0,0,0,food
198392ef106169e8,198392ef106169e8,2025-07-23T21:27:13Z,Sysco Order #03964811 - Order Allocated - LARIAT,allocated,Sysco Standard Delivery,03964811,07/23/2025,07/24/2025,7585326,"Bread Sourdough Thick Sliced .75""",6/32 OZ,ROTELLA,2.0,2.0,CS,37.89,,75.78,0,0,0,food
198392ef106169e8,198392ef106169e8,2025-07-23T21:27:13Z,Sysco Order #03964811 - Order Allocated - LARIAT,allocated,Sysco Standard Delivery,03964811,07/23/2025,07/24/2025,7181814,Sausage Chorizo Bulk Raw,2/7 LB,Polidori,2.0,2.0,CS,80.85,,161.7,0,0,0,food
198392ef106169e8,198392ef106169e8,2025-07-23T21:27:13Z,Sysco Order #03964811 - Order Allocated - LARIAT,allocated,Sysco Standard Delivery,03964811,07/23/2025,07/24/2025,4676306,Milk Whole Gallon,4/1 GAL,WHOLESOME FARMS CLASSIC,1.0,1.0,CS,28.25,,28.25,0,0,0,food
198392ef106169e8,198392ef106169e8,2025-07-23T21:27:13Z,Sysco Order #03964811 - Order Allocated - LARIAT,allocated,Sysco Standard Delivery,03964811,07/23/2025,07/24/2025,7210310,Buttermilk Whole Qt,12/1 QT,MEADOW GOLD,1.0,1.0,CS,34.9,,34.9,0,0,0,food
198392ef106169e8,198392ef106169e8,2025-07-23T21:27:13Z,Sysco Order #03964811 - Order Allocated - LARIAT,allocated,Sysco Standard Delivery,03964811,07/23/2025,07/24/2025,3029614,Butter Clarified 4-5#,4/5 LB,WHOLESOME FARMS CLASSIC,1.0,1.0,CS,137.49,,137.49,0,0,0,food
198392ef106169e8,198392ef106169e8,2025-07-23T21:27:13Z,Sysco Order #03964811 - Order Allocated - LARIAT,allocated,Sysco Standard Delivery,03964811,07/23/2025,07/24/2025,2004513,Basil Fresh Herb,1/4 OZ,IMPERIAL FRESH,1.0,1.0,CS,6.95,,6.95,0,0,0,food
198392ef106169e8,198392ef106169e8,2025-07-23T21:27:13Z,Sysco Order #03964811 - Order Allocated - LARIAT,allocated,Sysco Standard Delivery,03964811,07/23/2025,07/24/2025,7218368,Shallot Whole Fresh,1/10 LB,IMPERIAL FRESH,1.0,1.0,CS,30.39,,30.39,0,0,0,food
198392ef106169e8,198392ef106169e8,2025-07-23T21:27:13Z,Sysco Order #03964811 - Order Allocated - LARIAT,allocated,Sysco Standard Delivery,03964811,07/23/2025,07/24/2025,9927799,Pepper Jalapeno Fresh,1/10 LB,IMPERIAL FRESH,1.0,1.0,CS,24.25,,24.25,0,0,0,food
198392ef106169e8,198392ef106169e8,2025-07-23T21:27:13Z,Sysco Order #03964811 - Order Allocated - LARIAT,allocated,Sysco Standard Delivery,03964811,07/23/2025,07/24/2025,1008663,Tomato 2 Layer 5x6 Fresh,1/60 CT,IMPERIAL FRESH,4.0,4.0,CS,29.39,,117.56,0,0,0,food
198392ef106169e8,198392ef106169e8,2025-07-23T21:27:13Z,Sysco Order #03964811 - Order Allocated - LARIAT,allocated,Sysco Standard Delivery,03964811,07/23/2025,07/24/2025,7715420,Cleaner Fryer Boil Out Ready To Use,26/8OZ,KEYSTONE PRODUCTS,1.0,1.0,CS,65.99,,65.99,0,0,0,non_food
198392ef106169e8,198392ef106169e8,2025-07-23T21:27:13Z,Sysco Order #03964811 - Order Allocated - LARIAT,allocated,Sysco Standard Delivery,03964811,07/23/2025,07/24/2025,4566873,Mix Cornbread Homestyle Complete,6/5 LB,KRUSTEAZ,1.0,1.0,CS,79.39,,79.39,0,0,0,food
198392ef106169e8,198392ef106169e8,2025-07-23T21:27:13Z,Sysco Order #03964811 - Order Allocated - LARIAT,allocated,Sysco Standard Delivery,03964811,07/23/2025,07/24/2025,5593702,Sugar Brown Light Cane,12/2LB,SYSCO CLASSIC,1.0,1.0,CS,38.55,,38.55,0,0,0,food
198392ef106169e8,198392ef106169e8,2025-07-23T21:27:13Z,Sysco Order #03964811 - Order Allocated - LARIAT,allocated,Sysco Standard Delivery,03964811,07/23/2025,07/24/2025,8378111,Flour All Purpose Hotel & Restaurant Bleached,1/50LB,SYSCO CLASSIC,1.0,1.0,CS,20.75,,20.75,0,0,0,food
198392ef106169e8,198392ef106169e8,2025-07-23T21:27:13Z,Sysco Order #03964811 - Order Allocated - LARIAT,allocated,Sysco Standard Delivery,03964811,07/23/2025,07/24/2025,7063131,Pickle Chip Bread Butter Refrigerated 500-650 Count,1/2 GAL,BLOCK & BARREL CLASSIC,4.0,4.0,CS,31.69,,126.76,0,0,0,food
198392ef106169e8,198392ef106169e8,2025-07-23T21:27:13Z,Sysco Order #03964811 - Order Allocated - LARIAT,allocated,Sysco Standard Delivery,03964811,07/23/2025,07/24/2025,4113049,Vinegar White Distilled 50 Grain,4/1 GAL,SYSCO CLASSIC,1.0,1.0,CS,25.65,,25.65,0,0,0,food
198392ef106169e8,198392ef106169e8,2025-07-23T21:27:13Z,Sysco Order #03964811 - Order Allocated - LARIAT,allocated,Sysco Standard Delivery,03964811,07/23/2025,07/24/2025,4113056,Vinegar Red Wine 50 Grain,4/1 GAL,SYSCO CLASSIC,1.0,1.0,EA,14.99,,14.99,0,0,0,food
198392ef106169e8,198392ef106169e8,2025-07-23T21:27:13Z,Sysco Order #03964811 - Order Allocated - LARIAT,allocated,Sysco Standard Delivery,03964811,07/23/2025,07/24/2025,4782694,Sugar Granulated Extra Fine Cane,1/50LB,SYSCO CLASSIC,1.0,1.0,CS,45.79,,45.79,0,0,0,food
198392ef106169e8,198392ef106169e8,2025-07-23T21:27:13Z,Sysco Order #03964811 - Order Allocated - LARIAT,allocated,Sysco Standard Delivery,03964811,07/23/2025,07/24/2025,5844220,Bean Black,6/#10,CASA SOLANA CLASSIC,1.0,1.0,CS,39.85,,39.85,0,0,0,food
198392ef106169e8,198392ef106169e8,2025-07-23T21:27:13Z,Sysco Order #03964811 - Order Allocated - LARIAT,allocated,Sysco Standard Delivery,03964811,07/23/2025,07/24/2025,6040760,Salt Kosher Flake Coarse,12/3LB,SYSCO CLASSIC,1.0,1.0,CS,42.75,,42.75,0,0,0,food
198392ef106169e8,198392ef106169e8,2025-07-23T21:27:13Z,Sysco Order #03964811 - Order Allocated - LARIAT,allocated,Sysco Standard Delivery,03964811,07/23/2025,07/24/2025,5424254,Trout Rainbow Whole Boned Pin Bone Out 10 Oz Chl,1/10 LB,PORTICO SIMPLY,1.0,1.0,CS,85.79,,85.79,0,0,0,food
198392ef106169e8,198392ef106169e8,2025-07-23T21:27:13Z,Sysco Order #03964811 - Order Allocated - LARIAT,allocated,Sysco Standard Delivery,03964811,07/23/2025,07/24/2025,6046902,Pork Butt Boneless 1/4 6-9 Pounds Each Fresh,8/6-9#AV,BUTCHERS BLOCK,1.0,1.0,CS,2.459,LB,179.91,0,0,0,food
1984dc230c40b0e0,1984dc230c40b0e0,2025-07-27T21:20:28Z,Sysco Order #03972116 - Order Allocated - LARIAT,allocated,Sysco Standard Delivery,03972116,07/27/2025,07/28/2025,7258790,Spice Asian Yuzu Kosho Green,2/17.6OZ,YAKAMI ORCHARDS,1.0,1.0,CS,58.49,,58.49,0,0,0,food
1984dc230c40b0e0,1984dc230c40b0e0,2025-07-27T21:20:28Z,Sysco Order #03972116 - Order Allocated - LARIAT,allocated,Sysco Standard Delivery,03972116,07/27/2025,07/28/2025,7166122,Pepper Italian Calabrese Chopped,2/33.51Z,CUCINA VIVA,1.0,1.0,CS,50.29,,50.29,0,0,0,food
1984dc230c40b0e0,1984dc230c40b0e0,2025-07-27T21:20:28Z,Sysco Order #03972116 - Order Allocated - LARIAT,allocated,Sysco Standard Delivery,03972116,07/27/2025,07/28/2025,7255866,Seasoning Powder Birria,1/5.2 LB,D'ALLASANDRO,1.0,1.0,CS,112.29,,112.29,0,0,0,food
1984dc230c40b0e0,1984dc230c40b0e0,2025-07-27T21:20:28Z,Sysco Order #03972116 - Order Allocated - LARIAT,allocated,Sysco Standard Delivery,03972116,07/27/2025,07/28/2025,4685621,Glove Nitrile Foodservice Powder Free Black Ex,10/100CT,SYSCO CLASSIC,4.0,4.0,CS,96.69,,386.76,0,0,0,non_food
1984dc230c40b0e0,1984dc230c40b0e0,2025-07-27T21:20:28Z,Sysco Order #03972116 - Order Allocated - LARIAT,allocated,Sysco Standard Delivery,03972116,07/27/2025,07/28/2025,4527903,Towel Roll Complete 360 Natural 8,3/1150FT,SYSCO IMPERIAL,1.0,1.0,CS,50.95,,50.95,0,0,0,non_food
1984dc230c40b0e0,1984dc230c40b0e0,2025-07-27T21:20:28Z,Sysco Order #03972116 - Order Allocated - LARIAT,allocated,Sysco Standard Delivery,03972116,07/27/2025,07/28/2025,6639165,Spice Garlic Granulated,6/26OZ,SYSCO IMPERIAL/MCCORMICK,1.0,1.0,EA,28.59,,28.59,0,0,0,food
1984dc230c40b0e0,1984dc230c40b0e0,2025-07-27T21:20:28Z,Sysco Order #03972116 - Order Allocated - LARIAT,allocated,Sysco Standard Delivery,03972116,07/27/2025,07/28/2025,5228499,Spice Celery Seed Whole,6/1LB,SYSCO IMPERIAL/MCCORMICK,1.0,1.0,EA,13.75,,13.75,0,0,0,food
1984dc230c40b0e0,1984dc230c40b0e0,2025-07-27T21:20:28Z,Sysco Order #03972116 - Order Allocated - LARIAT,allocated,Sysco Standard Delivery,03972116,07/27/2025,07/28/2025,5228465,Spice Celery Salt,6/30OZ,SYSCO IMPERIAL/MCCORMICK,1.0,1.0,EA,10.85,,10.85,0,0,0,food
1984dc230c40b0e0,1984dc230c40b0e0,2025-07-27T21:20:28Z,Sysco Order #03972116 - Order Allocated - LARIAT,allocated,Sysco Standard Delivery,03972116,07/27/2025,07/28/2025,5847011,Oil Olive Pomace,3/1GAL,ARREZZIO CLASSIC,1.0,1.0,CS,95.99,,95.99,0,0,0,food
1984dc230c40b0e0,1984dc230c40b0e0,2025-07-27T21:20:28Z,Sysco Order #03972116 - Order Allocated - LARIAT,allocated,Sysco Standard Delivery,03972116,07/27/2025,07/28/2025,4220580,"Label Roll Shelf Life Dissolvable 2"" X 3""",1/500CT,KEYSTONE PRODUCTS,2.0,2.0,CS,28.59,,57.18,0,0,0,non_food
1984dc230c40b0e0,1984dc230c40b0e0,2025-07-27T21:20:28Z,Sysco Order #03972116 - Order Allocated - LARIAT,allocated,Sysco Standard Delivery,03972116,07/27/2025,07/28/2025,1491552,"Bun Brioche 4.5""",8/10CT,TURANO,2.0,2.0,CS,55.25,,110.5,0,0,0,food
1984dc230c40b0e0,1984dc230c40b0e0,2025-07-27T21:20:28Z,Sysco Order #03972116 - Order Allocated - LARIAT,allocated,Sysco Standard Delivery,03972116,07/27/2025,07/28/2025,0758401,Bun Hamburger Gluten Free Individually Wrapped,24/1EA,UDI’s Healthy Foods,1.0,1.0,CS,44.65,,44.65,0,0,0,food
1984dc230c40b0e0,1984dc230c40b0e0,2025-07-27T21:20:28Z,Sysco Order #03972116 - Order Allocated - LARIAT,allocated,Sysco Standard Delivery,03972116,07/27/2025,07/28/2025,3554615,"Potato Fry 5/16"" Beer Extra Long",6/5 LB,SYSCO IMPERIAL,4.0,4.0,CS,59.49,,237.96,0,0,0,food
1984dc230c40b0e0,1984dc230c40b0e0,2025-07-27T21:20:28Z,Sysco Order #03972116 - Order Allocated - LARIAT,allocated,Sysco Standard Delivery,03972116,07/27/2025,07/28/2025,7075717,Patty Vegetarian Impossible 1/4 Pound Frozen,40/4 OZ,IMPOSSIBLE FOODS,1.0,1.0,CS,113.35,,113.35,0,0,0,food
1984dc230c40b0e0,1984dc230c40b0e0,2025-07-27T21:20:28Z,Sysco Order #03972116 - Order Allocated - LARIAT,allocated,Sysco Standard Delivery,03972116,07/27/2025,07/28/2025,3852940,Beef Ground Chuck Brisket Shortrib Patty,24/7 OZ,BUCKHEAD PRIDE/ NEWPORT PRIDE,5.0,5.0,CS,80.25,,401.25,0,0,0,food
1984dc230c40b0e0,1984dc230c40b0e0,2025-07-27T21:20:28Z,Sysco Order #03972116 - Order Allocated - LARIAT,allocated,Sysco Standard Delivery,03972116,07/27/2025,07/28/2025,8071803,Pangasius Fillet Iqf 7-9 Ounce,1/15 LB,PORTICO IMPERIAL,2.0,2.0,CS,49.59,,99.18,0,0,0,food
1984dc230c40b0e0,1984dc230c40b0e0,2025-07-27T21:20:28Z,Sysco Order #03972116 - Order Allocated - LARIAT,allocated,Sysco Standard Delivery,03972116,07/27/2025,07/28/2025,7121503,Sausage Breakfast Patty 3.5 Ounce Antibiotic Free,42/3.5OZ,Polidori,1.0,1.0,CS,55.75,,55.75,0,0,0,food
1984dc230c40b0e0,1984dc230c40b0e0,2025-07-27T21:20:28Z,Sysco Order #03972116 - Order Allocated - LARIAT,allocated,Sysco Standard Delivery,03972116,07/27/2025,07/28/2025,2369233,Chicken Wing Steamed Precooked Large,2/5LB,SYSCO CLASSIC,3.0,3.0,CS,46.45,,139.35,0,0,0,food
1984dc230c40b0e0,1984dc230c40b0e0,2025-07-27T21:20:28Z,Sysco Order #03972116 - Order Allocated - LARIAT,allocated,Sysco Standard Delivery,03972116,07/27/2025,07/28/2025,5098496,Pork Ham Shank Pig Wing 4 Ounce,2/4.5LB,SYSCO CLASSIC,5.0,5.0,CS,92.55,,462.75,0,0,0,food
1984dc230c40b0e0,1984dc230c40b0e0,2025-07-27T21:20:28Z,Sysco Order #03972116 - Order Allocated - LARIAT,allocated,Sysco Standard Delivery,03972116,07/27/2025,07/28/2025,3777570,Bacon Shingle Center-cut 7-9 Per Pound Honey Gas Flushed,1/15#,DAILYS BACON,6.0,6.0,CS,81.49,,488.94,0,0,0,food
1984dc230c40b0e0,1984dc230c40b0e0,2025-07-27T21:20:28Z,Sysco Order #03972116 - Order Allocated - LARIAT,allocated,Sysco Standard Delivery,03972116,07/27/2025,07/28/2025,6438545,Bacon Layflat Hickory Smoked #2,1/15LB,RANCH & GRILL,1.0,1.0,CS,54.35,,54.35,0,0,0,food
1984dc230c40b0e0,1984dc230c40b0e0,2025-07-27T21:20:28Z,Sysco Order #03972116 - Order Allocated - LARIAT,allocated,Sysco Standard Delivery,03972116,07/27/2025,07/28/2025,7585326,"Bread Sourdough Thick Sliced .75""",6/32 OZ,ROTELLA,2.0,2.0,CS,37.89,,75.78,0,0,0,food
1984dc230c40b0e0,1984dc230c40b0e0,2025-07-27T21:20:28Z,Sysco Order #03972116 - Order Allocated - LARIAT,allocated,Sysco Standard Delivery,03972116,07/27/2025,07/28/2025,7181814,Sausage Chorizo Bulk Raw,2/7 LB,Polidori,2.0,2.0,CS,80.85,,161.7,0,0,0,food
1984dc230c40b0e0,1984dc230c40b0e0,2025-07-27T21:20:28Z,Sysco Order #03972116 - Order Allocated - LARIAT,allocated,Sysco Standard Delivery,03972116,07/27/2025,07/28/2025,6046902,Pork Butt Boneless 1/4 6-9 Pounds Each Fresh,8/6-9#AV,BUTCHERS BLOCK,1.0,1.0,CS,2.399,LB,175.52,0,0,0,food
1984dc230c40b0e0,1984dc230c40b0e0,2025-07-27T21:20:28Z,Sysco Order #03972116 - Order Allocated - LARIAT,allocated,Sysco Standard Delivery,03972116,07/27/2025,07/28/2025,7210310,Buttermilk Whole Qt,12/1 QT,MEADOW GOLD,1.0,1.0,CS,34.9,,34.9,0,0,0,food
1984dc230c40b0e0,1984dc230c40b0e0,2025-07-27T21:20:28Z,Sysco Order #03972116 - Order Allocated - LARIAT,allocated,Sysco Standard Delivery,03972116,07/27/2025,07/28/2025,6935464,Cream Heavy 40% Extended Shelf Life Stabilized,12/32OZ,WHOLESOME FARMS CLASSIC,2.0,2.0,CS,68.2,,136.4,0,0,0,food
1984dc230c40b0e0,1984dc230c40b0e0,2025-07-27T21:20:28Z,Sysco Order #03972116 - Order Allocated - LARIAT,allocated,Sysco Standard Delivery,03972116,07/27/2025,07/28/2025,1675909,Lettuce Greens Leaf Fresh,4/6 CT,SYSCO/FRESHPOINT NATURAL,2.0,2.0,CS,36.25,,72.5,0,0,0,food
1984dc230c40b0e0,1984dc230c40b0e0,2025-07-27T21:20:28Z,Sysco Order #03972116 - Order Allocated - LARIAT,allocated,Sysco Standard Delivery,03972116,07/27/2025,07/28/2025,2004547,Basil Fresh Herb,1/1 LB,IMPERIAL FRESH,1.0,1.0,CS,12.79,,12.79,0,0,0,food
1984dc230c40b0e0,1984dc230c40b0e0,2025-07-27T21:20:28Z,Sysco Order #03972116 - Order Allocated - LARIAT,allocated,Sysco Standard Delivery,03972116,07/27/2025,07/28/2025,7218368,Shallot Whole Fresh,1/10 LB,IMPERIAL FRESH,1.0,1.0,CS,32.65,,32.65,0,0,0,food
1984dc230c40b0e0,1984dc230c40b0e0,2025-07-27T21:20:28Z,Sysco Order #03972116 - Order Allocated - LARIAT,allocated,Sysco Standard Delivery,03972116,07/27/2025,07/28/2025,9927799,Pepper Jalapeno Fresh,1/10 LB,IMPERIAL FRESH,2.0,2.0,CS,24.25,,48.5,0,0,0,food
1984dc230c40b0e0,1984dc230c40b0e0,2025-07-27T21:20:28Z,Sysco Order #03972116 - Order Allocated - LARIAT,allocated,Sysco Standard Delivery,03972116,07/27/2025,07/28/2025,4064978,Mustard Dijon With White Wine In Tin,4/9 LB,SYSCO IMPERIAL,1.0,1.0,CS,131.99,,131.99,0,0,0,food
1984dc230c40b0e0,1984dc230c40b0e0,2025-07-27T21:20:28Z,Sysco Order #03972116 - Order Allocated - LARIAT,allocated,Sysco Standard Delivery,03972116,07/27/2025,07/28/2025,2575926,Cheese American Loaf Special Melting White,6/5 LB,CASA SOLANA IMPERIAL,2.0,2.0,CS,93.65,,187.3,0,0,0,food
1984dc230c40b0e0,1984dc230c40b0e0,2025-07-27T21:20:28Z,Sysco Order #03972116 - Order Allocated - LARIAT,allocated,Sysco Standard Delivery,03972116,07/27/2025,07/28/2025,5134365,Egg Breakfast Blend Scramble Mix Cgfr,15/2 LB,WHOLESOME FARMS IMPERIAL,1.0,1.0,CS,95.85,,95.85,0,0,0,food
1984dc230c40b0e0,1984dc230c40b0e0,2025-07-27T21:20:28Z,Sysco Order #03972116 - Order Allocated - LARIAT,allocated,Sysco Standard Delivery,03972116,07/27/2025,07/28/2025,7182310,Egg Shell Medium White Aa Cage Free,1/15 DZ,WHOLESOME FARMS IMPERIAL,1.0,1.0,CS,53.65,,53.65,0,0,0,food
1984dc230c40b0e0,1984dc230c40b0e0,2025-07-27T21:20:28Z,Sysco Order #03972116 - Order Allocated - LARIAT,allocated,Sysco Standard Delivery,03972116,07/27/2025,07/28/2025,7210106,Onion Red Jumbo Sack,10/5 LB,IMPERIAL FRESH,1.0,1.0,CS,45.79,,45.79,0,0,0,food
1984dc230c40b0e0,1984dc230c40b0e0,2025-07-27T21:20:28Z,Sysco Order #03972116 - Order Allocated - LARIAT,allocated,Sysco Standard Delivery,03972116,07/27/2025,07/28/2025,1094697,Onions White Jumbo Bag,1/50LB,IMPERIAL FRESH,1.0,1.0,CS,27.99,,27.99,0,0,0,food
1984dc230c40b0e0,1984dc230c40b0e0,2025-07-27T21:20:28Z,Sysco Order #03972116 - Order Allocated - LARIAT,allocated,Sysco Standard Delivery,03972116,07/27/2025,07/28/2025,2986487,Carrots Sticks Brick Pack,4/5 LB,IMPERIAL FRESH,2.0,2.0,EA,16.25,,32.5,0,0,0,food
1984dc230c40b0e0,1984dc230c40b0e0,2025-07-27T21:20:28Z,Sysco Order #03972116 - Order Allocated - LARIAT,allocated,Sysco Standard Delivery,03972116,07/27/2025,07/28/2025,1120625,Celery Fresh,1/24 CT,IMPERIAL FRESH,1.0,1.0,CS,37.95,,37.95,0,0,0,food
1984dc230c40b0e0,1984dc230c40b0e0,2025-07-27T21:20:28Z,Sysco Order #03972116 - Order Allocated - LARIAT,allocated,Sysco Standard Delivery,03972116,07/27/2025,07/28/2025,3533643,Tomatillo Whole,6/100 OZ,DEL SOL (CANNED),1.0,1.0,CS,36.45,,36.45,0,0,0,food
1984dc230c40b0e0,1984dc230c40b0e0,2025-07-27T21:20:28Z,Sysco Order #03972116 - Order Allocated - LARIAT,allocated,Sysco Standard Delivery,03972116,07/27/2025,07/28/2025,4685614,Glove Nitrile Foodservice Powder Free Black La,10/100CT,SYSCO CLASSIC,2.0,2.0,CS,96.69,,193.38,0,0,0,non_food
1984dc230c40b0e0,1984dc230c40b0e0,2025-07-27T21:20:28Z,Sysco Order #03972116 - Order Allocated - LARIAT,allocated,Sysco Standard Delivery,03972116,07/27/2025,07/28/2025,8231512,Container Plastic Deli Translucent With Lid,240/32OZ,DELITAINER (NEWSPRING),1.0,1.0,CS,53.49,,53.49,0,0,0,non_food
1984dc230c40b0e0,1984dc230c40b0e0,2025-07-27T21:20:28Z,Sysco Order #03972116 - Order Allocated - LARIAT,allocated,Sysco Standard Delivery,03972116,07/27/2025,07/28/2025,8018838,Container Plastic Deli Translucent With Lid,240/16OZ,DELITAINER (NEWSPRING),1.0,1.0,CS,32.95,,32.95,0,0,0,non_food
1984dc230c40b0e0,1984dc230c40b0e0,2025-07-27T21:20:28Z,Sysco Order #03972116 - Order Allocated - LARIAT,allocated,Sysco Standard Delivery,03972116,07/27/2025,07/28/2025,5229497,Spice Pickling Whole,6/13 OZ,SYSCO IMPERIAL/MCCORMICK,1.0,1.0,EA,14.49,,14.49,0,0,0,food
1984dc230c40b0e0,1984dc230c40b0e0,2025-07-27T21:20:28Z,Sysco Order #03972116 - Order Allocated - LARIAT,allocated,Sysco Standard Delivery,03972116,07/27/2025,07/28/2025,2429926,Pepper Chiles Guajillo Dried,1/5 LB,PACKER,1.0,1.0,CS,54.99,,54.99,0,0,0,food
1984dc230c40b0e0,1984dc230c40b0e0,2025-07-27T21:20:28Z,Sysco Order #03972116 - Order Allocated - LARIAT,allocated,Sysco Standard Delivery,03972116,07/27/2025,07/28/2025,4595138,Cleaner Grill And Panini High Temperature,6/32 OZ,ECOLAB,1.0,1.0,CS,161.89,,161.89,0,0,0,non_food
1984dc230c40b0e0,1984dc230c40b0e0,2025-07-27T21:20:28Z,Sysco Order #03972116 - Order Allocated - LARIAT,allocated,Sysco Standard Delivery,03972116,07/27/2025,07/28/2025,1376805,"Pad Scour Green 6"" X 9"" Antimicrobial",1/20CT,SYSCO SUPPLIES CLASSIC,1.0,1.0,CS,11.95,,11.95,0,0,0,non_food
1984dc230c40b0e0,1984dc230c40b0e0,2025-07-27T21:20:28Z,Sysco Order #03972116 - Order Allocated - LARIAT,allocated,Sysco Standard Delivery,03972116,07/27/2025,07/28/2025,7273951,Liner Basket News Paper Print 12x12,5/1000CT,MCNAIRN PACKING,1.0,1.0,CS,140.45,,140.45,0,0,0,non_food
1984dc230c40b0e0,1984dc230c40b0e0,2025-07-27T21:20:28Z,Sysco Order #03972116 - Order Allocated - LARIAT,allocated,Sysco Standard Delivery,03972116,07/27/2025,07/28/2025,4566873,Mix Cornbread Homestyle Complete,6/5 LB,KRUSTEAZ,1.0,1.0,CS,79.39,,79.39,0,0,0,food
1984dc230c40b0e0,1984dc230c40b0e0,2025-07-27T21:20:28Z,Sysco Order #03972116 - Order Allocated - LARIAT,allocated,Sysco Standard Delivery,03972116,07/27/2025,07/28/2025,8378111,Flour All Purpose Hotel & Restaurant Bleached,1/50LB,SYSCO CLASSIC,1.0,1.0,CS,20.55,,20.55,0,0,0,food
1984dc230c40b0e0,1984dc230c40b0e0,2025-07-27T21:20:28Z,Sysco Order #03972116 - Order Allocated - LARIAT,allocated,Sysco Standard Delivery,03972116,07/27/2025,07/28/2025,5230057,Extract Vanilla Pure,6/32 OZ,SYSCO IMPERIAL/MCCORMICK,1.0,1.0,EA,77.89,,77.89,0,0,0,food
1984dc230c40b0e0,1984dc230c40b0e0,2025-07-27T21:20:28Z,Sysco Order #03972116 - Order Allocated - LARIAT,allocated,Sysco Standard Delivery,03972116,07/27/2025,07/28/2025,1121169,Celery Fresh,1/36CT,IMPERIAL FRESH,1.0,1.0,CS,31.95,,31.95,0,0,0,food
1984dc230c40b0e0,1984dc230c40b0e0,2025-07-27T21:20:28Z,Sysco Order #03972116 - Order Allocated - LARIAT,allocated,Sysco Standard Delivery,03972116,07/27/2025,07/28/2025,1008663,Tomato 2 Layer 5x6 Fresh,1/60 CT,IMPERIAL FRESH,4.0,4.0,CS,29.68,,118.72,0,0,0,food
1984dc230c40b0e0,1984dc230c40b0e0,2025-07-27T21:20:28Z,Sysco Order #03972116 - Order Allocated - LARIAT,allocated,Sysco Standard Delivery,03972116,07/27/2025,07/28/2025,6040760,Salt Kosher Flake Coarse,12/3LB,SYSCO CLASSIC,1.0,1.0,CS,42.75,,42.75,0,0,0,food
1984dc230c40b0e0,1984dc230c40b0e0,2025-07-27T21:20:28Z,Sysco Order #03972116 - Order Allocated - LARIAT,allocated,Sysco Standard Delivery,03972116,07/27/2025,07/28/2025,5424254,Trout Rainbow Whole Boned Pin Bone Out 10 Oz Chl,1/10 LB,PORTICO SIMPLY,1.0,1.0,CS,85.79,,85.79,0,0,0,food
1984dc230c40b0e0,1984dc230c40b0e0,2025-07-27T21:20:28Z,Sysco Order #03972116 - Order Allocated - LARIAT,allocated,Sysco Standard Delivery,03972116,07/27/2025,07/28/2025,1288192,Napkin Beverage 9.5 Inch X 9.5 Inch 2-ply Blac,4/250CT,SYSCO CLASSIC,1.0,1.0,CS,42.55,,42.55,0,0,0,non_food
1984dbbc57437f38,1984dbbc57437f38,2025-07-27T21:13:27Z,Sysco Order Jul 24 2025 01:56 PM  - Order Confirmation - LARIAT,confirmation,Sysco Standard Delivery,13952140,07/27/2025,07/27/2025,7329262,Charger Whipped Cream N2o,1/24 CT,MR BAR-B-Q,2.0,2.0,CS,18.5,,37.0,1,0,0,food
1984dbbc57437f38,1984dbbc57437f38,2025-07-27T21:13:27Z,Sysco Order Jul 24 2025 01:56 PM  - Order Confirmation - LARIAT,confirmation,Sold and Shipped by DON,13952140,07/27/2025,07/27/2025,4685621,Glove Nitrile Foodservice Powder Free Black Ex,10/100CT,SYSCO CLASSIC,4.0,4.0,CS,96.69,,386.76,0,0,0,non_food
19871c5df64d071d,19871c5df64d071d,2025-08-03T21:10:49Z,Sysco Order #03987009 - Order Allocated - LARIAT,allocated,Sysco Standard Delivery,03987009,08/03/2025,08/04/2025,3852940,Beef Ground Chuck Brisket Shortrib Patty,24/7 OZ,BUCKHEAD PRIDE/ NEWPORT PRIDE,4.0,10.0,CS,80.99,,323.96,0,1,0,food
19871c5df64d071d,19871c5df64d071d,2025-08-03T21:10:49Z,Sysco Order #03987009 - Order Allocated - LARIAT,allocated,Sysco Standard Delivery,03987009,08/03/2025,08/04/2025,5934567,Liner Trash 39 Inch X 56 Inch 1.7 Mil Silver,50/55GAL,SYSCO CLASSIC,1.0,1.0,CS,43.89,,43.89,0,0,0,non_food
19871c5df64d071d,19871c5df64d071d,2025-08-03T21:10:49Z,Sysco Order #03987009 - Order Allocated - LARIAT,allocated,Sysco Standard Delivery,03987009,08/03/2025,08/04/2025,4690483,Chip Tortilla Yellow 4 Inches Cut,1/30 LB,LA BANDERITA,1.0,1.0,CS,34.35,,34.35,0,0,0,food
19871c5df64d071d,19871c5df64d071d,2025-08-03T21:10:49Z,Sysco Order #03987009 - Order Allocated - LARIAT,allocated,Sysco Standard Delivery,03987009,08/03/2025,08/04/2025,6562207,Tortilla Corn White 4.5 Inch,6/50 CT,MISSION FOODS,1.0,1.0,CS,21.99,,21.99,0,0,0,food
19871c5df64d071d,19871c5df64d071d,2025-08-03T21:10:49Z,Sysco Order #03987009 - Order Allocated - LARIAT,allocated,Sysco Standard Delivery,03987009,08/03/2025,08/04/2025,8139529,"Tortilla Flour 14""",8/12CT,LA BANDERITA,1.0,1.0,CS,43.89,,43.89,0,0,0,food
19871c5df64d071d,19871c5df64d071d,2025-08-03T21:10:49Z,Sysco Order #03987009 - Order Allocated - LARIAT,allocated,Sysco Standard Delivery,03987009,08/03/2025,08/04/2025,4692174,Tortilla Flour Pressed 6 Inch,12/24CT,LA BANDERITA,1.0,1.0,CS,28.55,,28.55,0,0,0,food
19871c5df64d071d,19871c5df64d071d,2025-08-03T21:10:49Z,Sysco Order #03987009 - Order Allocated - LARIAT,allocated,Sysco Standard Delivery,03987009,08/03/2025,08/04/2025,5661467,Spice Pepper Black Shaker Ground,3/5 LB,SYSCO IMPERIAL/MCCORMICK,1.0,1.0,EA,100.79,,100.79,0,0,0,food
19871c5df64d071d,19871c5df64d071d,2025-08-03T21:10:49Z,Sysco Order #03987009 - Order Allocated - LARIAT,allocated,Sysco Standard Delivery,03987009,08/03/2025,08/04/2025,5229281,Spice Pepper Black Coarse Ground,3/5LB,SYSCO IMPERIAL/MCCORMICK,1.0,1.0,EA,101.95,,101.95,0,0,0,food
19871c5df64d071d,19871c5df64d071d,2025-08-03T21:10:49Z,Sysco Order #03987009 - Order Allocated - LARIAT,allocated,Sysco Standard Delivery,03987009,08/03/2025,08/04/2025,6639165,Spice Garlic Granulated,6/26OZ,SYSCO IMPERIAL/MCCORMICK,1.0,1.0,CS,154.89,,154.89,0,0,0,food
19871c5df64d071d,19871c5df64d071d,2025-08-03T21:10:49Z,Sysco Order #03987009 - Order Allocated - LARIAT,allocated,Sysco Standard Delivery,03987009,08/03/2025,08/04/2025,5265465,Spice Garlic Powder,3/6LB,SYSCO IMPERIAL/MCCORMICK,1.0,1.0,EA,75.85,,75.85,0,0,0,food
19871c5df64d071d,19871c5df64d071d,2025-08-03T21:10:49Z,Sysco Order #03987009 - Order Allocated - LARIAT,allocated,Sysco Standard Delivery,03987009,08/03/2025,08/04/2025,5229117,Spice Onion Powder,3/5.5LB,SYSCO IMPERIAL/MCCORMICK,1.0,1.0,EA,54.75,,54.75,0,0,0,food
19871c5df64d071d,19871c5df64d071d,2025-08-03T21:10:49Z,Sysco Order #03987009 - Order Allocated - LARIAT,allocated,Sysco Standard Delivery,03987009,08/03/2025,08/04/2025,5236690,Spice Paprika Domestic Ground,3/4.5LB,SYSCO CLASSIC,1.0,1.0,EA,26.29,,26.29,0,0,0,food
19871c5df64d071d,19871c5df64d071d,2025-08-03T21:10:49Z,Sysco Order #03987009 - Order Allocated - LARIAT,allocated,Sysco Standard Delivery,03987009,08/03/2025,08/04/2025,5229406,Spice Pepper Cayenne Ground,3/4.5LB,SYSCO IMPERIAL/MCCORMICK,1.0,1.0,EA,57.45,,57.45,0,0,0,food
19871c5df64d071d,19871c5df64d071d,2025-08-03T21:10:49Z,Sysco Order #03987009 - Order Allocated - LARIAT,allocated,Sysco Standard Delivery,03987009,08/03/2025,08/04/2025,5913439,Spice Cumin Ground,3/4.5 LB,SYSCO IMPERIAL/MCCORMICK,1.0,1.0,EA,68.45,,68.45,0,0,0,food
19871c5df64d071d,19871c5df64d071d,2025-08-03T21:10:49Z,Sysco Order #03987009 - Order Allocated - LARIAT,allocated,Sysco Standard Delivery,03987009,08/03/2025,08/04/2025,5228465,Spice Celery Salt,6/30OZ,SYSCO IMPERIAL/MCCORMICK,1.0,1.0,EA,10.85,,10.85,0,0,0,food
19871c5df64d071d,19871c5df64d071d,2025-08-03T21:10:49Z,Sysco Order #03987009 - Order Allocated - LARIAT,allocated,Sysco Standard Delivery,03987009,08/03/2025,08/04/2025,5228499,Spice Celery Seed Whole,6/1LB,SYSCO IMPERIAL/MCCORMICK,1.0,1.0,EA,13.75,,13.75,0,0,0,food
19871c5df64d071d,19871c5df64d071d,2025-08-03T21:10:49Z,Sysco Order #03987009 - Order Allocated - LARIAT,allocated,Sysco Standard Delivery,03987009,08/03/2025,08/04/2025,5913454,Spice Pepper Red Crushed,3/3.25LB,SYSCO IMPERIAL/MCCORMICK,1.0,1.0,EA,46.35,,46.35,0,0,0,food
19871c5df64d071d,19871c5df64d071d,2025-08-03T21:10:49Z,Sysco Order #03987009 - Order Allocated - LARIAT,allocated,Sysco Standard Delivery,03987009,08/03/2025,08/04/2025,5228549,Spice Chili Powder Dark,3/5.5 LB,SYSCO IMPERIAL/MCCORMICK,1.0,1.0,EA,57.79,,57.79,0,0,0,food
19871c5df64d071d,19871c5df64d071d,2025-08-03T21:10:49Z,Sysco Order #03987009 - Order Allocated - LARIAT,allocated,Sysco Standard Delivery,03987009,08/03/2025,08/04/2025,5847011,Oil Olive Pomace,3/1GAL,ARREZZIO CLASSIC,1.0,1.0,CS,95.99,,95.99,0,0,0,food
19871c5df64d071d,19871c5df64d071d,2025-08-03T21:10:49Z,Sysco Order #03987009 - Order Allocated - LARIAT,allocated,Sysco Standard Delivery,03987009,08/03/2025,08/04/2025,8516029,"Potato Sweet Julienne .188""",5/3 LB,LAMB WESTON,4.0,4.0,CS,49.95,,199.8,0,0,0,food
19871c5df64d071d,19871c5df64d071d,2025-08-03T21:10:49Z,Sysco Order #03987009 - Order Allocated - LARIAT,allocated,Sysco Standard Delivery,03987009,08/03/2025,08/04/2025,1491552,"Bun Brioche 4.5""",8/10CT,TURANO,2.0,2.0,CS,55.25,,110.5,0,0,0,food
19871c5df64d071d,19871c5df64d071d,2025-08-03T21:10:49Z,Sysco Order #03987009 - Order Allocated - LARIAT,allocated,Sysco Standard Delivery,03987009,08/03/2025,08/04/2025,0226060,Churro Mexican Mini 2 Inch,1/500 CT,HOLA CHURRO,1.0,1.0,CS,74.35,,74.35,0,0,0,food
19871c5df64d071d,19871c5df64d071d,2025-08-03T21:10:49Z,Sysco Order #03987009 - Order Allocated - LARIAT,allocated,Sysco Standard Delivery,03987009,08/03/2025,08/04/2025,7075717,Patty Vegetarian Impossible 1/4 Pound Frozen,40/4 OZ,IMPOSSIBLE FOODS,1.0,1.0,CS,113.35,,113.35,0,0,0,food
19871c5df64d071d,19871c5df64d071d,2025-08-03T21:10:49Z,Sysco Order #03987009 - Order Allocated - LARIAT,allocated,Sysco Standard Delivery,03987009,08/03/2025,08/04/2025,4011110,Pudding Banana Zero Trans Fat,6/#10,SYSCO CLASSIC,1.0,1.0,CS,64.95,,64.95,0,0,0,food
19871c5df64d071d,19871c5df64d071d,2025-08-03T21:10:49Z,Sysco Order #03987009 - Order Allocated - LARIAT,allocated,Sysco Standard Delivery,03987009,08/03/2025,08/04/2025,7005009,Chile Green Hatch Diced Mild,5/5LB,YOUNG GUNS PRODUCE,1.0,1.0,CS,50.95,,50.95,0,0,0,food
19871c5df64d071d,19871c5df64d071d,2025-08-03T21:10:49Z,Sysco Order #03987009 - Order Allocated - LARIAT,allocated,Sysco Standard Delivery,03987009,08/03/2025,08/04/2025,1400464,Chicken Tenders Breaded Golden Flat Large,2/5 LB,SYSCO CLASSIC,2.0,2.0,CS,52.99,,105.98,0,0,0,food
19871c5df64d071d,19871c5df64d071d,2025-08-03T21:10:49Z,Sysco Order #03987009 - Order Allocated - LARIAT,allocated,Sysco Standard Delivery,03987009,08/03/2025,08/04/2025,8071803,Pangasius Fillet Iqf 7-9 Ounce,1/15 LB,PORTICO IMPERIAL,4.0,4.0,CS,49.59,,198.36,0,0,0,food
19871c5df64d071d,19871c5df64d071d,2025-08-03T21:10:49Z,Sysco Order #03987009 - Order Allocated - LARIAT,allocated,Sysco Standard Delivery,03987009,08/03/2025,08/04/2025,2369233,Chicken Wing Steamed Precooked Large,2/5LB,SYSCO CLASSIC,10.0,10.0,CS,44.13,,441.3,0,0,0,food
19871c5df64d071d,19871c5df64d071d,2025-08-03T21:10:49Z,Sysco Order #03987009 - Order Allocated - LARIAT,allocated,Sysco Standard Delivery,03987009,08/03/2025,08/04/2025,5098496,Pork Ham Shank Pig Wing 4 Ounce,2/4.5LB,SYSCO CLASSIC,4.0,4.0,CS,92.55,,370.2,0,0,0,food
19871c5df64d071d,19871c5df64d071d,2025-08-03T21:10:49Z,Sysco Order #03987009 - Order Allocated - LARIAT,allocated,Sysco Standard Delivery,03987009,08/03/2025,08/04/2025,4129336,Dip Cheese Craft Beer,4/5 LB,SYSCO CLASSIC,1.0,1.0,CS,72.95,,72.95,0,0,0,food
19871c5df64d071d,19871c5df64d071d,2025-08-03T21:10:49Z,Sysco Order #03987009 - Order Allocated - LARIAT,allocated,Sysco Standard Delivery,03987009,08/03/2025,08/04/2025,7235243,Chicken Breast Cutlet 5 Ounce,4/5 LB,RED BIRD INC (POULTRY),3.0,3.0,CS,5.899,LB,365.89,0,0,0,food
19871c5df64d071d,19871c5df64d071d,2025-08-03T21:10:49Z,Sysco Order #03987009 - Order Allocated - LARIAT,allocated,Sysco Standard Delivery,03987009,08/03/2025,08/04/2025,3777570,Bacon Shingle Center-cut 7-9 Per Pound Honey Gas Flushed,1/15#,DAILYS BACON,6.0,6.0,CS,82.29,,493.74,0,0,0,food
19871c5df64d071d,19871c5df64d071d,2025-08-03T21:10:49Z,Sysco Order #03987009 - Order Allocated - LARIAT,allocated,Sysco Standard Delivery,03987009,08/03/2025,08/04/2025,6438545,Bacon Layflat Hickory Smoked #2,1/15LB,RANCH & GRILL,1.0,1.0,CS,54.35,,54.35,0,0,0,food
19871c5df64d071d,19871c5df64d071d,2025-08-03T21:10:49Z,Sysco Order #03987009 - Order Allocated - LARIAT,allocated,Sysco Standard Delivery,03987009,08/03/2025,08/04/2025,7585326,"Bread Sourdough Thick Sliced .75""",6/32 OZ,ROTELLA,3.0,3.0,CS,37.89,,113.67,0,0,0,food
19871c5df64d071d,19871c5df64d071d,2025-08-03T21:10:49Z,Sysco Order #03987009 - Order Allocated - LARIAT,allocated,Sysco Standard Delivery,03987009,08/03/2025,08/04/2025,7181814,Sausage Chorizo Bulk Raw,2/7 LB,Polidori,2.0,2.0,CS,80.85,,161.7,0,0,0,food
19871c5df64d071d,19871c5df64d071d,2025-08-03T21:10:49Z,Sysco Order #03987009 - Order Allocated - LARIAT,allocated,Sysco Standard Delivery,03987009,08/03/2025,08/04/2025,6046902,Pork Butt Boneless 1/4 6-9 Pounds Each Fresh,8/6-9#AV,BUTCHERS BLOCK,1.0,1.0,CS,2.359,LB,168.88,0,0,0,food
19871c5df64d071d,19871c5df64d071d,2025-08-03T21:10:49Z,Sysco Order #03987009 - Order Allocated - LARIAT,allocated,Sysco Standard Delivery,03987009,08/03/2025,08/04/2025,7210310,Buttermilk Whole Qt,12/1 QT,MEADOW GOLD,1.0,1.0,CS,34.9,,34.9,0,0,0,food
19871c5df64d071d,19871c5df64d071d,2025-08-03T21:10:49Z,Sysco Order #03987009 - Order Allocated - LARIAT,allocated,Sysco Standard Delivery,03987009,08/03/2025,08/04/2025,6935464,Cream Heavy 40% Extended Shelf Life Stabilized,12/32OZ,WHOLESOME FARMS CLASSIC,1.0,1.0,CS,68.2,,68.2,0,0,0,food
19871c5df64d071d,19871c5df64d071d,2025-08-03T21:10:49Z,Sysco Order #03987009 - Order Allocated - LARIAT,allocated,Sysco Standard Delivery,03987009,08/03/2025,08/04/2025,9927799,Pepper Jalapeno Fresh,1/10 LB,IMPERIAL FRESH,1.0,1.0,CS,21.65,,21.65,0,0,0,food
19871c5df64d071d,19871c5df64d071d,2025-08-03T21:10:49Z,Sysco Order #03987009 - Order Allocated - LARIAT,allocated,Sysco Standard Delivery,03987009,08/03/2025,08/04/2025,2575926,Cheese American Loaf Special Melting White,6/5 LB,CASA SOLANA IMPERIAL,2.0,2.0,CS,91.65,,183.3,0,0,0,food
19871c5df64d071d,19871c5df64d071d,2025-08-03T21:10:49Z,Sysco Order #03987009 - Order Allocated - LARIAT,allocated,Sysco Standard Delivery,03987009,08/03/2025,08/04/2025,0671677,Cheese Blue Crumbles,2/5 LB,SYSCO IMPERIAL,1.0,1.0,CS,38.36,,38.36,0,0,0,food
19871c5df64d071d,19871c5df64d071d,2025-08-03T21:10:49Z,Sysco Order #03987009 - Order Allocated - LARIAT,allocated,Sysco Standard Delivery,03987009,08/03/2025,08/04/2025,1552272,Cheese Mozzarella Fresh Cryovac Log,8/1 LB,ARREZZIO IMPERIAL,1.0,1.0,CS,38.99,,38.99,0,0,0,food
19871c5df64d071d,19871c5df64d071d,2025-08-03T21:10:49Z,Sysco Order #03987009 - Order Allocated - LARIAT,allocated,Sysco Standard Delivery,03987009,08/03/2025,08/04/2025,1007350,Avocado Hass Breaking Fresh,1/48 CT,PROPACK,1.0,1.0,CS,51.85,,51.85,0,0,0,food
19871c5df64d071d,19871c5df64d071d,2025-08-03T21:10:49Z,Sysco Order #03987009 - Order Allocated - LARIAT,allocated,Sysco Standard Delivery,03987009,08/03/2025,08/04/2025,7134591,Cucumber English Medium Seedless 12 Count,1/12CT,IMPERIAL FRESH,1.0,1.0,CS,18.75,,18.75,0,0,0,food
19871c5df64d071d,19871c5df64d071d,2025-08-03T21:10:49Z,Sysco Order #03987009 - Order Allocated - LARIAT,allocated,Sysco Standard Delivery,03987009,08/03/2025,08/04/2025,1008663,Tomato 2 Layer 5x6 Fresh,1/60 CT,IMPERIAL FRESH,5.0,5.0,CS,29.08,,145.4,0,0,0,food
19871c5df64d071d,19871c5df64d071d,2025-08-03T21:10:49Z,Sysco Order #03987009 - Order Allocated - LARIAT,allocated,Sysco Standard Delivery,03987009,08/03/2025,08/04/2025,7210106,Onion Red Jumbo Sack,10/5 LB,IMPERIAL FRESH,1.0,1.0,CS,45.79,,45.79,0,0,0,food
19871c5df64d071d,19871c5df64d071d,2025-08-03T21:10:49Z,Sysco Order #03987009 - Order Allocated - LARIAT,allocated,Sysco Standard Delivery,03987009,08/03/2025,08/04/2025,1094697,Onions White Jumbo Bag,1/50LB,IMPERIAL FRESH,1.0,1.0,CS,27.99,,27.99,0,0,0,food
19871c5df64d071d,19871c5df64d071d,2025-08-03T21:10:49Z,Sysco Order #03987009 - Order Allocated - LARIAT,allocated,Sysco Standard Delivery,03987009,08/03/2025,08/04/2025,9123399,Tomatillo Crushed,6/#10,DEL SOL (CANNED),2.0,2.0,CS,40.85,,81.7,0,0,0,food
19871c5df64d071d,19871c5df64d071d,2025-08-03T21:10:49Z,Sysco Order #03987009 - Order Allocated - LARIAT,allocated,Sysco Standard Delivery,03987009,08/03/2025,08/04/2025,4685614,Glove Nitrile Foodservice Powder Free Black La,10/100CT,SYSCO CLASSIC,1.0,1.0,CS,96.69,,96.69,0,0,0,non_food
19871c5df64d071d,19871c5df64d071d,2025-08-03T21:10:49Z,Sysco Order #03987009 - Order Allocated - LARIAT,allocated,Sysco Standard Delivery,03987009,08/03/2025,08/04/2025,4685621,Glove Nitrile Foodservice Powder Free Black Ex,10/100CT,SYSCO CLASSIC,1.0,1.0,CS,96.69,,96.69,0,0,0,non_food
19871c5df64d071d,19871c5df64d071d,2025-08-03T21:10:49Z,Sysco Order #03987009 - Order Allocated - LARIAT,allocated,Sysco Standard Delivery,03987009,08/03/2025,08/04/2025,8231512,Container Plastic Deli Translucent With Lid,240/32OZ,DELITAINER (NEWSPRING),1.0,1.0,CS,53.49,,53.49,0,0,0,non_food
19871c5df64d071d,19871c5df64d071d,2025-08-03T21:10:49Z,Sysco Order #03987009 - Order Allocated - LARIAT,allocated,Sysco Standard Delivery,03987009,08/03/2025,08/04/2025,4595138,Cleaner Grill And Panini High Temperature,6/32 OZ,ECOLAB,1.0,1.0,CS,161.89,,161.89,0,0,0,non_food
19871c5df64d071d,19871c5df64d071d,2025-08-03T21:10:49Z,Sysco Order #03987009 - Order Allocated - LARIAT,allocated,Sysco Standard Delivery,03987009,08/03/2025,08/04/2025,1376805,"Pad Scour Green 6"" X 9"" Antimicrobial",1/20CT,SYSCO SUPPLIES CLASSIC,1.0,1.0,CS,11.95,,11.95,0,0,0,non_food
19871c5df64d071d,19871c5df64d071d,2025-08-03T21:10:49Z,Sysco Order #03987009 - Order Allocated - LARIAT,allocated,Sysco Standard Delivery,03987009,08/03/2025,08/04/2025,5793831,Pad Scrub Stainless Steel 35 Gram 1.25 Ounce,6/12CT,SYSCO SUPPLIES CLASSIC,1.0,1.0,CS,57.95,,57.95,0,0,0,non_food
19871c5df64d071d,19871c5df64d071d,2025-08-03T21:10:49Z,Sysco Order #03987009 - Order Allocated - LARIAT,allocated,Sysco Standard Delivery,03987009,08/03/2025,08/04/2025,5229497,Spice Pickling Whole,6/13 OZ,SYSCO IMPERIAL/MCCORMICK,1.0,1.0,EA,14.49,,14.49,0,0,0,food
19871c5df64d071d,19871c5df64d071d,2025-08-03T21:10:49Z,Sysco Order #03987009 - Order Allocated - LARIAT,allocated,Sysco Standard Delivery,03987009,08/03/2025,08/04/2025,4566873,Mix Cornbread Homestyle Complete,6/5 LB,KRUSTEAZ,1.0,1.0,CS,79.39,,79.39,0,0,0,food
19871c5df64d071d,19871c5df64d071d,2025-08-03T21:10:49Z,Sysco Order #03987009 - Order Allocated - LARIAT,allocated,Sysco Standard Delivery,03987009,08/03/2025,08/04/2025,8378111,Flour All Purpose Hotel & Restaurant Bleached,1/50LB,SYSCO CLASSIC,1.0,1.0,CS,20.55,,20.55,0,0,0,food
19871c5df64d071d,19871c5df64d071d,2025-08-03T21:10:49Z,Sysco Order #03987009 - Order Allocated - LARIAT,allocated,Sysco Standard Delivery,03987009,08/03/2025,08/04/2025,4782694,Sugar Granulated Extra Fine Cane,1/50LB,SYSCO CLASSIC,1.0,1.0,CS,43.95,,43.95,0,0,0,food
19871c5df64d071d,19871c5df64d071d,2025-08-03T21:10:49Z,Sysco Order #03987009 - Order Allocated - LARIAT,allocated,Sysco Standard Delivery,03987009,08/03/2025,08/04/2025,6040885,Pasta Cavatappi 100% Durum Wheat Semolina,2/10 LB,PASTA LABELLA,2.0,2.0,CS,29.99,,59.98,0,0,0,food
19871c5df64d071d,19871c5df64d071d,2025-08-03T21:10:49Z,Sysco Order #03987009 - Order Allocated - LARIAT,allocated,Sysco Standard Delivery,03987009,08/03/2025,08/04/2025,7221968,Pumpkin Seed Pepitas Raw,1/5LB,SYSCO CLASSIC,1.0,1.0,CS,61.55,,61.55,0,0,0,food
19871c5df64d071d,19871c5df64d071d,2025-08-03T21:10:49Z,Sysco Order #03987009 - Order Allocated - LARIAT,allocated,Sysco Standard Delivery,03987009,08/03/2025,08/04/2025,5097597,Tea Iced Brew Black Filter Pack 3 Ounce,32/3OZ,CITAVO IMPERIAL,1.0,1.0,CS,38.99,,38.99,0,0,0,beverage
19871c5df64d071d,19871c5df64d071d,2025-08-03T21:10:49Z,Sysco Order #03987009 - Order Allocated - LARIAT,allocated,Sysco Standard Delivery,03987009,08/03/2025,08/04/2025,5844220,Bean Black,6/#10,CASA SOLANA CLASSIC,2.0,2.0,CS,39.85,,79.7,0,0,0,food
19881283545d4c9c,19881283545d4c9c,2025-08-06T20:52:32Z,Sysco Order #03994786 - Order Allocated - LARIAT,allocated,Sysco Standard Delivery,03994786,08/06/2025,08/07/2025,3554615,"Potato Fry 5/16"" Beer Extra Long",6/5 LB,SYSCO IMPERIAL,6.0,6.0,CS,59.49,,356.94,0,0,0,food
19881283545d4c9c,19881283545d4c9c,2025-08-06T20:52:32Z,Sysco Order #03994786 - Order Allocated - LARIAT,allocated,Sysco Standard Delivery,03994786,08/06/2025,08/07/2025,5424254,Trout Rainbow Whole Boned Pin Bone Out 10 Oz Chl,1/10 LB,PORTICO SIMPLY,1.0,1.0,CS,85.79,,85.79,0,0,0,food
19881283545d4c9c,19881283545d4c9c,2025-08-06T20:52:32Z,Sysco Order #03994786 - Order Allocated - LARIAT,allocated,Sysco Standard Delivery,03994786,08/06/2025,08/07/2025,7814881,Cheese Cheddar Sharp Slice White,4/2.5 LB,ALP&DELL,1.0,1.0,CS,49.65,,49.65,0,0,0,food
19881283545d4c9c,19881283545d4c9c,2025-08-06T20:52:32Z,Sysco Order #03994786 - Order Allocated - LARIAT,allocated,Sysco Standard Delivery,03994786,08/06/2025,08/07/2025,7380755,Chicken Leg Whole Raw Frozen,4/5#AVG,RED BIRD INC (POULTRY),2.0,2.0,CS,1.919,LB,72.92,0,0,0,food
19881283545d4c9c,19881283545d4c9c,2025-08-06T20:52:32Z,Sysco Order #03994786 - Order Allocated - LARIAT,allocated,Sysco Standard Delivery,03994786,08/06/2025,08/07/2025,7644909,Fry On Shortening Frying Liquid,1/35 LB,SYSCO IMPERIAL,3.0,3.0,CS,65.25,,195.75,0,0,0,food
19895c822ea853c9,19895c822ea853c9,2025-08-10T20:59:37Z,Sysco Order #04002527 - Order Allocated - LARIAT,allocated,Sysco Standard Delivery,04002527,08/10/2025,08/11/2025,9714478,Potato Cubed Redstone,6/5 LB,MCCAIN,1.0,1.0,CS,58.54,,58.54,0,0,0,food
19895c822ea853c9,19895c822ea853c9,2025-08-10T20:59:37Z,Sysco Order #04002527 - Order Allocated - LARIAT,allocated,Sysco Standard Delivery,04002527,08/10/2025,08/11/2025,6562207,Tortilla Corn White 4.5 Inch,6/50 CT,MISSION FOODS,1.0,1.0,CS,21.99,,21.99,0,0,0,food
19895c822ea853c9,19895c822ea853c9,2025-08-10T20:59:37Z,Sysco Order #04002527 - Order Allocated - LARIAT,allocated,Sysco Standard Delivery,04002527,08/10/2025,08/11/2025,4692174,Tortilla Flour Pressed 6 Inch,12/24CT,LA BANDERITA,1.0,1.0,CS,28.55,,28.55,0,0,0,food
19895c822ea853c9,19895c822ea853c9,2025-08-10T20:59:37Z,Sysco Order #04002527 - Order Allocated - LARIAT,allocated,Sysco Standard Delivery,04002527,08/10/2025,08/11/2025,5661467,Spice Pepper Black Shaker Ground,3/5 LB,SYSCO IMPERIAL/MCCORMICK,1.0,1.0,EA,100.79,,100.79,0,0,0,food
19895c822ea853c9,19895c822ea853c9,2025-08-10T20:59:37Z,Sysco Order #04002527 - Order Allocated - LARIAT,allocated,Sysco Standard Delivery,04002527,08/10/2025,08/11/2025,5265465,Spice Garlic Powder,3/6LB,SYSCO IMPERIAL/MCCORMICK,1.0,1.0,EA,75.85,,75.85,0,0,0,food
19895c822ea853c9,19895c822ea853c9,2025-08-10T20:59:37Z,Sysco Order #04002527 - Order Allocated - LARIAT,allocated,Sysco Standard Delivery,04002527,08/10/2025,08/11/2025,5228549,Spice Chili Powder Dark,3/5.5 LB,SYSCO IMPERIAL/MCCORMICK,1.0,1.0,EA,57.79,,57.79,0,0,0,food
19895c822ea853c9,19895c822ea853c9,2025-08-10T20:59:37Z,Sysco Order #04002527 - Order Allocated - LARIAT,allocated,Sysco Standard Delivery,04002527,08/10/2025,08/11/2025,5847011,Oil Olive Pomace,3/1GAL,ARREZZIO CLASSIC,1.0,1.0,CS,95.99,,95.99,0,0,0,food
19895c822ea853c9,19895c822ea853c9,2025-08-10T20:59:37Z,Sysco Order #04002527 - Order Allocated - LARIAT,allocated,Sysco Standard Delivery,04002527,08/10/2025,08/11/2025,7005009,Chile Green Hatch Diced Mild,5/5LB,YOUNG GUNS PRODUCE,2.0,2.0,CS,50.95,,101.9,0,0,0,food
19895c822ea853c9,19895c822ea853c9,2025-08-10T20:59:37Z,Sysco Order #04002527 - Order Allocated - LARIAT,allocated,Sysco Standard Delivery,04002527,08/10/2025,08/11/2025,3554615,"Potato Fry 5/16"" Beer Extra Long",6/5 LB,SYSCO IMPERIAL,4.0,4.0,CS,59.49,,237.96,0,0,0,food
19895c822ea853c9,19895c822ea853c9,2025-08-10T20:59:37Z,Sysco Order #04002527 - Order Allocated - LARIAT,allocated,Sysco Standard Delivery,04002527,08/10/2025,08/11/2025,1400464,Chicken Tenders Breaded Golden Flat Large,2/5 LB,SYSCO CLASSIC,3.0,3.0,CS,52.99,,158.97,0,0,0,food
19895c822ea853c9,19895c822ea853c9,2025-08-10T20:59:37Z,Sysco Order #04002527 - Order Allocated - LARIAT,allocated,Sysco Standard Delivery,04002527,08/10/2025,08/11/2025,3852940,Beef Ground Chuck Brisket Shortrib Patty,24/7 OZ,BUCKHEAD PRIDE/ NEWPORT PRIDE,8.0,8.0,CS,82.49,,659.92,0,0,0,food
19895c822ea853c9,19895c822ea853c9,2025-08-10T20:59:37Z,Sysco Order #04002527 - Order Allocated - LARIAT,allocated,Sysco Standard Delivery,04002527,08/10/2025,08/11/2025,8071803,Pangasius Fillet Iqf 7-9 Ounce,1/15 LB,PORTICO IMPERIAL,1.0,1.0,CS,49.59,,49.59,0,0,0,food
19895c822ea853c9,19895c822ea853c9,2025-08-10T20:59:37Z,Sysco Order #04002527 - Order Allocated - LARIAT,allocated,Sysco Standard Delivery,04002527,08/10/2025,08/11/2025,2369233,Chicken Wing Steamed Precooked Large,2/5LB,SYSCO CLASSIC,5.0,5.0,CS,49.95,,249.75,0,0,0,food
19895c822ea853c9,19895c822ea853c9,2025-08-10T20:59:37Z,Sysco Order #04002527 - Order Allocated - LARIAT,allocated,Sysco Standard Delivery,04002527,08/10/2025,08/11/2025,9702150,Pretzel Soft Bavarian 7 Oz,10/4 PK,TEXAS TWIST,1.0,1.0,CS,74.45,,74.45,0,0,0,food
19895c822ea853c9,19895c822ea853c9,2025-08-10T20:59:37Z,Sysco Order #04002527 - Order Allocated - LARIAT,allocated,Sysco Standard Delivery,04002527,08/10/2025,08/11/2025,7235243,Chicken Breast Cutlet 5 Ounce,4/5 LB,RED BIRD INC (POULTRY),3.0,3.0,CS,5.899,LB,360.59,0,0,0,food
19895c822ea853c9,19895c822ea853c9,2025-08-10T20:59:37Z,Sysco Order #04002527 - Order Allocated - LARIAT,allocated,Sysco Standard Delivery,04002527,08/10/2025,08/11/2025,3777570,Bacon Shingle Center-cut 7-9 Per Pound Honey Gas Flushed,1/15#,DAILYS BACON,7.0,7.0,CS,82.75,,579.25,0,0,0,food
19895c822ea853c9,19895c822ea853c9,2025-08-10T20:59:37Z,Sysco Order #04002527 - Order Allocated - LARIAT,allocated,Sysco Standard Delivery,04002527,08/10/2025,08/11/2025,7585326,"Bread Sourdough Thick Sliced .75""",6/32 OZ,ROTELLA,1.0,1.0,CS,37.89,,37.89,0,0,0,food
19895c822ea853c9,19895c822ea853c9,2025-08-10T20:59:37Z,Sysco Order #04002527 - Order Allocated - LARIAT,allocated,Sysco Standard Delivery,04002527,08/10/2025,08/11/2025,6046902,Pork Butt Boneless 1/4 6-9 Pounds Each Fresh,8/6-9#AV,BUTCHERS BLOCK,1.0,1.0,CS,2.359,LB,163.36,0,0,0,food
19895c822ea853c9,19895c822ea853c9,2025-08-10T20:59:37Z,Sysco Order #04002527 - Order Allocated - LARIAT,allocated,Sysco Standard Delivery,04002527,08/10/2025,08/11/2025,7210310,Buttermilk Whole Qt,12/1 QT,MEADOW GOLD,1.0,1.0,CS,34.9,,34.9,0,0,0,food
19895c822ea853c9,19895c822ea853c9,2025-08-10T20:59:37Z,Sysco Order #04002527 - Order Allocated - LARIAT,allocated,Sysco Standard Delivery,04002527,08/10/2025,08/11/2025,3030117,Butter Solid Unsalted 83% Minimum Butterfat European,36/1 LB,WHOLESOME FARMS IMPERIAL,1.0,1.0,CS,170.89,,170.89,0,0,0,food
19895c822ea853c9,19895c822ea853c9,2025-08-10T20:59:37Z,Sysco Order #04002527 - Order Allocated - LARIAT,allocated,Sysco Standard Delivery,04002527,08/10/2025,08/11/2025,1675701,Cabbage Green Shredded Fresh In Bag,4/5 LB,IMPERIAL FRESH,1.0,1.0,CS,23.85,,23.85,0,0,0,food
19895c822ea853c9,19895c822ea853c9,2025-08-10T20:59:37Z,Sysco Order #04002527 - Order Allocated - LARIAT,allocated,Sysco Standard Delivery,04002527,08/10/2025,08/11/2025,1675719,Cabbage Red Shredded Fresh,4/5 LB,IMPERIAL FRESH,1.0,1.0,CS,45.95,,45.95,0,0,0,food
19895c822ea853c9,19895c822ea853c9,2025-08-10T20:59:37Z,Sysco Order #04002527 - Order Allocated - LARIAT,allocated,Sysco Standard Delivery,04002527,08/10/2025,08/11/2025,1185156,Pepper Jalapeno Fresh,1/5 LB,IMPERIAL FRESH,1.0,1.0,CS,12.65,,12.65,0,0,0,food
19895c822ea853c9,19895c822ea853c9,2025-08-10T20:59:37Z,Sysco Order #04002527 - Order Allocated - LARIAT,allocated,Sysco Standard Delivery,04002527,08/10/2025,08/11/2025,7182310,Egg Shell Medium White Aa Cage Free,1/15 DZ,WHOLESOME FARMS IMPERIAL,1.0,1.0,CS,43.99,,43.99,0,0,0,food
19895c822ea853c9,19895c822ea853c9,2025-08-10T20:59:37Z,Sysco Order #04002527 - Order Allocated - LARIAT,allocated,Sysco Standard Delivery,04002527,08/10/2025,08/11/2025,7191401,Egg Hardcooked Cf Grab N Go Drypick,14/2 CT,EASY EGG,1.0,1.0,CS,29.65,,29.65,0,0,0,food
19895c822ea853c9,19895c822ea853c9,2025-08-10T20:59:37Z,Sysco Order #04002527 - Order Allocated - LARIAT,allocated,Sysco Standard Delivery,04002527,08/10/2025,08/11/2025,1007350,Avocado Hass Breaking Fresh,1/48 CT,PROPACK,1.0,1.0,CS,47.39,,47.39,0,0,0,food
19895c822ea853c9,19895c822ea853c9,2025-08-10T20:59:37Z,Sysco Order #04002527 - Order Allocated - LARIAT,allocated,Sysco Standard Delivery,04002527,08/10/2025,08/11/2025,7134591,Cucumber English Medium Seedless 12 Count,1/12CT,IMPERIAL FRESH,1.0,1.0,CS,20.65,,20.65,0,0,0,food
19895c822ea853c9,19895c822ea853c9,2025-08-10T20:59:37Z,Sysco Order #04002527 - Order Allocated - LARIAT,allocated,Sysco Standard Delivery,04002527,08/10/2025,08/11/2025,2986487,Carrots Sticks Brick Pack,4/5 LB,IMPERIAL FRESH,2.0,2.0,EA,16.25,,32.5,0,0,0,food
19895c822ea853c9,19895c822ea853c9,2025-08-10T20:59:37Z,Sysco Order #04002527 - Order Allocated - LARIAT,allocated,Sysco Standard Delivery,04002527,08/10/2025,08/11/2025,3533643,Tomatillo Whole,6/100 OZ,DEL SOL (CANNED),1.0,1.0,CS,36.45,,36.45,0,0,0,food
19895c822ea853c9,19895c822ea853c9,2025-08-10T20:59:37Z,Sysco Order #04002527 - Order Allocated - LARIAT,allocated,Sysco Standard Delivery,04002527,08/10/2025,08/11/2025,6693642,Pepper Red Diced Fancy,24/#300,SYSCO IMPERIAL,1.0,1.0,CS,77.85,,77.85,0,0,0,food
19895c822ea853c9,19895c822ea853c9,2025-08-10T20:59:37Z,Sysco Order #04002527 - Order Allocated - LARIAT,allocated,Sysco Standard Delivery,04002527,08/10/2025,08/11/2025,2970457,Filter Grease Cone 10 Inch,10/50CT,SYSCO SUPPLIES CLASSIC,1.0,1.0,CS,193.75,,193.75,0,0,0,non_food
19895c822ea853c9,19895c822ea853c9,2025-08-10T20:59:37Z,Sysco Order #04002527 - Order Allocated - LARIAT,allocated,Sysco Standard Delivery,04002527,08/10/2025,08/11/2025,4782694,Sugar Granulated Extra Fine Cane,1/50LB,SYSCO CLASSIC,1.0,1.0,CS,43.95,,43.95,0,0,0,food
19895c822ea853c9,19895c822ea853c9,2025-08-10T20:59:37Z,Sysco Order #04002527 - Order Allocated - LARIAT,allocated,Sysco Standard Delivery,04002527,08/10/2025,08/11/2025,6040885,Pasta Cavatappi 100% Durum Wheat Semolina,2/10 LB,PASTA LABELLA,1.0,1.0,CS,29.99,,29.99,0,0,0,food
19895c822ea853c9,19895c822ea853c9,2025-08-10T20:59:37Z,Sysco Order #04002527 - Order Allocated - LARIAT,allocated,Sysco Standard Delivery,04002527,08/10/2025,08/11/2025,8516029,"Potato Sweet Julienne .188""",5/3 LB,LAMB WESTON,3.0,3.0,CS,49.95,,149.85,0,0,0,food
19895c822ea853c9,19895c822ea853c9,2025-08-10T20:59:37Z,Sysco Order #04002527 - Order Allocated - LARIAT,allocated,Sysco Standard Delivery,04002527,08/10/2025,08/11/2025,5979291,Cheese Cotija Random Cut,12/1#AVG,QUESO CAMPESINO (DAIRY),1.0,1.0,CS,5.399,LB,66.16,0,0,0,food
198a545f7899b321,198a545f7899b321,2025-08-13T21:11:21Z,Sysco Order #04010453 - Order Allocated - LARIAT,allocated,Sysco Standard Delivery,04010453,08/13/2025,08/14/2025,4676306,Milk Whole Gallon,4/1 GAL,WHOLESOME FARMS CLASSIC,1.0,1.0,CS,27.05,,27.05,0,0,0,food
198a545f7899b321,198a545f7899b321,2025-08-13T21:11:21Z,Sysco Order #04010453 - Order Allocated - LARIAT,allocated,Sysco Standard Delivery,04010453,08/13/2025,08/14/2025,2406189,Cheese Cheddar Jack Fancy Shredded,4/5LB,CASA SOLANA IMPERIAL,1.0,1.0,CS,65.59,,65.59,0,0,0,food
198a545f7899b321,198a545f7899b321,2025-08-13T21:11:21Z,Sysco Order #04010453 - Order Allocated - LARIAT,allocated,Sysco Standard Delivery,04010453,08/13/2025,08/14/2025,8071803,Pangasius Fillet Iqf 7-9 Ounce,1/15 LB,PORTICO IMPERIAL,1.0,1.0,CS,49.59,,49.59,0,0,0,food
198a545f7899b321,198a545f7899b321,2025-08-13T21:11:21Z,Sysco Order #04010453 - Order Allocated - LARIAT,allocated,Sysco Standard Delivery,04010453,08/13/2025,08/14/2025,1675909,Lettuce Greens Leaf Fresh,4/6 CT,SYSCO/FRESHPOINT NATURAL,1.0,1.0,CS,33.95,,33.95,0,0,0,food
198a545f7899b321,198a545f7899b321,2025-08-13T21:11:21Z,Sysco Order #04010453 - Order Allocated - LARIAT,allocated,Sysco Standard Delivery,04010453,08/13/2025,08/14/2025,6935464,Cream Heavy 40% Extended Shelf Life Stabilized,12/32OZ,WHOLESOME FARMS CLASSIC,1.0,1.0,CS,68.2,,68.2,0,0,0,food
198a545f7899b321,198a545f7899b321,2025-08-13T21:11:21Z,Sysco Order #04010453 - Order Allocated - LARIAT,allocated,Sysco Standard Delivery,04010453,08/13/2025,08/14/2025,1008663,Tomato 2 Layer 5x6 Fresh,1/60 CT,IMPERIAL FRESH,1.0,1.0,CS,31.29,,31.29,0,0,0,food
198a545f7899b321,198a545f7899b321,2025-08-13T21:11:21Z,Sysco Order #04010453 - Order Allocated - LARIAT,allocated,Sysco Standard Delivery,04010453,08/13/2025,08/14/2025,5424254,Trout Rainbow Whole Boned Pin Bone Out 10 Oz Chl,1/10 LB,PORTICO SIMPLY,1.0,1.0,CS,85.79,,85.79,0,0,0,food
198b9e841cc47920,198b9e841cc47920,2025-08-17T21:21:01Z,Sysco Order #04018109 - Order Allocated - LARIAT,allocated,Sysco Standard Delivery,04018109,08/17/2025,08/18/2025,0478105,Bun Brioche Artisan Golden Dome,"48/4.5""",HARVEST MOON (FRZN),4.0,4.0,CS,36.54,,146.16,0,0,0,food
198b9e841cc47920,198b9e841cc47920,2025-08-17T21:21:01Z,Sysco Order #04018109 - Order Allocated - LARIAT,allocated,Sysco Standard Delivery,04018109,08/17/2025,08/18/2025,5934567,Liner Trash 39 Inch X 56 Inch 1.7 Mil Silver,50/55GAL,SYSCO CLASSIC,1.0,1.0,CS,43.89,,43.89,0,0,0,non_food
198b9e841cc47920,198b9e841cc47920,2025-08-17T21:21:01Z,Sysco Order #04018109 - Order Allocated - LARIAT,allocated,Sysco Standard Delivery,04018109,08/17/2025,08/18/2025,4690483,Chip Tortilla Yellow 4 Inches Cut,1/30 LB,LA BANDERITA,1.0,1.0,CS,34.35,,34.35,0,0,0,food
198b9e841cc47920,198b9e841cc47920,2025-08-17T21:21:01Z,Sysco Order #04018109 - Order Allocated - LARIAT,allocated,Sysco Standard Delivery,04018109,08/17/2025,08/18/2025,6562207,Tortilla Corn White 4.5 Inch,6/50 CT,MISSION FOODS,2.0,2.0,CS,21.99,,43.98,0,0,0,food
198b9e841cc47920,198b9e841cc47920,2025-08-17T21:21:01Z,Sysco Order #04018109 - Order Allocated - LARIAT,allocated,Sysco Standard Delivery,04018109,08/17/2025,08/18/2025,8139529,"Tortilla Flour 14""",8/12CT,LA BANDERITA,1.0,1.0,CS,43.89,,43.89,0,0,0,food
198b9e841cc47920,198b9e841cc47920,2025-08-17T21:21:01Z,Sysco Order #04018109 - Order Allocated - LARIAT,allocated,Sysco Standard Delivery,04018109,08/17/2025,08/18/2025,4692174,Tortilla Flour Pressed 6 Inch,12/24CT,LA BANDERITA,1.0,1.0,CS,28.55,,28.55,0,0,0,food
198b9e841cc47920,198b9e841cc47920,2025-08-17T21:21:01Z,Sysco Order #04018109 - Order Allocated - LARIAT,allocated,Sysco Standard Delivery,04018109,08/17/2025,08/18/2025,5661467,Spice Pepper Black Shaker Ground,3/5 LB,SYSCO IMPERIAL/MCCORMICK,1.0,1.0,CS,287.59,,287.59,0,0,0,food
198b9e841cc47920,198b9e841cc47920,2025-08-17T21:21:01Z,Sysco Order #04018109 - Order Allocated - LARIAT,allocated,Sysco Standard Delivery,04018109,08/17/2025,08/18/2025,5229117,Spice Onion Powder,3/5.5LB,SYSCO IMPERIAL/MCCORMICK,1.0,1.0,CS,148.85,,148.85,0,0,0,food
198b9e841cc47920,198b9e841cc47920,2025-08-17T21:21:01Z,Sysco Order #04018109 - Order Allocated - LARIAT,allocated,Sysco Standard Delivery,04018109,08/17/2025,08/18/2025,5236690,Spice Paprika Domestic Ground,3/4.5LB,SYSCO CLASSIC,1.0,1.0,EA,26.29,,26.29,0,0,0,food
198b9e841cc47920,198b9e841cc47920,2025-08-17T21:21:01Z,Sysco Order #04018109 - Order Allocated - LARIAT,allocated,Sysco Standard Delivery,04018109,08/17/2025,08/18/2025,5847011,Oil Olive Pomace,3/1GAL,ARREZZIO CLASSIC,2.0,2.0,CS,95.99,,191.98,0,0,0,food
198b9e841cc47920,198b9e841cc47920,2025-08-17T21:21:01Z,Sysco Order #04018109 - Order Allocated - LARIAT,allocated,Sysco Standard Delivery,04018109,08/17/2025,08/18/2025,1491552,"Bun Brioche 4.5""",8/10CT,TURANO,7.0,7.0,CS,55.25,,386.75,0,0,0,food
198b9e841cc47920,198b9e841cc47920,2025-08-17T21:21:01Z,Sysco Order #04018109 - Order Allocated - LARIAT,allocated,Sysco Standard Delivery,04018109,08/17/2025,08/18/2025,3554615,"Potato Fry 5/16"" Beer Extra Long",6/5 LB,SYSCO IMPERIAL,5.0,5.0,CS,59.49,,297.45,0,0,0,food
198b9e841cc47920,198b9e841cc47920,2025-08-17T21:21:01Z,Sysco Order #04018109 - Order Allocated - LARIAT,allocated,Sysco Standard Delivery,04018109,08/17/2025,08/18/2025,3852940,Beef Ground Chuck Brisket Shortrib Patty,24/7 OZ,BUCKHEAD PRIDE/ NEWPORT PRIDE,6.0,6.0,CS,82.49,,494.94,0,0,0,food
198b9e841cc47920,198b9e841cc47920,2025-08-17T21:21:01Z,Sysco Order #04018109 - Order Allocated - LARIAT,allocated,Sysco Standard Delivery,04018109,08/17/2025,08/18/2025,1400464,Chicken Tenders Breaded Golden Flat Large,2/5 LB,SYSCO CLASSIC,1.0,1.0,CS,53.95,,53.95,0,0,0,food
198b9e841cc47920,198b9e841cc47920,2025-08-17T21:21:01Z,Sysco Order #04018109 - Order Allocated - LARIAT,allocated,Sysco Standard Delivery,04018109,08/17/2025,08/18/2025,8071803,Pangasius Fillet Iqf 7-9 Ounce,1/15 LB,PORTICO IMPERIAL,2.0,2.0,CS,49.59,,99.18,0,0,0,food
198b9e841cc47920,198b9e841cc47920,2025-08-17T21:21:01Z,Sysco Order #04018109 - Order Allocated - LARIAT,allocated,Sysco Standard Delivery,04018109,08/17/2025,08/18/2025,2369233,Chicken Wing Steamed Precooked Large,2/5LB,SYSCO CLASSIC,5.0,5.0,CS,49.95,,249.75,0,0,0,food
198b9e841cc47920,198b9e841cc47920,2025-08-17T21:21:01Z,Sysco Order #04018109 - Order Allocated - LARIAT,allocated,Sysco Standard Delivery,04018109,08/17/2025,08/18/2025,7235243,Chicken Breast Cutlet 5 Ounce,4/5 LB,RED BIRD INC (POULTRY),3.0,3.0,CS,5.899,LB,355.94,0,0,0,food
198b9e841cc47920,198b9e841cc47920,2025-08-17T21:21:01Z,Sysco Order #04018109 - Order Allocated - LARIAT,allocated,Sysco Standard Delivery,04018109,08/17/2025,08/18/2025,3777570,Bacon Shingle Center-cut 7-9 Per Pound Honey Gas Flushed,1/15#,DAILYS BACON,6.0,6.0,CS,82.75,,496.5,0,0,0,food
198b9e841cc47920,198b9e841cc47920,2025-08-17T21:21:01Z,Sysco Order #04018109 - Order Allocated - LARIAT,allocated,Sysco Standard Delivery,04018109,08/17/2025,08/18/2025,6438545,Bacon Layflat Hickory Smoked #2,1/15LB,RANCH & GRILL,1.0,1.0,CS,54.35,,54.35,0,0,0,food
198b9e841cc47920,198b9e841cc47920,2025-08-17T21:21:01Z,Sysco Order #04018109 - Order Allocated - LARIAT,allocated,Sysco Standard Delivery,04018109,08/17/2025,08/18/2025,7585326,"Bread Sourdough Thick Sliced .75""",6/32 OZ,ROTELLA,4.0,4.0,CS,37.89,,151.56,0,0,0,food
198b9e841cc47920,198b9e841cc47920,2025-08-17T21:21:01Z,Sysco Order #04018109 - Order Allocated - LARIAT,allocated,Sysco Standard Delivery,04018109,08/17/2025,08/18/2025,7210310,Buttermilk Whole Qt,12/1 QT,MEADOW GOLD,1.0,1.0,CS,34.9,,34.9,0,0,0,food
198b9e841cc47920,198b9e841cc47920,2025-08-17T21:21:01Z,Sysco Order #04018109 - Order Allocated - LARIAT,allocated,Sysco Standard Delivery,04018109,08/17/2025,08/18/2025,4002408,Mayonnaise Heavy Duty Pail,1/28LB,SYSCO RELIANCE,2.0,2.0,CS,55.85,,111.7,0,0,0,food
198b9e841cc47920,198b9e841cc47920,2025-08-17T21:21:01Z,Sysco Order #04018109 - Order Allocated - LARIAT,allocated,Sysco Standard Delivery,04018109,08/17/2025,08/18/2025,2406189,Cheese Cheddar Jack Fancy Shredded,4/5LB,CASA SOLANA IMPERIAL,1.0,1.0,CS,68.95,,68.95,0,0,0,food
198b9e841cc47920,198b9e841cc47920,2025-08-17T21:21:01Z,Sysco Order #04018109 - Order Allocated - LARIAT,allocated,Sysco Standard Delivery,04018109,08/17/2025,08/18/2025,7814881,Cheese Cheddar Sharp Slice White,4/2.5 LB,ALP&DELL,4.0,4.0,CS,49.65,,198.6,0,0,0,food
198b9e841cc47920,198b9e841cc47920,2025-08-17T21:21:01Z,Sysco Order #04018109 - Order Allocated - LARIAT,allocated,Sysco Standard Delivery,04018109,08/17/2025,08/18/2025,1552272,Cheese Mozzarella Fresh Cryovac Log,8/1 LB,ARREZZIO IMPERIAL,1.0,1.0,CS,38.99,,38.99,0,0,0,food
198b9e841cc47920,198b9e841cc47920,2025-08-17T21:21:01Z,Sysco Order #04018109 - Order Allocated - LARIAT,allocated,Sysco Standard Delivery,04018109,08/17/2025,08/18/2025,5979291,Cheese Cotija Random Cut,12/1#AVG,QUESO CAMPESINO (DAIRY),1.0,1.0,CS,5.559,LB,67.71,0,0,0,food
198b9e841cc47920,198b9e841cc47920,2025-08-17T21:21:01Z,Sysco Order #04018109 - Order Allocated - LARIAT,allocated,Sysco Standard Delivery,04018109,08/17/2025,08/18/2025,1007350,Avocado Hass Breaking Fresh,1/48 CT,PROPACK,1.0,1.0,CS,47.99,,47.99,0,0,0,food
198b9e841cc47920,198b9e841cc47920,2025-08-17T21:21:01Z,Sysco Order #04018109 - Order Allocated - LARIAT,allocated,Sysco Standard Delivery,04018109,08/17/2025,08/18/2025,7134591,Cucumber English Medium Seedless 12 Count,1/12CT,IMPERIAL FRESH,2.0,2.0,CS,20.65,,41.3,0,0,0,food
198b9e841cc47920,198b9e841cc47920,2025-08-17T21:21:01Z,Sysco Order #04018109 - Order Allocated - LARIAT,allocated,Sysco Standard Delivery,04018109,08/17/2025,08/18/2025,1008663,Tomato 2 Layer 5x6 Fresh,1/60 CT,IMPERIAL FRESH,1.0,1.0,CS,34.39,,34.39,0,0,0,food
198b9e841cc47920,198b9e841cc47920,2025-08-17T21:21:01Z,Sysco Order #04018109 - Order Allocated - LARIAT,allocated,Sysco Standard Delivery,04018109,08/17/2025,08/18/2025,7210106,Onion Red Jumbo Sack,10/5 LB,IMPERIAL FRESH,1.0,1.0,CS,46.45,,46.45,0,0,0,food
198b9e841cc47920,198b9e841cc47920,2025-08-17T21:21:01Z,Sysco Order #04018109 - Order Allocated - LARIAT,allocated,Sysco Standard Delivery,04018109,08/17/2025,08/18/2025,1094697,Onions White Jumbo Bag,1/50LB,IMPERIAL FRESH,1.0,1.0,CS,29.25,,29.25,0,0,0,food
198b9e841cc47920,198b9e841cc47920,2025-08-17T21:21:01Z,Sysco Order #04018109 - Order Allocated - LARIAT,allocated,Sysco Standard Delivery,04018109,08/17/2025,08/18/2025,2986487,Carrots Sticks Brick Pack,4/5 LB,IMPERIAL FRESH,2.0,2.0,EA,16.25,,32.5,0,0,0,food
198b9e841cc47920,198b9e841cc47920,2025-08-17T21:21:01Z,Sysco Order #04018109 - Order Allocated - LARIAT,allocated,Sysco Standard Delivery,04018109,08/17/2025,08/18/2025,4045415,Vinegar Apple Cider,4/1GAL,HEINZ,1.0,1.0,CS,55.95,,55.95,0,0,0,food
198b9e841cc47920,198b9e841cc47920,2025-08-17T21:21:01Z,Sysco Order #04018109 - Order Allocated - LARIAT,allocated,Sysco Standard Delivery,04018109,08/17/2025,08/18/2025,4685614,Glove Nitrile Foodservice Powder Free Black La,10/100CT,SYSCO CLASSIC,1.0,1.0,CS,96.69,,96.69,0,0,0,non_food
198b9e841cc47920,198b9e841cc47920,2025-08-17T21:21:01Z,Sysco Order #04018109 - Order Allocated - LARIAT,allocated,Sysco Standard Delivery,04018109,08/17/2025,08/18/2025,4685621,Glove Nitrile Foodservice Powder Free Black Ex,10/100CT,SYSCO CLASSIC,1.0,1.0,CS,96.69,,96.69,0,0,0,non_food
198b9e841cc47920,198b9e841cc47920,2025-08-17T21:21:01Z,Sysco Order #04018109 - Order Allocated - LARIAT,allocated,Sysco Standard Delivery,04018109,08/17/2025,08/18/2025,1423726,Container Paper #4 Takeout Kraft,2/45CT,EARTH PLUS,1.0,1.0,CS,52.89,,52.89,0,0,0,non_food
198b9e841cc47920,198b9e841cc47920,2025-08-17T21:21:01Z,Sysco Order #04018109 - Order Allocated - LARIAT,allocated,Sysco Standard Delivery,04018109,08/17/2025,08/18/2025,4306064,Sugar Confectioner 10x Cane,16/2 LB,CALIFORNIA&HAWAII (SUGAR),1.0,1.0,CS,55.35,,55.35,0,0,0,food
198c959dde896372,198c959dde896372,2025-08-20T21:19:25Z,Sysco Order Aug 20 2025 01:23 PM  - Order Confirmation - LARIAT,confirmation,Sysco Standard Delivery,04026005,08/20/2025,08/20/2025,7134591,Cucumber English Medium Seedless 12 Count,1/12CT,IMPERIAL FRESH,4.0,4.0,CS,20.85,,83.4,0,0,0,food
198c959dde896372,198c959dde896372,2025-08-20T21:19:25Z,Sysco Order Aug 20 2025 01:23 PM  - Order Confirmation - LARIAT,confirmation,Sysco Standard Delivery,04026005,08/20/2025,08/20/2025,9903289,Cilantro Fresh Iceless,1/60 CT,IMPERIAL FRESH,1.0,1.0,CS,30.45,,30.45,0,0,0,food
198c959dde896372,198c959dde896372,2025-08-20T21:19:25Z,Sysco Order Aug 20 2025 01:23 PM  - Order Confirmation - LARIAT,confirmation,Sysco Standard Delivery,04026005,08/20/2025,08/20/2025,7644909,Fry On Shortening Frying Liquid,1/35 LB,SYSCO IMPERIAL,5.0,5.0,CS,63.65,,318.25,0,0,0,food
198c959dde896372,198c959dde896372,2025-08-20T21:19:25Z,Sysco Order Aug 20 2025 01:23 PM  - Order Confirmation - LARIAT,confirmation,Sysco Standard Delivery,04026005,08/20/2025,08/20/2025,0610337,Drink Energy Red Bull,24/8.4 OZ,RED BULL,1.0,1.0,CS,51.75,,51.75,0,0,0,beverage
198c959dde896372,198c959dde896372,2025-08-20T21:19:25Z,Sysco Order Aug 20 2025 01:23 PM  - Order Confirmation - LARIAT,confirmation,Sysco Standard Delivery,04026005,08/20/2025,08/20/2025,7210106,Onion Red Jumbo Sack,10/5 LB,IMPERIAL FRESH,1.0,1.0,CS,46.65,,46.65,0,0,0,food
198c959dde896372,198c959dde896372,2025-08-20T21:19:25Z,Sysco Order Aug 20 2025 01:23 PM  - Order Confirmation - LARIAT,confirmation,Sysco Standard Delivery,04026005,08/20/2025,08/20/2025,1094697,Onions White Jumbo Bag,1/50LB,IMPERIAL FRESH,1.0,1.0,CS,29.45,,29.45,0,0,0,food
198c959dde896372,198c959dde896372,2025-08-20T21:19:25Z,Sysco Order Aug 20 2025 01:23 PM  - Order Confirmation - LARIAT,confirmation,Sysco Standard Delivery,04026005,08/20/2025,08/20/2025,1008663,Tomato 2 Layer 5x6 Fresh,1/60 CT,IMPERIAL FRESH,2.0,2.0,CS,34.59,,69.18,0,0,0,food
198c959dde896372,198c959dde896372,2025-08-20T21:19:25Z,Sysco Order Aug 20 2025 01:23 PM  - Order Confirmation - LARIAT,confirmation,Sysco Standard Delivery,04026005,08/20/2025,08/20/2025,1438007,Container Blender For Extra Large Model,1/EA,VITA-MIX CORP,1.0,1.0,CS,111.71,,111.71,1,0,0,non_food
198ddfcb18764172,198de042fa301bcb,2025-08-24T21:37:52Z,Sysco Order #04033469 - Order Allocated - LARIAT,allocated,Sysco Standard Delivery,04033469,08/24/2025,08/25/2025,5172253,Mix Pancake Waffle Buttermilk Complete,6/5 LB,KRUSTEAZ,1.0,1.0,CS,82.85,,82.85,0,0,0,food
198ddfcb18764172,198de042fa301bcb,2025-08-24T21:37:52Z,Sysco Order #04033469 - Order Allocated - LARIAT,allocated,Sysco Standard Delivery,04033469,08/24/2025,08/25/2025,5934567,Liner Trash 39 Inch X 56 Inch 1.7 Mil Silver,50/55GAL,SYSCO CLASSIC,2.0,2.0,CS,43.89,,87.78,0,0,0,non_food
198ddfcb18764172,198de042fa301bcb,2025-08-24T21:37:52Z,Sysco Order #04033469 - Order Allocated - LARIAT,allocated,Sysco Standard Delivery,04033469,08/24/2025,08/25/2025,6562207,Tortilla Corn White 4.5 Inch,6/50 CT,MISSION FOODS,3.0,3.0,CS,21.99,,65.97,0,0,0,food
198ddfcb18764172,198de042fa301bcb,2025-08-24T21:37:52Z,Sysco Order #04033469 - Order Allocated - LARIAT,allocated,Sysco Standard Delivery,04033469,08/24/2025,08/25/2025,4527903,Towel Roll Complete 360 Natural 8,3/1150FT,SYSCO IMPERIAL,1.0,1.0,CS,50.95,,50.95,0,0,0,non_food
198ddfcb18764172,198de042fa301bcb,2025-08-24T21:37:52Z,Sysco Order #04033469 - Order Allocated - LARIAT,allocated,Sysco Standard Delivery,04033469,08/24/2025,08/25/2025,5020197,Potato Fry Sweet 3/8,6/2.5LB,SYSCO IMPERIAL,2.0,2.0,CS,45.35,,90.7,0,0,0,food
198ddfcb18764172,198de042fa301bcb,2025-08-24T21:37:52Z,Sysco Order #04033469 - Order Allocated - LARIAT,allocated,Sysco Standard Delivery,04033469,08/24/2025,08/25/2025,1491552,"Bun Brioche 4.5""",8/10CT,TURANO,2.0,2.0,CS,55.25,,110.5,0,0,0,food
198ddfcb18764172,198de042fa301bcb,2025-08-24T21:37:52Z,Sysco Order #04033469 - Order Allocated - LARIAT,allocated,Sysco Standard Delivery,04033469,08/24/2025,08/25/2025,3554615,"Potato Fry 5/16"" Beer Extra Long",6/5 LB,SYSCO IMPERIAL,5.0,5.0,CS,59.49,,297.45,0,0,0,food
198ddfcb18764172,198de042fa301bcb,2025-08-24T21:37:52Z,Sysco Order #04033469 - Order Allocated - LARIAT,allocated,Sysco Standard Delivery,04033469,08/24/2025,08/25/2025,7085140,Corn Yellow Roasted Blend,6/2.5LB,SYSCO IMPERIAL,1.0,1.0,CS,50.39,,50.39,0,0,0,food
198ddfcb18764172,198de042fa301bcb,2025-08-24T21:37:52Z,Sysco Order #04033469 - Order Allocated - LARIAT,allocated,Sysco Standard Delivery,04033469,08/24/2025,08/25/2025,3852940,Beef Ground Chuck Brisket Shortrib Patty,24/7 OZ,BUCKHEAD PRIDE/ NEWPORT PRIDE,4.0,4.0,CS,82.69,,330.76,0,0,0,food
198ddfcb18764172,198de042fa301bcb,2025-08-24T21:37:52Z,Sysco Order #04033469 - Order Allocated - LARIAT,allocated,Sysco Standard Delivery,04033469,08/24/2025,08/25/2025,1400464,Chicken Tenders Breaded Golden Flat Large,2/5 LB,SYSCO CLASSIC,1.0,1.0,CS,53.95,,53.95,0,0,0,food
198ddfcb18764172,198de042fa301bcb,2025-08-24T21:37:52Z,Sysco Order #04033469 - Order Allocated - LARIAT,allocated,Sysco Standard Delivery,04033469,08/24/2025,08/25/2025,8071803,Pangasius Fillet Iqf 7-9 Ounce,1/15 LB,PORTICO IMPERIAL,2.0,2.0,CS,49.79,,99.58,0,0,0,food
198ddfcb18764172,198de042fa301bcb,2025-08-24T21:37:52Z,Sysco Order #04033469 - Order Allocated - LARIAT,allocated,Sysco Standard Delivery,04033469,08/24/2025,08/25/2025,2369233,Chicken Wing Steamed Precooked Large,2/5LB,SYSCO CLASSIC,9.0,9.0,CS,47.45,,427.05,0,0,0,food
198ddfcb18764172,198de042fa301bcb,2025-08-24T21:37:52Z,Sysco Order #04033469 - Order Allocated - LARIAT,allocated,Sysco Standard Delivery,04033469,08/24/2025,08/25/2025,7235243,Chicken Breast Cutlet 5 Ounce,4/5 LB,RED BIRD INC (POULTRY),2.0,2.0,CS,5.899,LB,238.3,0,0,0,food
198ddfcb18764172,198de042fa301bcb,2025-08-24T21:37:52Z,Sysco Order #04033469 - Order Allocated - LARIAT,allocated,Sysco Standard Delivery,04033469,08/24/2025,08/25/2025,7210310,Buttermilk Whole Qt,12/1 QT,MEADOW GOLD,1.0,1.0,CS,34.9,,34.9,0,0,0,food
198ddfcb18764172,198de042fa301bcb,2025-08-24T21:37:52Z,Sysco Order #04033469 - Order Allocated - LARIAT,allocated,Sysco Standard Delivery,04033469,08/24/2025,08/25/2025,4676306,Milk Whole Gallon,4/1 GAL,WHOLESOME FARMS CLASSIC,1.0,1.0,CS,27.05,,27.05,0,0,0,food
198ddfcb18764172,198de042fa301bcb,2025-08-24T21:37:52Z,Sysco Order #04033469 - Order Allocated - LARIAT,allocated,Sysco Standard Delivery,04033469,08/24/2025,08/25/2025,7063131,Pickle Chip Bread Butter Refrigerated 500-650 Count,1/2 GAL,BLOCK & BARREL CLASSIC,2.0,2.0,CS,31.89,,63.78,0,0,0,food
198ddfcb18764172,198de042fa301bcb,2025-08-24T21:37:52Z,Sysco Order #04033469 - Order Allocated - LARIAT,allocated,Sysco Standard Delivery,04033469,08/24/2025,08/25/2025,7078475,Cilantro Bunch Iceless,1/30 CT,IMPERIAL FRESH,1.0,1.0,CS,20.95,,20.95,0,0,0,food
198ddfcb18764172,198de042fa301bcb,2025-08-24T21:37:52Z,Sysco Order #04033469 - Order Allocated - LARIAT,allocated,Sysco Standard Delivery,04033469,08/24/2025,08/25/2025,2058907,Parsley Italian Fresh Herb,1/1 LB,IMPERIAL FRESH,1.0,1.0,CS,13.45,,13.45,0,0,0,food
198ddfcb18764172,198de042fa301bcb,2025-08-24T21:37:52Z,Sysco Order #04033469 - Order Allocated - LARIAT,allocated,Sysco Standard Delivery,04033469,08/24/2025,08/25/2025,2058881,Chives Fresh Herb,1/1 LB,IMPERIAL FRESH,1.0,1.0,CS,16.55,,16.55,0,0,0,food
198ddfcb18764172,198de042fa301bcb,2025-08-24T21:37:52Z,Sysco Order #04033469 - Order Allocated - LARIAT,allocated,Sysco Standard Delivery,04033469,08/24/2025,08/25/2025,9927799,Pepper Jalapeno Fresh,1/10 LB,IMPERIAL FRESH,1.0,1.0,CS,18.95,,18.95,0,0,0,food
198ddfcb18764172,198de042fa301bcb,2025-08-24T21:37:52Z,Sysco Order #04033469 - Order Allocated - LARIAT,allocated,Sysco Standard Delivery,04033469,08/24/2025,08/25/2025,6395974,Asparagus Jumbo,1/11 LB,PROPACK,1.0,1.0,CS,58.79,,58.79,0,0,0,food
198ddfcb18764172,198de042fa301bcb,2025-08-24T21:37:52Z,Sysco Order #04033469 - Order Allocated - LARIAT,allocated,Sysco Standard Delivery,04033469,08/24/2025,08/25/2025,4002408,Mayonnaise Heavy Duty Pail,1/28LB,SYSCO RELIANCE,1.0,1.0,CS,55.95,,55.95,0,0,0,food
198ddfcb18764172,198de042fa301bcb,2025-08-24T21:37:52Z,Sysco Order #04033469 - Order Allocated - LARIAT,allocated,Sysco Standard Delivery,04033469,08/24/2025,08/25/2025,4606388,Sauce Bbq Sweet And Tangy,4/1 GAL,SYSCO IMPERIAL,1.0,1.0,CS,57.49,,57.49,0,0,0,food
198ddfcb18764172,198de042fa301bcb,2025-08-24T21:37:52Z,Sysco Order #04033469 - Order Allocated - LARIAT,allocated,Sysco Standard Delivery,04033469,08/24/2025,08/25/2025,2575926,Cheese American Loaf Special Melting White,6/5 LB,CASA SOLANA IMPERIAL,2.0,2.0,CS,98.95,,197.9,0,0,0,food
198ddfcb18764172,198de042fa301bcb,2025-08-24T21:37:52Z,Sysco Order #04033469 - Order Allocated - LARIAT,allocated,Sysco Standard Delivery,04033469,08/24/2025,08/25/2025,1008663,Tomato 2 Layer 5x6 Fresh,1/60 CT,IMPERIAL FRESH,1.0,1.0,CS,37.65,,37.65,0,0,0,food
198ddfcb18764172,198de042fa301bcb,2025-08-24T21:37:52Z,Sysco Order #04033469 - Order Allocated - LARIAT,allocated,Sysco Standard Delivery,04033469,08/24/2025,08/25/2025,2986487,Carrots Sticks Brick Pack,4/5 LB,IMPERIAL FRESH,2.0,2.0,EA,16.45,,32.9,0,0,0,food
198ddfcb18764172,198de042fa301bcb,2025-08-24T21:37:52Z,Sysco Order #04033469 - Order Allocated - LARIAT,allocated,Sysco Standard Delivery,04033469,08/24/2025,08/25/2025,1120625,Celery Fresh,1/24 CT,IMPERIAL FRESH,1.0,1.0,CS,33.95,,33.95,0,0,0,food
198ddfcb18764172,198de042fa301bcb,2025-08-24T21:37:52Z,Sysco Order #04033469 - Order Allocated - LARIAT,allocated,Sysco Standard Delivery,04033469,08/24/2025,08/25/2025,4685621,Glove Nitrile Foodservice Powder Free Black Ex,10/100CT,SYSCO CLASSIC,1.0,1.0,CS,96.69,,96.69,0,0,0,non_food
198ddfcb18764172,198de042fa301bcb,2025-08-24T21:37:52Z,Sysco Order #04033469 - Order Allocated - LARIAT,allocated,Sysco Standard Delivery,04033469,08/24/2025,08/25/2025,1376805,"Pad Scour Green 6"" X 9"" Antimicrobial",1/20CT,SYSCO SUPPLIES CLASSIC,1.0,1.0,CS,13.25,,13.25,0,0,0,non_food
198ddfcb18764172,198de042fa301bcb,2025-08-24T21:37:52Z,Sysco Order #04033469 - Order Allocated - LARIAT,allocated,Sysco Standard Delivery,04033469,08/24/2025,08/25/2025,8378111,Flour All Purpose Hotel & Restaurant Bleached,1/50LB,SYSCO CLASSIC,1.0,1.0,CS,20.59,,20.59,0,0,0,food
198ddfcb18764172,198de042fa301bcb,2025-08-24T21:37:52Z,Sysco Order #04033469 - Order Allocated - LARIAT,allocated,Sysco Standard Delivery,04033469,08/24/2025,08/25/2025,4782694,Sugar Granulated Extra Fine Cane,1/50LB,SYSCO CLASSIC,1.0,1.0,CS,43.95,,43.95,0,0,0,food
198ddfcb18764172,198de042fa301bcb,2025-08-24T21:37:52Z,Sysco Order #04033469 - Order Allocated - LARIAT,allocated,Sysco Standard Delivery,04033469,08/24/2025,08/25/2025,7221968,Pumpkin Seed Pepitas Raw,1/5LB,SYSCO CLASSIC,1.0,1.0,CS,61.55,,61.55,0,0,0,food
198ddfcb18764172,198de042fa301bcb,2025-08-24T21:37:52Z,Sysco Order #04033469 - Order Allocated - LARIAT,allocated,Sysco Standard Delivery,04033469,08/24/2025,08/25/2025,7644909,Fry On Shortening Frying Liquid,1/35 LB,SYSCO IMPERIAL,9.0,9.0,CS,62.35,,561.15,0,0,0,food
198ddfcb18764172,198de042fa301bcb,2025-08-24T21:37:52Z,Sysco Order #04033469 - Order Allocated - LARIAT,allocated,Sysco Standard Delivery,04033469,08/24/2025,08/25/2025,0610337,Drink Energy Red Bull,24/8.4 OZ,RED BULL,1.0,1.0,CS,51.75,,51.75,0,0,0,beverage
198ddfcb18764172,198de042fa301bcb,2025-08-24T21:37:52Z,Sysco Order #04033469 - Order Allocated - LARIAT,allocated,Sysco Standard Delivery,04033469,08/24/2025,08/25/2025,5424254,Trout Rainbow Whole Boned Pin Bone Out 10 Oz Chl,1/10 LB,PORTICO SIMPLY,1.0,1.0,CS,87.99,,87.99,0,0,0,food
199114040896cf7e,199114040896cf7e,2025-09-03T20:24:07Z,Sysco Order #04055402 - Order Allocated - LARIAT,allocated,Sysco Standard Delivery,04055402,09/03/2025,09/04/2025,0610337,Drink Energy Red Bull,24/8.4 OZ,RED BULL,1.0,1.0,CS,51.95,,51.95,0,0,0,beverage
199114040896cf7e,199114040896cf7e,2025-09-03T20:24:07Z,Sysco Order #04055402 - Order Allocated - LARIAT,allocated,Sysco Standard Delivery,04055402,09/03/2025,09/04/2025,5424254,Trout Rainbow Whole Boned Pin Bone Out 10 Oz Chl,1/10 LB,PORTICO SIMPLY,1.0,1.0,CS,87.99,,87.99,0,0,0,food
199114040896cf7e,199114040896cf7e,2025-09-03T20:24:07Z,Sysco Order #04055402 - Order Allocated - LARIAT,allocated,Sysco Standard Delivery,04055402,09/03/2025,09/04/2025,2406189,Cheese Cheddar Jack Fancy Shredded,4/5LB,CASA SOLANA IMPERIAL,1.0,1.0,CS,68.95,,68.95,0,0,0,food
199114040896cf7e,199114040896cf7e,2025-09-03T20:24:07Z,Sysco Order #04055402 - Order Allocated - LARIAT,allocated,Sysco Standard Delivery,04055402,09/03/2025,09/04/2025,4692174,Tortilla Flour Pressed 6 Inch,12/24CT,LA BANDERITA,1.0,1.0,CS,28.75,,28.75,0,0,0,food
199114040896cf7e,199114040896cf7e,2025-09-03T20:24:07Z,Sysco Order #04055402 - Order Allocated - LARIAT,allocated,Sysco Standard Delivery,04055402,09/03/2025,09/04/2025,3617531,Vegetarian Blend Sweet Potato & Roasted Root Vegetables,6/2.5LB,SYSCO SUPREME,2.0,2.0,CS,56.45,,112.9,0,0,0,food
19924b5e1774eaac,19924b5e1774eaac,2025-09-07T15:05:23Z,Sysco Order #04061695 - Order Allocated - LARIAT,allocated,Sysco Standard Delivery,04061695,09/07/2025,09/08/2025,1491552,"Bun Brioche 4.5""",8/10CT,TURANO,1.0,1.0,CS,55.45,,55.45,0,0,0,food
19924b5e1774eaac,19924b5e1774eaac,2025-09-07T15:05:23Z,Sysco Order #04061695 - Order Allocated - LARIAT,allocated,Sysco Standard Delivery,04061695,09/07/2025,09/08/2025,3852940,Beef Ground Chuck Brisket Shortrib Patty,24/7 OZ,BUCKHEAD PRIDE/ NEWPORT PRIDE,7.0,7.0,CS,76.45,,535.15,0,0,0,food
19924b5e1774eaac,19924b5e1774eaac,2025-09-07T15:05:23Z,Sysco Order #04061695 - Order Allocated - LARIAT,allocated,Sysco Standard Delivery,04061695,09/07/2025,09/08/2025,2369233,Chicken Wing Steamed Precooked Large,2/5LB,SYSCO CLASSIC,7.0,7.0,CS,51.4,,359.8,0,0,0,food
19924b5e1774eaac,19924b5e1774eaac,2025-09-07T15:05:23Z,Sysco Order #04061695 - Order Allocated - LARIAT,allocated,Sysco Standard Delivery,04061695,09/07/2025,09/08/2025,7585326,"Bread Sourdough Thick Sliced .75""",6/32 OZ,ROTELLA,1.0,1.0,CS,37.99,,37.99,0,0,0,food
19924b5e1774eaac,19924b5e1774eaac,2025-09-07T15:05:23Z,Sysco Order #04061695 - Order Allocated - LARIAT,allocated,Sysco Standard Delivery,04061695,09/07/2025,09/08/2025,3030117,Butter Solid Unsalted 83% Minimum Butterfat European,36/1 LB,WHOLESOME FARMS IMPERIAL,1.0,1.0,CS,162.49,,162.49,0,0,0,food
19924b5e1774eaac,19924b5e1774eaac,2025-09-07T15:05:23Z,Sysco Order #04061695 - Order Allocated - LARIAT,allocated,Sysco Standard Delivery,04061695,09/07/2025,09/08/2025,7182310,Egg Shell Medium White Aa Cage Free,1/15 DZ,WHOLESOME FARMS IMPERIAL,1.0,1.0,CS,38.95,,38.95,0,0,0,food
19924b5e1774eaac,19924b5e1774eaac,2025-09-07T15:05:23Z,Sysco Order #04061695 - Order Allocated - LARIAT,allocated,Sysco Standard Delivery,04061695,09/07/2025,09/08/2025,1008663,Tomato 2 Layer 5x6 Fresh,1/60 CT,IMPERIAL FRESH,1.0,1.0,CS,35.55,,35.55,0,0,0,food
19924b5e1774eaac,19924b5e1774eaac,2025-09-07T15:05:23Z,Sysco Order #04061695 - Order Allocated - LARIAT,allocated,Sysco Standard Delivery,04061695,09/07/2025,09/08/2025,4690483,Chip Tortilla Yellow 4 Inches Cut,1/30 LB,LA BANDERITA,2.0,2.0,CS,34.55,,69.1,0,0,0,food
19924b5e1774eaac,19924b5e1774eaac,2025-09-07T15:05:23Z,Sysco Order #04061695 - Order Allocated - LARIAT,allocated,Sysco Standard Delivery,04061695,09/07/2025,09/08/2025,0610337,Drink Energy Red Bull,24/8.4 OZ,RED BULL,1.0,1.0,CS,46.75,,46.75,0,0,0,beverage
199356ce48bc3549,199356ce48bc3549,2025-09-10T20:59:12Z,Sysco Order #04070504 - Order Allocated - LARIAT,allocated,Sysco Standard Delivery,04070504,09/10/2025,09/11/2025,2005114,Dill Baby Fresh Herb,1/4 OZ,IMPERIAL FRESH,2.0,2.0,CS,9.89,,19.78,0,0,0,food
199356ce48bc3549,199356ce48bc3549,2025-09-10T20:59:12Z,Sysco Order #04070504 - Order Allocated - LARIAT,allocated,Sysco Standard Delivery,04070504,09/10/2025,09/11/2025,2004810,Rosemary Fresh Herb,1/4 OZ,IMPERIAL FRESH,1.0,1.0,CS,9.95,,9.95,0,0,0,food
199356ce48bc3549,199356ce48bc3549,2025-09-10T20:59:12Z,Sysco Order #04070504 - Order Allocated - LARIAT,allocated,Sysco Standard Delivery,04070504,09/10/2025,09/11/2025,2005262,Thyme Fresh Herb,1/4 OZ,IMPERIAL FRESH,1.0,1.0,CS,9.75,,9.75,0,0,0,food
199356ce48bc3549,199356ce48bc3549,2025-09-10T20:59:12Z,Sysco Order #04070504 - Order Allocated - LARIAT,allocated,Sysco Standard Delivery,04070504,09/10/2025,09/11/2025,2004968,Tarragon Fresh Herb,1/4 OZ,IMPERIAL FRESH,1.0,1.0,CS,7.99,,7.99,0,0,0,food
199356ce48bc3549,199356ce48bc3549,2025-09-10T20:59:12Z,Sysco Order #04070504 - Order Allocated - LARIAT,allocated,Sysco Standard Delivery,04070504,09/10/2025,09/11/2025,5535679,Capers Nonpareil Imported,12/16 OZ,SYSCO IMPERIAL,1.0,1.0,CS,65.99,,65.99,0,0,0,food
199356ce48bc3549,199356ce48bc3549,2025-09-10T20:59:12Z,Sysco Order #04070504 - Order Allocated - LARIAT,allocated,Sysco Standard Delivery,04070504,09/10/2025,09/11/2025,8071803,Pangasius Fillet Iqf 7-9 Ounce,1/15 LB,PORTICO IMPERIAL,3.0,3.0,CS,49.79,,149.37,0,0,0,food
19949143f74d355a,199491dd092663ed,2025-09-14T16:45:14Z,Sysco Order #04076660 - Order Allocated - LARIAT,allocated,Sysco Standard Delivery,04076660,09/14/2025,09/15/2025,5934567,Liner Trash 39 Inch X 56 Inch 1.7 Mil Silver Linear Low-density Polyethylene (lldpe),50/55GAL,SYSCO CLASSIC,1.0,1.0,CS,44.09,,44.09,0,0,0,non_food
19949143f74d355a,199491dd092663ed,2025-09-14T16:45:14Z,Sysco Order #04076660 - Order Allocated - LARIAT,allocated,Sysco Standard Delivery,04076660,09/14/2025,09/15/2025,4690483,Chip Tortilla Yellow 4 Inches Cut,1/30 LB,LA BANDERITA,1.0,1.0,CS,27.64,,27.64,0,0,0,food
19949143f74d355a,199491dd092663ed,2025-09-14T16:45:14Z,Sysco Order #04076660 - Order Allocated - LARIAT,allocated,Sysco Standard Delivery,04076660,09/14/2025,09/15/2025,4692174,Tortilla Flour Pressed 6 Inch,12/24CT,LA BANDERITA,1.0,1.0,CS,28.75,,28.75,0,0,0,food
19949143f74d355a,199491dd092663ed,2025-09-14T16:45:14Z,Sysco Order #04076660 - Order Allocated - LARIAT,allocated,Sysco Standard Delivery,04076660,09/14/2025,09/15/2025,5757091,Pepper Chipotle Adobo Sauce,12/7 OZ,EMBASA,1.0,1.0,CS,28.95,,28.95,0,0,0,food
19949143f74d355a,199491dd092663ed,2025-09-14T16:45:14Z,Sysco Order #04076660 - Order Allocated - LARIAT,allocated,Sysco Standard Delivery,04076660,09/14/2025,09/15/2025,4527903,Towel Roll Complete 360 Natural 8,3/1150FT,SYSCO IMPERIAL,1.0,1.0,CS,50.95,,50.95,0,0,0,non_food
19949143f74d355a,199491dd092663ed,2025-09-14T16:45:14Z,Sysco Order #04076660 - Order Allocated - LARIAT,allocated,Sysco Standard Delivery,04076660,09/14/2025,09/15/2025,5847011,Oil Olive Pomace Tin,3/1GAL,ARREZZIO CLASSIC,1.0,1.0,CS,95.99,,95.99,0,0,0,food
19949143f74d355a,199491dd092663ed,2025-09-14T16:45:14Z,Sysco Order #04076660 - Order Allocated - LARIAT,allocated,Sysco Standard Delivery,04076660,09/14/2025,09/15/2025,1491552,"Bun Brioche 4.5""",8/10CT,TURANO,1.0,1.0,CS,55.45,,55.45,0,0,0,food
19949143f74d355a,199491dd092663ed,2025-09-14T16:45:14Z,Sysco Order #04076660 - Order Allocated - LARIAT,allocated,Sysco Standard Delivery,04076660,09/14/2025,09/15/2025,3554615,"Potato Fry 5/16"" Beer Extra Long",6/5 LB,SYSCO IMPERIAL,6.0,6.0,CS,55.0,,330.0,0,0,0,food
19949143f74d355a,199491dd092663ed,2025-09-14T16:45:14Z,Sysco Order #04076660 - Order Allocated - LARIAT,allocated,Sysco Standard Delivery,04076660,09/14/2025,09/15/2025,7085140,Corn Yellow Roasted Blend,6/2.5LB,SYSCO IMPERIAL,1.0,1.0,CS,50.59,,50.59,0,0,0,food
19949143f74d355a,199491dd092663ed,2025-09-14T16:45:14Z,Sysco Order #04076660 - Order Allocated - LARIAT,allocated,Sysco Standard Delivery,04076660,09/14/2025,09/15/2025,7005009,Chile Green Hatch Diced Mild,5/5LB,YOUNG GUNS PRODUCE,1.0,1.0,CS,51.99,,51.99,0,0,0,food
19949143f74d355a,199491dd092663ed,2025-09-14T16:45:14Z,Sysco Order #04076660 - Order Allocated - LARIAT,allocated,Sysco Standard Delivery,04076660,09/14/2025,09/15/2025,3852940,Beef Ground Chuck Brisket Shortrib Patty,24/7 OZ,BUCKHEAD PRIDE/ NEWPORT PRIDE,5.0,5.0,CS,76.45,,382.25,0,0,0,food
19949143f74d355a,199491dd092663ed,2025-09-14T16:45:14Z,Sysco Order #04076660 - Order Allocated - LARIAT,allocated,Sysco Standard Delivery,04076660,09/14/2025,09/15/2025,1400464,Chicken Tenders Breaded Golden Flat Large,2/5 LB,SYSCO CLASSIC,4.0,4.0,CS,55.95,,223.8,0,0,0,food
19949143f74d355a,199491dd092663ed,2025-09-14T16:45:14Z,Sysco Order #04076660 - Order Allocated - LARIAT,allocated,Sysco Standard Delivery,04076660,09/14/2025,09/15/2025,8071803,Pangasius Fillet Iqf 7-9 Ounce,1/15 LB,PORTICO IMPERIAL,3.0,3.0,CS,49.79,,149.37,0,0,0,food
19949143f74d355a,199491dd092663ed,2025-09-14T16:45:14Z,Sysco Order #04076660 - Order Allocated - LARIAT,allocated,Sysco Standard Delivery,04076660,09/14/2025,09/15/2025,2369233,Chicken Wing Steamed Precooked Large,2/5LB,SYSCO CLASSIC,10.0,10.0,CS,49.95,,499.5,0,0,0,food
19949143f74d355a,199491dd092663ed,2025-09-14T16:45:14Z,Sysco Order #04076660 - Order Allocated - LARIAT,allocated,Sysco Standard Delivery,04076660,09/14/2025,09/15/2025,5098496,Pork Ham Shank Pig Wing 4 Ounce,2/4.5LB,SYSCO CLASSIC,5.0,5.0,CS,92.75,,463.75,0,0,0,food
19949143f74d355a,199491dd092663ed,2025-09-14T16:45:14Z,Sysco Order #04076660 - Order Allocated - LARIAT,allocated,Sysco Standard Delivery,04076660,09/14/2025,09/15/2025,7235243,Chicken Breast Cutlet 5 Ounce,4/5 LB,RED BIRD INC (POULTRY),4.0,4.0,CS,5.899,LB,479.35,0,0,0,food
19949143f74d355a,199491dd092663ed,2025-09-14T16:45:14Z,Sysco Order #04076660 - Order Allocated - LARIAT,allocated,Sysco Standard Delivery,04076660,09/14/2025,09/15/2025,7585326,"Bread Sourdough Thick Sliced .75""",6/32 OZ,ROTELLA,1.0,1.0,CS,37.99,,37.99,0,0,0,food
19949143f74d355a,199491dd092663ed,2025-09-14T16:45:14Z,Sysco Order #04076660 - Order Allocated - LARIAT,allocated,Sysco Standard Delivery,04076660,09/14/2025,09/15/2025,6046902,Pork Butt Boneless 1/4 6-9 Pounds Each Fresh,8/6-9#AV,BUTCHERS BLOCK,1.0,1.0,CS,2.459,LB,179.46,0,0,0,food
19949143f74d355a,199491dd092663ed,2025-09-14T16:45:14Z,Sysco Order #04076660 - Order Allocated - LARIAT,allocated,Sysco Standard Delivery,04076660,09/14/2025,09/15/2025,9448986,Beef Cheek Meat,1/30 LB,PACKER,2.0,2.0,CS,5.199,,308.56,0,0,0,food
19949143f74d355a,199491dd092663ed,2025-09-14T16:45:14Z,Sysco Order #04076660 - Order Allocated - LARIAT,allocated,Sysco Standard Delivery,04076660,09/14/2025,09/15/2025,4944450,Soup Base Chicken Real,6/1LB,SYSCO IMPERIAL,1.0,1.0,CS,47.75,,47.75,0,0,0,food
19949143f74d355a,199491dd092663ed,2025-09-14T16:45:14Z,Sysco Order #04076660 - Order Allocated - LARIAT,allocated,Sysco Standard Delivery,04076660,09/14/2025,09/15/2025,2491751,Cheese Mozzarella Ciliegene Fresh,2/3LB,ARREZZIO IMPERIAL,2.0,2.0,CS,35.89,,71.78,0,0,0,food
19949143f74d355a,199491dd092663ed,2025-09-14T16:45:14Z,Sysco Order #04076660 - Order Allocated - LARIAT,allocated,Sysco Standard Delivery,04076660,09/14/2025,09/15/2025,0610337,Drink Energy Red Bull,24/8.4 OZ,RED BULL,1.0,1.0,CS,46.75,,46.75,0,0,0,beverage
19949143f74d355a,199491dd092663ed,2025-09-14T16:45:14Z,Sysco Order #04076660 - Order Allocated - LARIAT,allocated,Sysco Standard Delivery,04076660,09/14/2025,09/15/2025,7644909,Fry On Shortening Frying Liquid,1/35 LB,SYSCO PREMIUM,6.0,6.0,CS,62.35,,374.1,0,0,0,food
1996e2efa2005ce3,1996e45a692932f9,2025-09-21T21:54:42Z,Sysco Order #04092972 - Order Allocated - LARIAT,allocated,Sysco Standard Delivery,04092972,09/21/2025,09/22/2025,4874526,PORK CHOP BONE IN FRENCHED LONG BONE FROZEN,10/12 OZ,BUCKHEAD PRIDE/ NEWPORT PRIDE,2.0,2.0,CS,17.95,,287.2,0,0,1,food
1996e2efa2005ce3,1996e45a692932f9,2025-09-21T21:54:42Z,Sysco Order #04092972 - Order Allocated - LARIAT,allocated,Sysco Standard Delivery,04092972,09/21/2025,09/22/2025,7311488,Appetizer Spring Roll Chile Relleno,4/14 CT,SYSCO IMPERIAL,1.0,1.0,CS,57.99,,57.99,0,0,0,food
1996e2efa2005ce3,1996e45a692932f9,2025-09-21T21:54:42Z,Sysco Order #04092972 - Order Allocated - LARIAT,allocated,Sysco Standard Delivery,04092972,09/21/2025,09/22/2025,3852940,Beef Ground Chuck Brisket Shortrib Patty,24/7 OZ,BUCKHEAD PRIDE/ NEWPORT PRIDE,4.0,4.0,CS,78.55,,314.2,0,0,0,food
1996e2efa2005ce3,1996e45a692932f9,2025-09-21T21:54:42Z,Sysco Order #04092972 - Order Allocated - LARIAT,allocated,Sysco Standard Delivery,04092972,09/21/2025,09/22/2025,7644909,Fry On Shortening Frying Liquid,1/35 LB,SYSCO PREMIUM,6.0,6.0,CS,59.95,,359.7,0,0,0,food
1996e2efa2005ce3,1996e45a692932f9,2025-09-21T21:54:42Z,Sysco Order #04092972 - Order Allocated - LARIAT,allocated,Sysco Standard Delivery,04092972,09/21/2025,09/22/2025,5424254,Trout Rainbow Whole Boned Pin Bone Out 10 Oz Chl,1/10 LB,PORTICO SIMPLY,2.0,2.0,CS,87.99,,175.98,0,0,0,food
1996e2efa2005ce3,1996e45a692932f9,2025-09-21T21:54:42Z,Sysco Order #04092972 - Order Allocated - LARIAT,allocated,Sysco Standard Delivery,04092972,09/21/2025,09/22/2025,6040885,Pasta Cavatappi 100% Durum Wheat Semolina,2/10 LB,PASTA LABELLA,2.0,2.0,CS,32.75,,65.5,0,0,0,food
1996e2efa2005ce3,1996e45a692932f9,2025-09-21T21:54:42Z,Sysco Order #04092972 - Order Allocated - LARIAT,allocated,Sysco Standard Delivery,04092972,09/21/2025,09/22/2025,3267655,Cookie Vanilla Wafer,12/11 OZ,SYSCO CLASSIC,2.0,2.0,CS,43.49,,86.98,0,0,0,food
1996e2efa2005ce3,1996e45a692932f9,2025-09-21T21:54:42Z,Sysco Order #04092972 - Order Allocated - LARIAT,allocated,Sysco Standard Delivery,04092972,09/21/2025,09/22/2025,1423726,Container Paper #4 Takeout Kraft,2/45CT,EARTH PLUS,1.0,1.0,CS,52.99,,52.99,0,0,0,non_food
1996e2efa2005ce3,1996e45a692932f9,2025-09-21T21:54:42Z,Sysco Order #04092972 - Order Allocated - LARIAT,allocated,Sysco Standard Delivery,04092972,09/21/2025,09/22/2025,3746377,Bun Brioche Bistro Slider,8/24 CT,ALPHA,1.0,1.0,CS,70.99,,70.99,0,0,0,food
1996e2efa2005ce3,1996e45a692932f9,2025-09-21T21:54:42Z,Sysco Order #04092972 - Order Allocated - LARIAT,allocated,Sysco Standard Delivery,04092972,09/21/2025,09/22/2025,2386142,Tortilla Flour Pressed 8 Inch,24/12CT,CASA SOLANA CLASSIC,1.0,1.0,CS,54.49,,54.49,0,0,0,food
1996e2efa2005ce3,1996e45a692932f9,2025-09-21T21:54:42Z,Sysco Order #04092972 - Order Allocated - LARIAT,allocated,Sysco Standard Delivery,04092972,09/21/2025,09/22/2025,4862728,Pasta Ditalini/salad Macaroni,2/10 LB,PASTA LABELLA,1.0,1.0,CS,32.75,,32.75,0,0,0,food
1996e2efa2005ce3,1996e45a692932f9,2025-09-21T21:54:42Z,Sysco Order #04092972 - Order Allocated - LARIAT,allocated,Sysco Standard Delivery,04092972,09/21/2025,09/22/2025,2575926,Cheese American Loaf Special Melting White,6/5 LB,CASA SOLANA IMPERIAL,2.0,2.0,CS,94.95,,189.9,0,0,0,food
1996e2efa2005ce3,1996e45a692932f9,2025-09-21T21:54:42Z,Sysco Order #04092972 - Order Allocated - LARIAT,allocated,Sysco Standard Delivery,04092972,09/21/2025,09/22/2025,8071803,Pangasius Fillet Iqf 7-9 Ounce,1/15 LB,PORTICO IMPERIAL,1.0,1.0,CS,49.79,,49.79,0,0,0,food
1996e2efa2005ce3,1996e45a692932f9,2025-09-21T21:54:42Z,Sysco Order #04092972 - Order Allocated - LARIAT,allocated,Sysco Standard Delivery,04092972,09/21/2025,09/22/2025,0610337,Drink Energy Red Bull,24/8.4 OZ,RED BULL,1.0,1.0,CS,46.75,,46.75,0,0,0,beverage
1996e2efa2005ce3,1996e45a692932f9,2025-09-21T21:54:42Z,Sysco Order #04092972 - Order Allocated - LARIAT,allocated,Sysco Standard Delivery,04092972,09/21/2025,09/22/2025,1008663,Tomato 2 Layer 5x6 Fresh,1/60 CT,IMPERIAL FRESH,1.0,1.0,CS,30.95,,30.95,0,0,0,food
1996e2efa2005ce3,1996e45a692932f9,2025-09-21T21:54:42Z,Sysco Order #04092972 - Order Allocated - LARIAT,allocated,Sysco Standard Delivery,04092972,09/21/2025,09/22/2025,4676306,Milk Whole Gallon,4/1 GAL,WHOLESOME FARMS CLASSIC,1.0,1.0,CS,27.05,,27.05,0,0,0,food
1996e2efa2005ce3,1996e45a692932f9,2025-09-21T21:54:42Z,Sysco Order #04092972 - Order Allocated - LARIAT,allocated,Sysco Standard Delivery,04092972,09/21/2025,09/22/2025,4011078,Pudding Vanilla Ready To Use,6/#10,SYSCO CLASSIC,1.0,1.0,CS,73.45,,73.45,0,0,0,food
199920512aa0c1ae,199920512aa0c1ae,2025-09-28T20:30:29Z,Sysco Order #04107705 - Order Allocated - LARIAT,allocated,Sysco Standard Delivery,04107705,09/28/2025,09/29/2025,5172253,Mix Pancake Waffle Buttermilk Complete,6/5 LB,KRUSTEAZ,1.0,1.0,CS,84.65,,84.65,0,0,0,food
199920512aa0c1ae,199920512aa0c1ae,2025-09-28T20:30:29Z,Sysco Order #04107705 - Order Allocated - LARIAT,allocated,Sysco Standard Delivery,04107705,09/28/2025,09/29/2025,5934567,Liner Trash 39 Inch X 56 Inch 1.7 Mil Silver Linear Low-density Polyethylene (lldpe),50/55GAL,SYSCO CLASSIC,2.0,2.0,CS,44.09,,88.18,0,0,0,non_food
199920512aa0c1ae,199920512aa0c1ae,2025-09-28T20:30:29Z,Sysco Order #04107705 - Order Allocated - LARIAT,allocated,Sysco Standard Delivery,04107705,09/28/2025,09/29/2025,4690483,Chip Tortilla Yellow 4 Inches Cut,1/30 LB,LA BANDERITA,1.0,1.0,CS,34.55,,34.55,0,0,0,food
199920512aa0c1ae,199920512aa0c1ae,2025-09-28T20:30:29Z,Sysco Order #04107705 - Order Allocated - LARIAT,allocated,Sysco Standard Delivery,04107705,09/28/2025,09/29/2025,5229281,Spice Pepper Black Coarse Ground,3/5LB,SYSCO IMPERIAL/MCCORMICK,1.0,1.0,EA,109.99,,109.99,0,0,0,food
199920512aa0c1ae,199920512aa0c1ae,2025-09-28T20:30:29Z,Sysco Order #04107705 - Order Allocated - LARIAT,allocated,Sysco Standard Delivery,04107705,09/28/2025,09/29/2025,3554615,"Potato Fry 5/16"" Beer Extra Long",6/5 LB,SYSCO IMPERIAL,6.0,6.0,CS,55.0,,330.0,0,0,0,food
199920512aa0c1ae,199920512aa0c1ae,2025-09-28T20:30:29Z,Sysco Order #04107705 - Order Allocated - LARIAT,allocated,Sysco Standard Delivery,04107705,09/28/2025,09/29/2025,4129336,Dip Cheese Craft Beer,4/5 LB,SYSCO CLASSIC,1.0,1.0,CS,72.95,,72.95,0,0,0,food
199920512aa0c1ae,199920512aa0c1ae,2025-09-28T20:30:29Z,Sysco Order #04107705 - Order Allocated - LARIAT,allocated,Sysco Standard Delivery,04107705,09/28/2025,09/29/2025,6046902,Pork Butt Boneless 1/4 6-9 Pounds Each Fresh,8/6-9#AV,BUTCHERS BLOCK,1.0,1.0,CS,2.459,LB,177.33,0,0,0,food
199920512aa0c1ae,199920512aa0c1ae,2025-09-28T20:30:29Z,Sysco Order #04107705 - Order Allocated - LARIAT,allocated,Sysco Standard Delivery,04107705,09/28/2025,09/29/2025,3030117,Butter Solid Unsalted 83% Minimum Butterfat European,36/1 LB,WHOLESOME FARMS IMPERIAL,1.0,1.0,CS,152.79,,152.79,0,0,0,food
199920512aa0c1ae,199920512aa0c1ae,2025-09-28T20:30:29Z,Sysco Order #04107705 - Order Allocated - LARIAT,allocated,Sysco Standard Delivery,04107705,09/28/2025,09/29/2025,7063131,Pickle Chip Bread Butter Refrigerated 500-650 Count,1/2 GAL,BLOCK & BARREL CLASSIC,1.0,1.0,CS,31.89,,31.89,0,0,0,food
199920512aa0c1ae,199920512aa0c1ae,2025-09-28T20:30:29Z,Sysco Order #04107705 - Order Allocated - LARIAT,allocated,Sysco Standard Delivery,04107705,09/28/2025,09/29/2025,1185156,Pepper Jalapeno Fresh,1/5 LB,IMPERIAL FRESH,1.0,1.0,CS,13.55,,13.55,0,0,0,food
199920512aa0c1ae,199920512aa0c1ae,2025-09-28T20:30:29Z,Sysco Order #04107705 - Order Allocated - LARIAT,allocated,Sysco Standard Delivery,04107705,09/28/2025,09/29/2025,7380755,Chicken Leg Whole Raw Frozen,4/5#AVG,RED BIRD INC (POULTRY),1.0,1.0,CS,2.499,LB,47.48,0,0,0,food
199920512aa0c1ae,199920512aa0c1ae,2025-09-28T20:30:29Z,Sysco Order #04107705 - Order Allocated - LARIAT,allocated,Sysco Standard Delivery,04107705,09/28/2025,09/29/2025,7644909,Fry On Shortening Frying Liquid,1/35 LB,SYSCO PREMIUM,4.0,4.0,CS,59.77,,239.08,0,0,0,food
199920512aa0c1ae,199920512aa0c1ae,2025-09-28T20:30:29Z,Sysco Order #04107705 - Order Allocated - LARIAT,allocated,Sysco Standard Delivery,04107705,09/28/2025,09/29/2025,1813973,Pork Chop Bone-in Frenched Long Bone,10/12 OZ,BUCKHEAD PRIDE/ NEWPORT PRIDE,1.0,1.0,CS,22.15,LB,191.82,0,0,0,food
199920512aa0c1ae,199920512aa0c1ae,2025-09-28T20:30:29Z,Sysco Order #04107705 - Order Allocated - LARIAT,allocated,Sysco Standard Delivery,04107705,09/28/2025,09/29/2025,9617218,Ketchup Squeeze Bottle,16/24OZ,HOUSE RECIPE IMPERIAL,1.0,1.0,CS,40.69,,40.69,0,0,0,food
199920512aa0c1ae,199920512aa0c1ae,2025-09-28T20:30:29Z,Sysco Order #04107705 - Order Allocated - LARIAT,allocated,Sysco Standard Delivery,04107705,09/28/2025,09/29/2025,4487997,Sugar In The Raw,12/2 LB,JM SMUCKER,1.0,1.0,CS,71.99,,71.99,0,0,0,food
199920512aa0c1ae,199920512aa0c1ae,2025-09-28T20:30:29Z,Sysco Order #04107705 - Order Allocated - LARIAT,allocated,Sysco Standard Delivery,04107705,09/28/2025,09/29/2025,5535679,Capers Nonpareil Imported,12/16 OZ,SYSCO IMPERIAL,1.0,1.0,CS,65.99,,65.99,0,0,0,food
199920512aa0c1ae,199920512aa0c1ae,2025-09-28T20:30:29Z,Sysco Order #04107705 - Order Allocated - LARIAT,allocated,Sysco Standard Delivery,04107705,09/28/2025,09/29/2025,2916452,Drink Energy,24/12 OZ,RED BULL,1.0,1.0,CS,67.85,,67.85,0,0,0,beverage
199920512aa0c1ae,199920512aa0c1ae,2025-09-28T20:30:29Z,Sysco Order #04107705 - Order Allocated - LARIAT,allocated,Sysco Standard Delivery,04107705,09/28/2025,09/29/2025,7435266,Film Pvc 18 Inchx2000 Feet Roll,1/18 IN,SYSCO CLASSIC,4.0,4.0,CS,21.79,,87.16,0,0,0,non_food
199920512aa0c1ae,199920512aa0c1ae,2025-09-28T20:30:29Z,Sysco Order #04107705 - Order Allocated - LARIAT,allocated,Sysco Standard Delivery,04107705,09/28/2025,09/29/2025,1423225,Container Paper #8 Takeout Kraft,2/65CT,EARTH PLUS,1.0,1.0,CS,52.99,,52.99,0,0,0,non_food
199920512aa0c1ae,199920512aa0c1ae,2025-09-28T20:30:29Z,Sysco Order #04107705 - Order Allocated - LARIAT,allocated,Sysco Standard Delivery,04107705,09/28/2025,09/29/2025,3374097,Honey Pure Light Amber Grade A True Source Certified In Jug,6/5 LB,SYSCO RELIANCE,1.0,1.0,CS,101.79,,101.79,0,0,0,food
199920512aa0c1ae,199920512aa0c1ae,2025-09-28T20:30:29Z,Sysco Order #04107705 - Order Allocated - LARIAT,allocated,Sysco Standard Delivery,04107705,09/28/2025,09/29/2025,1423211,Container Paper #1 Takeout Kraft,3/60CT,EARTH PLUS,1.0,1.0,CS,50.95,,50.95,0,0,0,non_food
199920512aa0c1ae,199920512aa0c1ae,2025-09-28T20:30:29Z,Sysco Order #04107705 - Order Allocated - LARIAT,allocated,Sysco Standard Delivery,04107705,09/28/2025,09/29/2025,7790795,Lid Plastic Clear For 1.5-2.5 Ounce Portion,24/100CT,SYSCO IMPERIAL,1.0,1.0,CS,19.67,,19.67,0,0,0,non_food
199b61253e5e8251,199b61253e5e8251,2025-10-05T20:31:17Z,Sysco Order #04122387 - Order Allocated - LARIAT,allocated,Sysco Standard Delivery,04122387,10/05/2025,10/06/2025,4267274,Flour Hotel & Restaurant All Purpose,1/50 LB,GOLD MEDAL (GEN MILLS),1.0,1.0,CS,21.95,,21.95,0,0,1,food
199b61253e5e8251,199b61253e5e8251,2025-10-05T20:31:17Z,Sysco Order #04122387 - Order Allocated - LARIAT,allocated,Sysco Standard Delivery,04122387,10/05/2025,10/06/2025,1356254,Achiote Paste,1/10 LB,EL YUCATECO (SAUCES),1.0,1.0,CS,59.85,,59.85,0,0,0,food
199b61253e5e8251,199b61253e5e8251,2025-10-05T20:31:17Z,Sysco Order #04122387 - Order Allocated - LARIAT,allocated,Sysco Standard Delivery,04122387,10/05/2025,10/06/2025,5172253,Mix Pancake Waffle Buttermilk Complete,6/5 LB,KRUSTEAZ,1.0,1.0,CS,84.65,,84.65,0,0,0,food
199b61253e5e8251,199b61253e5e8251,2025-10-05T20:31:17Z,Sysco Order #04122387 - Order Allocated - LARIAT,allocated,Sysco Standard Delivery,04122387,10/05/2025,10/06/2025,9903289,Cilantro Fresh Iceless,1/60 CT,IMPERIAL FRESH,1.0,1.0,CS,28.45,,28.45,0,0,0,food
199b61253e5e8251,199b61253e5e8251,2025-10-05T20:31:17Z,Sysco Order #04122387 - Order Allocated - LARIAT,allocated,Sysco Standard Delivery,04122387,10/05/2025,10/06/2025,3533643,Tomatillo Whole,6/100 OZ,DEL SOL (CANNED),1.0,1.0,CS,36.65,,36.65,0,0,0,food
199b61253e5e8251,199b61253e5e8251,2025-10-05T20:31:17Z,Sysco Order #04122387 - Order Allocated - LARIAT,allocated,Sysco Standard Delivery,04122387,10/05/2025,10/06/2025,5934567,Liner Trash 39 Inch X 56 Inch 1.7 Mil Silver Linear Low-density Polyethylene (lldpe),50/55GAL,SYSCO CLASSIC,2.0,2.0,CS,44.09,,88.18,0,0,0,non_food
199b61253e5e8251,199b61253e5e8251,2025-10-05T20:31:17Z,Sysco Order #04122387 - Order Allocated - LARIAT,allocated,Sysco Standard Delivery,04122387,10/05/2025,10/06/2025,7063131,Pickle Chip Bread Butter Refrigerated 500-650 Count,1/2 GAL,BLOCK & BARREL CLASSIC,1.0,1.0,CS,31.89,,31.89,0,0,0,food
199b61253e5e8251,199b61253e5e8251,2025-10-05T20:31:17Z,Sysco Order #04122387 - Order Allocated - LARIAT,allocated,Sysco Standard Delivery,04122387,10/05/2025,10/06/2025,7221968,Pumpkin Seed Pepitas Raw,1/5LB,SYSCO CLASSIC,1.0,1.0,CS,60.75,,60.75,0,0,0,food
199b61253e5e8251,199b61253e5e8251,2025-10-05T20:31:17Z,Sysco Order #04122387 - Order Allocated - LARIAT,allocated,Sysco Standard Delivery,04122387,10/05/2025,10/06/2025,7644909,Fry On Shortening Frying Liquid,1/35 LB,SYSCO PREMIUM,3.0,3.0,CS,60.99,,182.97,0,0,0,food
199b61253e5e8251,199b61253e5e8251,2025-10-05T20:31:17Z,Sysco Order #04122387 - Order Allocated - LARIAT,allocated,Sysco Standard Delivery,04122387,10/05/2025,10/06/2025,1813973,Pork Chop Bone-in Frenched Long Bone,10/12 OZ,BUCKHEAD PRIDE/ NEWPORT PRIDE,1.0,1.0,CS,22.15,LB,195.23,0,0,0,food
199b61253e5e8251,199b61253e5e8251,2025-10-05T20:31:17Z,Sysco Order #04122387 - Order Allocated - LARIAT,allocated,Sysco Standard Delivery,04122387,10/05/2025,10/06/2025,6040760,Salt Kosher Flake Coarse,12/3LB,SYSCO CLASSIC,1.0,1.0,EA,3.95,,3.95,0,0,0,food
199b61253e5e8251,199b61253e5e8251,2025-10-05T20:31:17Z,Sysco Order #04122387 - Order Allocated - LARIAT,allocated,Sysco Standard Delivery,04122387,10/05/2025,10/06/2025,2916452,Drink Energy,24/12 OZ,RED BULL,1.0,1.0,CS,67.85,,67.85,0,0,0,beverage
199b61253e5e8251,199b61253e5e8251,2025-10-05T20:31:17Z,Sysco Order #04122387 - Order Allocated - LARIAT,allocated,Sysco Standard Delivery,04122387,10/05/2025,10/06/2025,0141382,Relish Pickle Sweet,4/1 GAL,BLOCK & BARREL CLASSIC,1.0,1.0,EA,17.85,,17.85,0,0,0,food
199b61253e5e8251,199b61253e5e8251,2025-10-05T20:31:17Z,Sysco Order #04122387 - Order Allocated - LARIAT,allocated,Sysco Standard Delivery,04122387,10/05/2025,10/06/2025,1491552,"Bun Brioche 4.5""",8/10CT,TURANO,1.0,1.0,CS,55.45,,55.45,0,0,0,food
199b61253e5e8251,199b61253e5e8251,2025-10-05T20:31:17Z,Sysco Order #04122387 - Order Allocated - LARIAT,allocated,Sysco Standard Delivery,04122387,10/05/2025,10/06/2025,3554615,"Potato Fry 5/16"" Beer Extra Long",6/5 LB,SYSCO IMPERIAL,3.0,3.0,CS,55.0,,165.0,0,0,0,food
199b61253e5e8251,199b61253e5e8251,2025-10-05T20:31:17Z,Sysco Order #04122387 - Order Allocated - LARIAT,allocated,Sysco Standard Delivery,04122387,10/05/2025,10/06/2025,7085140,Corn Yellow Roasted Blend,6/2.5LB,SYSCO IMPERIAL,1.0,1.0,CS,50.59,,50.59,0,0,0,food
199b61253e5e8251,199b61253e5e8251,2025-10-05T20:31:17Z,Sysco Order #04122387 - Order Allocated - LARIAT,allocated,Sysco Standard Delivery,04122387,10/05/2025,10/06/2025,7005009,Chile Green Hatch Diced Mild,5/5LB,YOUNG GUNS PRODUCE,1.0,1.0,CS,51.99,,51.99,0,0,0,food
199b61253e5e8251,199b61253e5e8251,2025-10-05T20:31:17Z,Sysco Order #04122387 - Order Allocated - LARIAT,allocated,Sysco Standard Delivery,04122387,10/05/2025,10/06/2025,1400464,Chicken Tenders Breaded Golden Flat Large,2/5 LB,SYSCO CLASSIC,1.0,1.0,CS,55.95,,55.95,0,0,0,food
199b61253e5e8251,199b61253e5e8251,2025-10-05T20:31:17Z,Sysco Order #04122387 - Order Allocated - LARIAT,allocated,Sysco Standard Delivery,04122387,10/05/2025,10/06/2025,8071803,Pangasius Fillet Iqf 7-9 Ounce,1/15 LB,PORTICO IMPERIAL,2.0,2.0,CS,49.79,,99.58,0,0,0,food
199b61253e5e8251,199b61253e5e8251,2025-10-05T20:31:17Z,Sysco Order #04122387 - Order Allocated - LARIAT,allocated,Sysco Standard Delivery,04122387,10/05/2025,10/06/2025,7121503,Sausage Breakfast Patty 3.5 Ounce Antibiotic Free,42/3.5OZ,Polidori,1.0,1.0,CS,55.95,,55.95,0,0,0,food
199b61253e5e8251,199b61253e5e8251,2025-10-05T20:31:17Z,Sysco Order #04122387 - Order Allocated - LARIAT,allocated,Sysco Standard Delivery,04122387,10/05/2025,10/06/2025,2369233,Chicken Wing Steamed Precooked Large,2/5LB,SYSCO CLASSIC,6.0,6.0,CS,47.99,,287.94,0,0,0,food
199b61253e5e8251,199b61253e5e8251,2025-10-05T20:31:17Z,Sysco Order #04122387 - Order Allocated - LARIAT,allocated,Sysco Standard Delivery,04122387,10/05/2025,10/06/2025,5098496,Pork Ham Shank Pig Wing 4 Ounce,2/4.5LB,SYSCO CLASSIC,2.0,2.0,CS,92.75,,185.5,0,0,0,food
199b61253e5e8251,199b61253e5e8251,2025-10-05T20:31:17Z,Sysco Order #04122387 - Order Allocated - LARIAT,allocated,Sysco Standard Delivery,04122387,10/05/2025,10/06/2025,7181814,Sausage Chorizo Bulk Raw,2/7 LB,Polidori,1.0,1.0,CS,62.0,,62.0,0,0,0,food
199b61253e5e8251,199b61253e5e8251,2025-10-05T20:31:17Z,Sysco Order #04122387 - Order Allocated - LARIAT,allocated,Sysco Standard Delivery,04122387,10/05/2025,10/06/2025,2058881,Chives Fresh Herb,1/1 LB,IMPERIAL FRESH,1.0,1.0,CS,16.55,,16.55,0,0,0,food
199b61253e5e8251,199b61253e5e8251,2025-10-05T20:31:17Z,Sysco Order #04122387 - Order Allocated - LARIAT,allocated,Sysco Standard Delivery,04122387,10/05/2025,10/06/2025,7218368,Shallot Whole Fresh,1/10 LB,IMPERIAL FRESH,1.0,1.0,CS,34.45,,34.45,0,0,0,food
199b61253e5e8251,199b61253e5e8251,2025-10-05T20:31:17Z,Sysco Order #04122387 - Order Allocated - LARIAT,allocated,Sysco Standard Delivery,04122387,10/05/2025,10/06/2025,4002408,Mayonnaise Heavy Duty Pail,1/28LB,SYSCO RELIANCE,1.0,1.0,CS,55.95,,55.95,0,0,0,food
199b61253e5e8251,199b61253e5e8251,2025-10-05T20:31:17Z,Sysco Order #04122387 - Order Allocated - LARIAT,allocated,Sysco Standard Delivery,04122387,10/05/2025,10/06/2025,5844220,Bean Black,6/#10,CASA SOLANA CLASSIC,1.0,1.0,CS,39.85,,39.85,0,0,0,food
199b61253e5e8251,199b61253e5e8251,2025-10-05T20:31:17Z,Sysco Order #04122387 - Order Allocated - LARIAT,allocated,Sysco Standard Delivery,04122387,10/05/2025,10/06/2025,9123399,Tomatillo Crushed,6/#10,DEL SOL (CANNED),1.0,1.0,CS,40.95,,40.95,0,0,0,food
199b61253e5e8251,199b61253e5e8251,2025-10-05T20:31:17Z,Sysco Order #04122387 - Order Allocated - LARIAT,allocated,Sysco Standard Delivery,04122387,10/05/2025,10/06/2025,1423726,Container Paper #4 Takeout Kraft,2/45CT,EARTH PLUS,2.0,2.0,CS,52.95,,105.9,0,0,0,non_food
199b61253e5e8251,199b61253e5e8251,2025-10-05T20:31:17Z,Sysco Order #04122387 - Order Allocated - LARIAT,allocated,Sysco Standard Delivery,04122387,10/05/2025,10/06/2025,8231512,Container Plastic Deli Translucent With Lid,240/32OZ,DELITAINER (NEWSPRING),1.0,1.0,CS,53.69,,53.69,0,0,0,non_food
199b61253e5e8251,199b61253e5e8251,2025-10-05T20:31:17Z,Sysco Order #04122387 - Order Allocated - LARIAT,allocated,Sysco Standard Delivery,04122387,10/05/2025,10/06/2025,8018838,Container Plastic Deli Translucent With Lid,240/16OZ,DELITAINER (NEWSPRING),1.0,1.0,CS,32.95,,32.95,0,0,0,non_food
199b61253e5e8251,199b61253e5e8251,2025-10-05T20:31:17Z,Sysco Order #04122387 - Order Allocated - LARIAT,allocated,Sysco Standard Delivery,04122387,10/05/2025,10/06/2025,2473173,Cup Plastic Kid's Fun Cup Lid And Straw,250/12OZ,SYSCO CLASSIC,1.0,1.0,CS,124.95,,124.95,0,0,0,non_food
199b61253e5e8251,199b61253e5e8251,2025-10-05T20:31:17Z,Sysco Order #04122387 - Order Allocated - LARIAT,allocated,Sysco Standard Delivery,04122387,10/05/2025,10/06/2025,7790795,Lid Plastic Clear For 1.5-2.5 Ounce Portion,24/100CT,SYSCO IMPERIAL,1.0,1.0,CS,19.67,,19.67,0,0,0,non_food
199b61253e5e8251,199b61253e5e8251,2025-10-05T20:31:17Z,Sysco Order #04122387 - Order Allocated - LARIAT,allocated,Sysco Standard Delivery,04122387,10/05/2025,10/06/2025,5424254,Trout Rainbow Whole Boned Pin Bone Out 10 Oz Chl,1/10 LB,PORTICO SIMPLY,1.0,1.0,CS,87.99,,87.99,0,0,0,food
199b61253e5e8251,199b61253e5e8251,2025-10-05T20:31:17Z,Sysco Order #04122387 - Order Allocated - LARIAT,allocated,Sysco Standard Delivery,04122387,10/05/2025,10/06/2025,1008663,Tomato 2 Layer 5x6 Fresh,1/60 CT,IMPERIAL FRESH,1.0,1.0,CS,26.75,,26.75,0,0,0,food
199c5807859577aa,199c5807859577aa,2025-10-08T20:25:54Z,Sysco Order #04129888 - Order Allocated - LARIAT,allocated,Sysco Standard Delivery,04129888,10/08/2025,10/09/2025,1185156,Pepper Jalapeno Fresh,1/5 LB,IMPERIAL FRESH,1.0,1.0,CS,13.45,,13.45,0,0,0,food
199c5807859577aa,199c5807859577aa,2025-10-08T20:25:54Z,Sysco Order #04129888 - Order Allocated - LARIAT,allocated,Sysco Standard Delivery,04129888,10/08/2025,10/09/2025,7235243,Chicken Breast Cutlet 5 Ounce,4/5 LB,RED BIRD INC (POULTRY),1.0,1.0,CS,5.599,LB,112.49,0,0,0,food
199c5807859577aa,199c5807859577aa,2025-10-08T20:25:54Z,Sysco Order #04129888 - Order Allocated - LARIAT,allocated,Sysco Standard Delivery,04129888,10/08/2025,10/09/2025,6438545,Bacon Layflat Hickory Smoked #2,1/15LB,RANCH & GRILL,1.0,1.0,CS,54.99,,54.99,0,0,0,food
199c5807859577aa,199c5807859577aa,2025-10-08T20:25:54Z,Sysco Order #04129888 - Order Allocated - LARIAT,allocated,Sysco Standard Delivery,04129888,10/08/2025,10/09/2025,3852940,Beef Ground Chuck Brisket Shortrib Patty,24/7 OZ,BUCKHEAD PRIDE/ NEWPORT PRIDE,3.0,3.0,CS,80.85,,242.55,0,0,0,food
199da4f7e5bcea66,199da4f7e5bcea66,2025-10-12T21:24:26Z,Sysco Order #04137850 - Order Allocated - LARIAT,allocated,Sysco Standard Delivery,04137850,10/12/2025,10/13/2025,1185156,Pepper Jalapeno Fresh,1/5 LB,IMPERIAL FRESH,1.0,1.0,CS,13.45,,13.45,0,0,0,food
199da4f7e5bcea66,199da4f7e5bcea66,2025-10-12T21:24:26Z,Sysco Order #04137850 - Order Allocated - LARIAT,allocated,Sysco Standard Delivery,04137850,10/12/2025,10/13/2025,7644909,Fry On Shortening Frying Liquid,1/35 LB,SYSCO PREMIUM,6.0,6.0,CS,58.07,,348.42,0,0,0,food
199da4f7e5bcea66,199da4f7e5bcea66,2025-10-12T21:24:26Z,Sysco Order #04137850 - Order Allocated - LARIAT,allocated,Sysco Standard Delivery,04137850,10/12/2025,10/13/2025,3555349,"Potato Fry 1/4"" X 1/2"" Beer Batter",6/5 LB,SYSCO IMPERIAL,3.0,3.0,CS,66.65,,199.95,0,0,0,food
199da4f7e5bcea66,199da4f7e5bcea66,2025-10-12T21:24:26Z,Sysco Order #04137850 - Order Allocated - LARIAT,allocated,Sysco Standard Delivery,04137850,10/12/2025,10/13/2025,5934567,Liner Trash 39 Inch X 56 Inch 1.7 Mil Silver Linear Low-density Polyethylene (lldpe),50/55GAL,SYSCO CLASSIC,1.0,1.0,CS,44.09,,44.09,0,0,0,non_food
199da4f7e5bcea66,199da4f7e5bcea66,2025-10-12T21:24:26Z,Sysco Order #04137850 - Order Allocated - LARIAT,allocated,Sysco Standard Delivery,04137850,10/12/2025,10/13/2025,5757091,Pepper Chipotle Adobo Sauce,12/7 OZ,EMBASA,1.0,1.0,CS,28.95,,28.95,0,0,0,food
199da4f7e5bcea66,199da4f7e5bcea66,2025-10-12T21:24:26Z,Sysco Order #04137850 - Order Allocated - LARIAT,allocated,Sysco Standard Delivery,04137850,10/12/2025,10/13/2025,5913439,Spice Cumin Ground,3/4.5 LB,SYSCO IMPERIAL/MCCORMICK,1.0,1.0,EA,71.99,,71.99,0,0,0,food
199da4f7e5bcea66,199da4f7e5bcea66,2025-10-12T21:24:26Z,Sysco Order #04137850 - Order Allocated - LARIAT,allocated,Sysco Standard Delivery,04137850,10/12/2025,10/13/2025,5061643,Oil Salad Canola Zero Trans Fat,1/35 LB,SYSCO CLASSIC,1.0,1.0,CS,42.65,,42.65,0,0,0,food
199da4f7e5bcea66,199da4f7e5bcea66,2025-10-12T21:24:26Z,Sysco Order #04137850 - Order Allocated - LARIAT,allocated,Sysco Standard Delivery,04137850,10/12/2025,10/13/2025,1901992,Sauce Chili Sweet Thai,12/32 OZ,MAEPLOY (UNIQUE FOODS),1.0,1.0,CS,65.55,,65.55,0,0,0,food
199da4f7e5bcea66,199da4f7e5bcea66,2025-10-12T21:24:26Z,Sysco Order #04137850 - Order Allocated - LARIAT,allocated,Sysco Standard Delivery,04137850,10/12/2025,10/13/2025,3369347,Sauce Wing Buffalo,4/1 GAL,SWEET BABY RAY'S,1.0,1.0,CS,85.79,,85.79,0,0,0,food
199da4f7e5bcea66,199da4f7e5bcea66,2025-10-12T21:24:26Z,Sysco Order #04137850 - Order Allocated - LARIAT,allocated,Sysco Standard Delivery,04137850,10/12/2025,10/13/2025,1491552,"Bun Brioche 4.5""",8/10CT,TURANO,2.0,2.0,CS,55.45,,110.9,0,0,0,food
199da4f7e5bcea66,199da4f7e5bcea66,2025-10-12T21:24:26Z,Sysco Order #04137850 - Order Allocated - LARIAT,allocated,Sysco Standard Delivery,04137850,10/12/2025,10/13/2025,3554615,"Potato Fry 5/16"" Beer Extra Long",6/5 LB,SYSCO IMPERIAL,3.0,3.0,CS,55.0,,165.0,0,0,0,food
199da4f7e5bcea66,199da4f7e5bcea66,2025-10-12T21:24:26Z,Sysco Order #04137850 - Order Allocated - LARIAT,allocated,Sysco Standard Delivery,04137850,10/12/2025,10/13/2025,0226060,Churro Mexican Mini 2 Inch,1/500 CT,HOLA CHURRO,1.0,1.0,CS,56.99,,56.99,0,0,0,food
199da4f7e5bcea66,199da4f7e5bcea66,2025-10-12T21:24:26Z,Sysco Order #04137850 - Order Allocated - LARIAT,allocated,Sysco Standard Delivery,04137850,10/12/2025,10/13/2025,5098496,Pork Ham Shank Pig Wing 4 Ounce,2/4.5LB,SYSCO CLASSIC,1.0,1.0,CS,92.75,,92.75,0,0,0,food
199da4f7e5bcea66,199da4f7e5bcea66,2025-10-12T21:24:26Z,Sysco Order #04137850 - Order Allocated - LARIAT,allocated,Sysco Standard Delivery,04137850,10/12/2025,10/13/2025,9702150,Pretzel Soft Bavarian 7 Oz,10/4 PK,TEXAS TWIST,1.0,1.0,CS,78.95,,78.95,0,0,0,food
199da4f7e5bcea66,199da4f7e5bcea66,2025-10-12T21:24:26Z,Sysco Order #04137850 - Order Allocated - LARIAT,allocated,Sysco Standard Delivery,04137850,10/12/2025,10/13/2025,7181814,Sausage Chorizo Bulk Raw,2/7 LB,Polidori,2.0,2.0,CS,62.0,,124.0,0,0,0,food
199da4f7e5bcea66,199da4f7e5bcea66,2025-10-12T21:24:26Z,Sysco Order #04137850 - Order Allocated - LARIAT,allocated,Sysco Standard Delivery,04137850,10/12/2025,10/13/2025,3029614,Butter Clarified 4-5#,4/5 LB,WHOLESOME FARMS CLASSIC,1.0,1.0,CS,107.95,,107.95,0,0,0,food
199da4f7e5bcea66,199da4f7e5bcea66,2025-10-12T21:24:26Z,Sysco Order #04137850 - Order Allocated - LARIAT,allocated,Sysco Standard Delivery,04137850,10/12/2025,10/13/2025,7063131,Pickle Chip Bread Butter Refrigerated 500-650 Count,1/2 GAL,BLOCK & BARREL CLASSIC,1.0,1.0,CS,31.89,,31.89,0,0,0,food
199da4f7e5bcea66,199da4f7e5bcea66,2025-10-12T21:24:26Z,Sysco Order #04137850 - Order Allocated - LARIAT,allocated,Sysco Standard Delivery,04137850,10/12/2025,10/13/2025,6395974,Asparagus Jumbo,1/11 LB,PROPACK,1.0,1.0,CS,53.89,,53.89,0,0,0,food
199da4f7e5bcea66,199da4f7e5bcea66,2025-10-12T21:24:26Z,Sysco Order #04137850 - Order Allocated - LARIAT,allocated,Sysco Standard Delivery,04137850,10/12/2025,10/13/2025,0671677,Cheese Blue Crumbles,2/5 LB,SYSCO IMPERIAL,1.0,1.0,CS,40.69,,40.69,0,0,0,food
199da4f7e5bcea66,199da4f7e5bcea66,2025-10-12T21:24:26Z,Sysco Order #04137850 - Order Allocated - LARIAT,allocated,Sysco Standard Delivery,04137850,10/12/2025,10/13/2025,1552272,Cheese Mozzarella Fresh Cryovac Log,8/1 LB,ARREZZIO IMPERIAL,1.0,1.0,CS,38.99,,38.99,0,0,0,food
199da4f7e5bcea66,199da4f7e5bcea66,2025-10-12T21:24:26Z,Sysco Order #04137850 - Order Allocated - LARIAT,allocated,Sysco Standard Delivery,04137850,10/12/2025,10/13/2025,9123399,Tomatillo Crushed,6/#10,DEL SOL (CANNED),1.0,1.0,CS,40.95,,40.95,0,0,0,food
199da4f7e5bcea66,199da4f7e5bcea66,2025-10-12T21:24:26Z,Sysco Order #04137850 - Order Allocated - LARIAT,allocated,Sysco Standard Delivery,04137850,10/12/2025,10/13/2025,4685614,Glove Nitrile Foodservice Powder Free Black La,10/100CT,SYSCO CLASSIC,1.0,1.0,CS,45.0,,45.0,0,0,0,non_food
199da4f7e5bcea66,199da4f7e5bcea66,2025-10-12T21:24:26Z,Sysco Order #04137850 - Order Allocated - LARIAT,allocated,Sysco Standard Delivery,04137850,10/12/2025,10/13/2025,4685621,Glove Nitrile Foodservice Powder Free Black Ex,10/100CT,SYSCO CLASSIC,1.0,1.0,CS,45.0,,45.0,0,0,0,non_food
199da4f7e5bcea66,199da4f7e5bcea66,2025-10-12T21:24:26Z,Sysco Order #04137850 - Order Allocated - LARIAT,allocated,Sysco Standard Delivery,04137850,10/12/2025,10/13/2025,4685594,Glove Nitrile Foodservice Powder Free Black Me,10/100CT,SYSCO CLASSIC,1.0,1.0,CS,45.0,,45.0,0,0,0,non_food
199da4f7e5bcea66,199da4f7e5bcea66,2025-10-12T21:24:26Z,Sysco Order #04137850 - Order Allocated - LARIAT,allocated,Sysco Standard Delivery,04137850,10/12/2025,10/13/2025,1423726,Container Paper #4 Takeout Kraft,2/45CT,EARTH PLUS,1.0,1.0,CS,52.95,,52.95,0,0,0,non_food
199da4f7e5bcea66,199da4f7e5bcea66,2025-10-12T21:24:26Z,Sysco Order #04137850 - Order Allocated - LARIAT,allocated,Sysco Standard Delivery,04137850,10/12/2025,10/13/2025,5793831,Pad Scrub Stainless Steel 35 Gram 1.25 Ounce,6/12CT,SYSCO SUPPLIES CLASSIC,1.0,1.0,CS,64.59,,64.59,0,0,0,non_food
199da4f7e5bcea66,199da4f7e5bcea66,2025-10-12T21:24:26Z,Sysco Order #04137850 - Order Allocated - LARIAT,allocated,Sysco Standard Delivery,04137850,10/12/2025,10/13/2025,4782694,Sugar Granulated Extra Fine Cane,1/50LB,SYSCO CLASSIC,1.0,1.0,CS,43.95,,43.95,0,0,0,food
199da4f7e5bcea66,199da4f7e5bcea66,2025-10-12T21:24:26Z,Sysco Order #04137850 - Order Allocated - LARIAT,allocated,Sysco Standard Delivery,04137850,10/12/2025,10/13/2025,7380755,Chicken Leg Whole Raw Frozen,4/5#AVG,RED BIRD INC (POULTRY),1.0,1.0,CS,2.499,LB,47.48,0,0,0,food
199da4f7e5bcea66,199da4f7e5bcea66,2025-10-12T21:24:26Z,Sysco Order #04137850 - Order Allocated - LARIAT,allocated,Sysco Standard Delivery,04137850,10/12/2025,10/13/2025,1813973,Pork Chop Bone-in Frenched Long Bone,10/12 OZ,BUCKHEAD PRIDE/ NEWPORT PRIDE,1.0,1.0,CS,22.15,LB,189.38,0,0,0,food
199da4f7e5bcea66,199da4f7e5bcea66,2025-10-12T21:24:26Z,Sysco Order #04137850 - Order Allocated - LARIAT,allocated,Sysco Standard Delivery,04137850,10/12/2025,10/13/2025,7198375,Sauce Hot,24/5FOZ,CHOLULA,1.0,1.0,CS,67.65,,67.65,0,0,0,food
199da4f7e5bcea66,199da4f7e5bcea66,2025-10-12T21:24:26Z,Sysco Order #04137850 - Order Allocated - LARIAT,allocated,Sysco Standard Delivery,04137850,10/12/2025,10/13/2025,2916452,Drink Energy,24/12 OZ,RED BULL,1.0,1.0,CS,67.85,,67.85,0,0,0,beverage
199da4f7e5bcea66,199da4f7e5bcea66,2025-10-12T21:24:26Z,Sysco Order #04137850 - Order Allocated - LARIAT,allocated,Sysco Standard Delivery,04137850,10/12/2025,10/13/2025,5966116,Bread Crumbs Japanese Toasted Panko,1/25 LB,JADE MOUNTAIN CLASSIC,1.0,1.0,CS,28.33,,28.33,0,0,0,food
199da4f7e5bcea66,199da4f7e5bcea66,2025-10-12T21:24:26Z,Sysco Order #04137850 - Order Allocated - LARIAT,allocated,Sysco Standard Delivery,04137850,10/12/2025,10/13/2025,7790658,Cup Plastic Portion Black 2 Ounce,12/200CT,SYSCO RELIANCE,1.0,1.0,CS,31.1,,31.1,0,0,0,non_food
199da4f7e5bcea66,199da4f7e5bcea66,2025-10-12T21:24:26Z,Sysco Order #04137850 - Order Allocated - LARIAT,allocated,Sysco Standard Delivery,04137850,10/12/2025,10/13/2025,7790795,Lid Plastic Clear For 1.5-2.5 Ounce Portion,24/100CT,SYSCO IMPERIAL,1.0,1.0,CS,19.67,,19.67,0,0,0,non_food
199da4f7e5bcea66,199da4f7e5bcea66,2025-10-12T21:24:26Z,Sysco Order #04137850 - Order Allocated - LARIAT,allocated,Sysco Standard Delivery,04137850,10/12/2025,10/13/2025,0141382,Relish Pickle Sweet,4/1 GAL,BLOCK & BARREL CLASSIC,1.0,1.0,CS,64.69,,64.69,0,0,0,food
199da4f7e5bcea66,199da4f7e5bcea66,2025-10-12T21:24:26Z,Sysco Order #04137850 - Order Allocated - LARIAT,allocated,Sysco Standard Delivery,04137850,10/12/2025,10/13/2025,5424254,Trout Rainbow Whole Boned Pin Bone Out 10 Oz Chl,1/10 LB,PORTICO SIMPLY,1.0,1.0,CS,87.99,,87.99,0,0,0,food
199da4f7e5bcea66,199da4f7e5bcea66,2025-10-12T21:24:26Z,Sysco Order #04137850 - Order Allocated - LARIAT,allocated,Sysco Standard Delivery,04137850,10/12/2025,10/13/2025,3852940,Beef Ground Chuck Brisket Shortrib Patty,24/7 OZ,BUCKHEAD PRIDE/ NEWPORT PRIDE,1.0,1.0,CS,76.85,,76.85,0,0,0,food
199e94e81a0024d7,199e94e81a0024d7,2025-10-15T19:17:39Z,Sysco Order #04144410 - Order Allocated - LARIAT,allocated,Sysco Standard Delivery,04144410,10/15/2025,10/16/2025,7792187,Chicken Thigh Boneless Skinless Controlled Vac,4/10 LB,SYSCO CLASSIC,1.0,1.0,CS,80.93,,80.93,0,0,0,food
199e94e81a0024d7,199e94e81a0024d7,2025-10-15T19:17:39Z,Sysco Order #04144410 - Order Allocated - LARIAT,allocated,Sysco Standard Delivery,04144410,10/15/2025,10/16/2025,7311488,Appetizer Spring Roll Chile Relleno,4/14 CT,SYSCO PREMIUM,2.0,2.0,CS,57.99,,115.98,0,0,0,food
199e94e81a0024d7,199e94e81a0024d7,2025-10-15T19:17:39Z,Sysco Order #04144410 - Order Allocated - LARIAT,allocated,Sysco Standard Delivery,04144410,10/15/2025,10/16/2025,2369233,Chicken Wing Steamed Precooked Large,2/5LB,SYSCO CLASSIC,2.0,2.0,CS,47.99,,95.98,0,0,0,food
199e94e81a0024d7,199e94e81a0024d7,2025-10-15T19:17:39Z,Sysco Order #04144410 - Order Allocated - LARIAT,allocated,Sysco Standard Delivery,04144410,10/15/2025,10/16/2025,7235243,Chicken Breast Cutlet 5 Ounce,4/5 LB,RED BIRD INC (POULTRY),3.0,3.0,CS,5.599,LB,316.98,0,0,0,food
199e94e81a0024d7,199e94e81a0024d7,2025-10-15T19:17:39Z,Sysco Order #04144410 - Order Allocated - LARIAT,allocated,Sysco Standard Delivery,04144410,10/15/2025,10/16/2025,3746377,Bun Brioche Bistro Slider,8/24 CT,ALPHA,1.0,1.0,CS,70.99,,70.99,0,0,0,food
199e94e81a0024d7,199e94e81a0024d7,2025-10-15T19:17:39Z,Sysco Order #04144410 - Order Allocated - LARIAT,allocated,Sysco Standard Delivery,04144410,10/15/2025,10/16/2025,3533643,Tomatillo Whole,6/100 OZ,DEL SOL (CANNED),1.0,1.0,CS,36.65,,36.65,0,0,0,food
199fe3bac6ee7cf6,199fe3bac6ee7cf6,2025-10-19T20:49:07Z,Sysco Order #04152202 - Order Allocated - LARIAT,allocated,Sysco Standard Delivery,04152202,10/19/2025,10/20/2025,5934567,Liner Trash 39 Inch X 56 Inch 1.7 Mil Silver Linear Low-density Polyethylene (lldpe),50/55GAL,SYSCO CLASSIC,1.0,1.0,CS,44.09,,44.09,0,0,0,non_food
199fe3bac6ee7cf6,199fe3bac6ee7cf6,2025-10-19T20:49:07Z,Sysco Order #04152202 - Order Allocated - LARIAT,allocated,Sysco Standard Delivery,04152202,10/19/2025,10/20/2025,5061643,Oil Salad Canola Zero Trans Fat,1/35 LB,SYSCO CLASSIC,1.0,1.0,CS,42.65,,42.65,0,0,0,food
199fe3bac6ee7cf6,199fe3bac6ee7cf6,2025-10-19T20:49:07Z,Sysco Order #04152202 - Order Allocated - LARIAT,allocated,Sysco Standard Delivery,04152202,10/19/2025,10/20/2025,1491552,"Bun Brioche 4.5""",8/10CT,TURANO,2.0,2.0,CS,55.45,,110.9,0,0,0,food
199fe3bac6ee7cf6,199fe3bac6ee7cf6,2025-10-19T20:49:07Z,Sysco Order #04152202 - Order Allocated - LARIAT,allocated,Sysco Standard Delivery,04152202,10/19/2025,10/20/2025,3554615,"Potato Fry 5/16"" Beer Extra Long",6/5 LB,SYSCO IMPERIAL,2.0,2.0,CS,55.0,,110.0,0,0,0,food
199fe3bac6ee7cf6,199fe3bac6ee7cf6,2025-10-19T20:49:07Z,Sysco Order #04152202 - Order Allocated - LARIAT,allocated,Sysco Standard Delivery,04152202,10/19/2025,10/20/2025,7005009,Chile Green Hatch Diced Mild,5/5LB,YOUNG GUNS PRODUCE,1.0,1.0,CS,51.99,,51.99,0,0,0,food
199fe3bac6ee7cf6,199fe3bac6ee7cf6,2025-10-19T20:49:07Z,Sysco Order #04152202 - Order Allocated - LARIAT,allocated,Sysco Standard Delivery,04152202,10/19/2025,10/20/2025,3852940,Beef Ground Chuck Brisket Shortrib Patty,24/7 OZ,BUCKHEAD PRIDE/ NEWPORT PRIDE,2.0,2.0,CS,77.99,,155.98,0,0,0,food
199fe3bac6ee7cf6,199fe3bac6ee7cf6,2025-10-19T20:49:07Z,Sysco Order #04152202 - Order Allocated - LARIAT,allocated,Sysco Standard Delivery,04152202,10/19/2025,10/20/2025,2369233,Chicken Wing Steamed Precooked Large,2/5LB,SYSCO CLASSIC,4.0,4.0,CS,47.99,,191.96,0,0,0,food
199fe3bac6ee7cf6,199fe3bac6ee7cf6,2025-10-19T20:49:07Z,Sysco Order #04152202 - Order Allocated - LARIAT,allocated,Sysco Standard Delivery,04152202,10/19/2025,10/20/2025,5098496,Pork Ham Shank Pig Wing 4 Ounce,2/4.5LB,SYSCO CLASSIC,2.0,2.0,CS,92.75,,185.5,0,0,0,food
199fe3bac6ee7cf6,199fe3bac6ee7cf6,2025-10-19T20:49:07Z,Sysco Order #04152202 - Order Allocated - LARIAT,allocated,Sysco Standard Delivery,04152202,10/19/2025,10/20/2025,7235243,Chicken Breast Cutlet 5 Ounce,4/5 LB,RED BIRD INC (POULTRY),2.0,2.0,CS,5.599,LB,220.77,0,0,0,food
199fe3bac6ee7cf6,199fe3bac6ee7cf6,2025-10-19T20:49:07Z,Sysco Order #04152202 - Order Allocated - LARIAT,allocated,Sysco Standard Delivery,04152202,10/19/2025,10/20/2025,3777570,Bacon Shingle Center-cut 7-9 Per Pound Honey Gas Flushed,1/15#,DAILYS BACON,4.0,4.0,CS,72.75,,291.0,0,0,0,food
199fe3bac6ee7cf6,199fe3bac6ee7cf6,2025-10-19T20:49:07Z,Sysco Order #04152202 - Order Allocated - LARIAT,allocated,Sysco Standard Delivery,04152202,10/19/2025,10/20/2025,6438545,Bacon Layflat Hickory Smoked #2,1/15LB,RANCH & GRILL,1.0,1.0,CS,50.59,,50.59,0,0,0,food
199fe3bac6ee7cf6,199fe3bac6ee7cf6,2025-10-19T20:49:07Z,Sysco Order #04152202 - Order Allocated - LARIAT,allocated,Sysco Standard Delivery,04152202,10/19/2025,10/20/2025,7181814,Sausage Chorizo Bulk Raw,2/7 LB,Polidori,1.0,1.0,CS,63.85,,63.85,0,0,0,food
199fe3bac6ee7cf6,199fe3bac6ee7cf6,2025-10-19T20:49:07Z,Sysco Order #04152202 - Order Allocated - LARIAT,allocated,Sysco Standard Delivery,04152202,10/19/2025,10/20/2025,6046902,Pork Butt Boneless 1/4 6-9 Pounds Each Fresh,8/6-9#AV,BUTCHERS BLOCK,1.0,1.0,CS,2.359,LB,170.08,0,0,0,food
199fe3bac6ee7cf6,199fe3bac6ee7cf6,2025-10-19T20:49:07Z,Sysco Order #04152202 - Order Allocated - LARIAT,allocated,Sysco Standard Delivery,04152202,10/19/2025,10/20/2025,4595138,Cleaner Grill And Panini High Temperature,6/32 OZ,ECOLAB,1.0,1.0,CS,161.99,,161.99,0,0,0,non_food
199fe3bac6ee7cf6,199fe3bac6ee7cf6,2025-10-19T20:49:07Z,Sysco Order #04152202 - Order Allocated - LARIAT,allocated,Sysco Standard Delivery,04152202,10/19/2025,10/20/2025,8516029,"Potato Sweet Julienne .188""",5/3 LB,LAMB WESTON,2.0,2.0,CS,49.95,,99.9,0,0,0,food
199fe3bac6ee7cf6,199fe3bac6ee7cf6,2025-10-19T20:49:07Z,Sysco Order #04152202 - Order Allocated - LARIAT,allocated,Sysco Standard Delivery,04152202,10/19/2025,10/20/2025,6040885,Pasta Cavatappi 100% Durum Wheat Semolina,2/10 LB,PASTA LABELLA,2.0,2.0,CS,32.75,,65.5,0,0,0,food
199fe3bac6ee7cf6,199fe3bac6ee7cf6,2025-10-19T20:49:07Z,Sysco Order #04152202 - Order Allocated - LARIAT,allocated,Sysco Standard Delivery,04152202,10/19/2025,10/20/2025,7644909,Fry On Shortening Frying Liquid,1/35 LB,SYSCO PREMIUM,6.0,6.0,CS,58.07,,348.42,0,0,0,food
199fe3bac6ee7cf6,199fe3bac6ee7cf6,2025-10-19T20:49:07Z,Sysco Order #04152202 - Order Allocated - LARIAT,allocated,Sysco Standard Delivery,04152202,10/19/2025,10/20/2025,0141671,Relish Pickle Dill,4/1 GAL,BLOCK & BARREL CLASSIC,1.0,1.0,CS,61.95,,61.95,0,0,0,food
199fe3bac6ee7cf6,199fe3bac6ee7cf6,2025-10-19T20:49:07Z,Sysco Order #04152202 - Order Allocated - LARIAT,allocated,Sysco Standard Delivery,04152202,10/19/2025,10/20/2025,6040760,Salt Kosher Flake Coarse,12/3LB,SYSCO CLASSIC,1.0,1.0,EA,3.95,,3.95,0,0,0,food
199fe3bac6ee7cf6,199fe3bac6ee7cf6,2025-10-19T20:49:07Z,Sysco Order #04152202 - Order Allocated - LARIAT,allocated,Sysco Standard Delivery,04152202,10/19/2025,10/20/2025,2916452,Drink Energy,24/12 OZ,RED BULL,1.0,1.0,CS,67.85,,67.85,0,0,0,beverage
199fe3bac6ee7cf6,199fe3bac6ee7cf6,2025-10-19T20:49:07Z,Sysco Order #04152202 - Order Allocated - LARIAT,allocated,Sysco Standard Delivery,04152202,10/19/2025,10/20/2025,6938328,Foil Aluminum Roll Standard Weight 500 Feet,1/18 IN,SYSCO CLASSIC,1.0,1.0,CS,25.19,,25.19,0,0,0,non_food
199fe3bac6ee7cf6,199fe3bac6ee7cf6,2025-10-19T20:49:07Z,Sysco Order #04152202 - Order Allocated - LARIAT,allocated,Sysco Standard Delivery,04152202,10/19/2025,10/20/2025,5102736,Sauce Tabasco Hot,12/5OZ,TABASCO,1.0,1.0,CS,43.99,,43.99,0,0,0,food
19a312a1895af58c,19a31877609182e4,2025-10-29T19:52:32Z,Sysco Order #04169375 - Order Allocated - LARIAT,allocated,Sysco Standard Delivery,04169375,10/29/2025,10/30/2025,7181814,Sausage Chorizo Bulk Raw,2/7 LB,Polidori,2.0,2.0,CS,65.76,,131.52,0,0,0,food
19a312a1895af58c,19a31877609182e4,2025-10-29T19:52:32Z,Sysco Order #04169375 - Order Allocated - LARIAT,allocated,Sysco Standard Delivery,04169375,10/29/2025,10/30/2025,5934567,Liner Trash 39 Inch X 56 Inch 1.7 Mil Silver Linear Low-density Polyethylene (lldpe),50/55GAL,SYSCO CLASSIC,1.0,1.0,CS,44.09,,44.09,0,0,0,non_food
19a312a1895af58c,19a31877609182e4,2025-10-29T19:52:32Z,Sysco Order #04169375 - Order Allocated - LARIAT,allocated,Sysco Standard Delivery,04169375,10/29/2025,10/30/2025,1970896,"Tortilla Corn White 6""",12/60 CT,MISSION FOODS,1.0,1.0,CS,45.95,,45.95,0,0,0,food
19a312a1895af58c,19a31877609182e4,2025-10-29T19:52:32Z,Sysco Order #04169375 - Order Allocated - LARIAT,allocated,Sysco Standard Delivery,04169375,10/29/2025,10/30/2025,1491552,"Bun Brioche 4.5""",8/10CT,TURANO,1.0,1.0,CS,50.45,,50.45,0,0,0,food
19a312a1895af58c,19a31877609182e4,2025-10-29T19:52:32Z,Sysco Order #04169375 - Order Allocated - LARIAT,allocated,Sysco Standard Delivery,04169375,10/29/2025,10/30/2025,4002408,Mayonnaise Heavy Duty Pail,1/28LB,SYSCO RELIANCE,1.0,1.0,CS,55.95,,55.95,0,0,0,food
19a312a1895af58c,19a31877609182e4,2025-10-29T19:52:32Z,Sysco Order #04169375 - Order Allocated - LARIAT,allocated,Sysco Standard Delivery,04169375,10/29/2025,10/30/2025,1008663,Tomato 2 Layer 5x6 Fresh,1/60 CT,IMPERIAL FRESH,2.0,2.0,CS,35.95,,71.9,0,0,0,food
19a312a1895af58c,19a31877609182e4,2025-10-29T19:52:32Z,Sysco Order #04169375 - Order Allocated - LARIAT,allocated,Sysco Standard Delivery,04169375,10/29/2025,10/30/2025,7210106,Onion Red Jumbo Sack,10/5 LB,IMPERIAL FRESH,1.0,1.0,CS,40.99,,40.99,0,0,0,food
19a312a1895af58c,19a31877609182e4,2025-10-29T19:52:32Z,Sysco Order #04169375 - Order Allocated - LARIAT,allocated,Sysco Standard Delivery,04169375,10/29/2025,10/30/2025,1094697,Onions White Jumbo Bag,1/50LB,IMPERIAL FRESH,1.0,1.0,CS,26.95,,26.95,0,0,0,food
19a312a1895af58c,19a31877609182e4,2025-10-29T19:52:32Z,Sysco Order #04169375 - Order Allocated - LARIAT,allocated,Sysco Standard Delivery,04169375,10/29/2025,10/30/2025,5844220,Bean Black,6/#10,CASA SOLANA CLASSIC,1.0,1.0,CS,39.85,,39.85,0,0,0,food
19a312a1895af58c,19a31877609182e4,2025-10-29T19:52:32Z,Sysco Order #04169375 - Order Allocated - LARIAT,allocated,Sysco Standard Delivery,04169375,10/29/2025,10/30/2025,4685621,Glove Nitrile Foodservice Powder Free Black Ex,10/100CT,SYSCO CLASSIC,1.0,1.0,CS,44.82,,44.82,0,0,0,non_food
19a312a1895af58c,19a31877609182e4,2025-10-29T19:52:32Z,Sysco Order #04169375 - Order Allocated - LARIAT,allocated,Sysco Standard Delivery,04169375,10/29/2025,10/30/2025,1423726,Container Paper #4 Takeout Kraft,2/45CT,EARTH PLUS,1.0,1.0,CS,52.95,,52.95,0,0,0,non_food
19a312a1895af58c,19a31877609182e4,2025-10-29T19:52:32Z,Sysco Order #04169375 - Order Allocated - LARIAT,allocated,Sysco Standard Delivery,04169375,10/29/2025,10/30/2025,7644909,Fry On Shortening Frying Liquid,1/35 LB,SYSCO PREMIUM,3.0,3.0,CS,60.49,,181.47,0,0,0,food
19a312a1895af58c,19a31877609182e4,2025-10-29T19:52:32Z,Sysco Order #04169375 - Order Allocated - LARIAT,allocated,Sysco Standard Delivery,04169375,10/29/2025,10/30/2025,5424254,Trout Rainbow Whole Boned Pin Bone Out 10 Oz Chl,1/10 LB,PORTICO SIMPLY,1.0,1.0,CS,89.95,,89.95,0,0,0,food
19a312a1895af58c,19a31877609182e4,2025-10-29T19:52:32Z,Sysco Order #04169375 - Order Allocated - LARIAT,allocated,Sysco Standard Delivery,04169375,10/29/2025,10/30/2025,2916452,Drink Energy,24/12 OZ,RED BULL,1.0,1.0,CS,67.85,,67.85,0,0,0,beverage
19a312a1895af58c,19a31877609182e4,2025-10-29T19:52:32Z,Sysco Order #04169375 - Order Allocated - LARIAT,allocated,Sysco Standard Delivery,04169375,10/29/2025,10/30/2025,1675909,Lettuce Greens Leaf Fresh,4/6 CT,SYSCO/FRESHPOINT NATURAL,1.0,1.0,EA,22.99,,22.99,0,0,0,food
19a312a1895af58c,19a31877609182e4,2025-10-29T19:52:32Z,Sysco Order #04169375 - Order Allocated - LARIAT,allocated,Sysco Standard Delivery,04169375,10/29/2025,10/30/2025,0610337,Drink Energy Red Bull,24/8.4 OZ,RED BULL,1.0,1.0,CS,46.75,,46.75,0,0,0,beverage
19a312a1895af58c,19a31877609182e4,2025-10-29T19:52:32Z,Sysco Order #04169375 - Order Allocated - LARIAT,allocated,Sysco Standard Delivery,04169375,10/29/2025,10/30/2025,5661143,Tomato Cherry Heirloom Mix,12/.5 PTS,PACKER,1.0,1.0,CS,40.95,,40.95,0,0,0,food
19a312a1895af58c,19a31877609182e4,2025-10-29T19:52:32Z,Sysco Order #04169375 - Order Allocated - LARIAT,allocated,Sysco Standard Delivery,04169375,10/29/2025,10/30/2025,6935464,Cream Heavy 40% Extended Shelf Life Stabilized,12/32OZ,WHOLESOME FARMS CLASSIC,1.0,1.0,CS,69.85,,69.85,0,0,0,food
19a312a1895af58c,19a31877609182e4,2025-10-29T19:52:32Z,Sysco Order #04169375 - Order Allocated - LARIAT,allocated,Sysco Standard Delivery,04169375,10/29/2025,10/30/2025,6040760,Salt Kosher Flake Coarse,12/3LB,SYSCO CLASSIC,1.0,1.0,EA,3.95,,3.95,0,0,0,food
19a46951a65d74f8,19a46951a65d74f8,2025-11-02T21:59:27Z,Sysco Order Oct 29 2025 01:58 PM  - Order Confirmation - LARIAT,confirmation,Sysco Standard Delivery,04179930,11/02/2025,11/02/2025,2916452,Drink Energy,24/12 OZ,RED BULL,1.0,1.0,CS,67.85,,67.85,0,0,0,beverage
19a46951a65d74f8,19a46951a65d74f8,2025-11-02T21:59:27Z,Sysco Order Oct 29 2025 01:58 PM  - Order Confirmation - LARIAT,confirmation,Sysco Standard Delivery,04179930,11/02/2025,11/02/2025,2369233,Chicken Wing Steamed Precooked Large,2/5LB,SYSCO CLASSIC,3.0,3.0,CS,50.9,,152.7,0,0,0,food
19a46951a65d74f8,19a46951a65d74f8,2025-11-02T21:59:27Z,Sysco Order Oct 29 2025 01:58 PM  - Order Confirmation - LARIAT,confirmation,Sysco Standard Delivery,04179930,11/02/2025,11/02/2025,5661143,Tomato Cherry Heirloom Mix,12/.5 PTS,PACKER,1.0,1.0,CS,40.95,,40.95,0,0,0,food
19a46951a65d74f8,19a46951a65d74f8,2025-11-02T21:59:27Z,Sysco Order Oct 29 2025 01:58 PM  - Order Confirmation - LARIAT,confirmation,Sysco Standard Delivery,04179930,11/02/2025,11/02/2025,5424254,Trout Rainbow Whole Boned Pin Bone Out 10 Oz Chl,1/10 LB,PORTICO SIMPLY,1.0,1.0,CS,89.95,,89.95,0,0,0,food
19a46951a65d74f8,19a46951a65d74f8,2025-11-02T21:59:27Z,Sysco Order Oct 29 2025 01:58 PM  - Order Confirmation - LARIAT,confirmation,Sysco Standard Delivery,04179930,11/02/2025,11/02/2025,6935464,Cream Heavy 40% Extended Shelf Life Stabilized,12/32OZ,WHOLESOME FARMS CLASSIC,1.0,1.0,CS,24.78,,24.78,0,0,0,food
19a46951a65d74f8,19a46951a65d74f8,2025-11-02T21:59:27Z,Sysco Order Oct 29 2025 01:58 PM  - Order Confirmation - LARIAT,confirmation,Sysco Standard Delivery,04179930,11/02/2025,11/02/2025,9903289,Cilantro Fresh Iceless,1/60 CT,IMPERIAL FRESH,1.0,1.0,CS,28.45,,28.45,0,0,0,food
19a46951a65d74f8,19a46951a65d74f8,2025-11-02T21:59:27Z,Sysco Order Oct 29 2025 01:58 PM  - Order Confirmation - LARIAT,confirmation,Sysco Standard Delivery,04179930,11/02/2025,11/02/2025,4566873,Mix Cornbread Homestyle Complete,6/5 LB,KRUSTEAZ,1.0,1.0,CS,87.49,,87.49,0,0,0,food
19a46951a65d74f8,19a46951a65d74f8,2025-11-02T21:59:27Z,Sysco Order Oct 29 2025 01:58 PM  - Order Confirmation - LARIAT,confirmation,Sysco Standard Delivery,04179930,11/02/2025,11/02/2025,5098496,Pork Ham Shank Pig Wing 4 Ounce,2/4.5LB,SYSCO CLASSIC,1.0,1.0,CS,92.75,,92.75,0,0,0,food
19a46951a65d74f8,19a46951a65d74f8,2025-11-02T21:59:27Z,Sysco Order Oct 29 2025 01:58 PM  - Order Confirmation - LARIAT,confirmation,Sysco Standard Delivery,04179930,11/02/2025,11/02/2025,7005009,Chile Green Hatch Diced Mild,5/5LB,YOUNG GUNS PRODUCE,1.0,1.0,CS,53.75,,53.75,0,0,0,food
19a46951a65d74f8,19a46951a65d74f8,2025-11-02T21:59:27Z,Sysco Order Oct 29 2025 01:58 PM  - Order Confirmation - LARIAT,confirmation,Sysco Standard Delivery,04179930,11/02/2025,11/02/2025,3554615,"Potato Fry 5/16"" Beer Extra Long",6/5 LB,SYSCO IMPERIAL,2.0,2.0,CS,55.0,,110.0,0,0,0,food
19a46951a65d74f8,19a46951a65d74f8,2025-11-02T21:59:27Z,Sysco Order Oct 29 2025 01:58 PM  - Order Confirmation - LARIAT,confirmation,Sysco Standard Delivery,04179930,11/02/2025,11/02/2025,3852940,Beef Ground Chuck Brisket Shortrib Patty,24/7 OZ,BUCKHEAD PRIDE/ NEWPORT PRIDE,2.0,2.0,CS,74.99,,149.98,0,0,0,food
19a46951a65d74f8,19a46951a65d74f8,2025-11-02T21:59:27Z,Sysco Order Oct 29 2025 01:58 PM  - Order Confirmation - LARIAT,confirmation,Sysco Standard Delivery,14095803,11/02/2025,11/02/2025,7397369,Blender Food Stainless Steel 64 Ounces,1/1 EA,SKY FOODS,1.0,1.0,CS,226.83,,226.83,1,0,0,food
19a46951a65d74f8,19a46951a65d74f8,2025-11-02T21:59:27Z,Sysco Order Oct 29 2025 01:58 PM  - Order Confirmation - LARIAT,confirmation,Sold and Shipped by DON,14095803,11/02/2025,11/02/2025,7106053,Blade For #r2 - S Blade,1/EA,"ROBOT COUPE, U.S.A., INC.",1.0,1.0,CS,122.06,,122.06,1,0,0,non_food
19a46951a65d74f8,19a46951a65d74f8,2025-11-02T21:59:27Z,Sysco Order Oct 29 2025 01:58 PM  - Order Confirmation - LARIAT,confirmation,Sold and Shipped by DON,14095803,11/02/2025,11/02/2025,6040760,Salt Kosher Flake Coarse,12/3LB,SYSCO CLASSIC,6.0,6.0,EA,3.95,,23.7,0,0,0,food
19a558d4b620deae,19a558d4b620deae,2025-11-05T19:45:14Z,Sysco Order #04186340 - Order Allocated - LARIAT,allocated,Sysco Standard Delivery,04186340,11/05/2025,11/06/2025,7380755,Chicken Leg Whole Raw Frozen,4/5#AVG,RED BIRD INC (POULTRY),1.0,2.0,CS,2.599,LB,49.38,0,1,0,food
19a558d4b620deae,19a558d4b620deae,2025-11-05T19:45:14Z,Sysco Order #04186340 - Order Allocated - LARIAT,allocated,Sysco Standard Delivery,04186340,11/05/2025,11/06/2025,2369233,Chicken Wing Steamed Precooked Large,2/5LB,SYSCO CLASSIC,2.0,2.0,CS,50.9,,101.8,0,0,0,food
19a558d4b620deae,19a558d4b620deae,2025-11-05T19:45:14Z,Sysco Order #04186340 - Order Allocated - LARIAT,allocated,Sysco Standard Delivery,04186340,11/05/2025,11/06/2025,1007350,Avocado Hass Breaking Fresh,1/48 CT,PROPACK,1.0,1.0,CS,44.49,,44.49,0,0,0,food
19a558d4b620deae,19a558d4b620deae,2025-11-05T19:45:14Z,Sysco Order #04186340 - Order Allocated - LARIAT,allocated,Sysco Standard Delivery,04186340,11/05/2025,11/06/2025,2004513,Basil Fresh Herb,1/4 OZ,IMPERIAL FRESH,1.0,1.0,CS,6.95,,6.95,0,0,0,food
19a558d4b620deae,19a558d4b620deae,2025-11-05T19:45:14Z,Sysco Order #04186340 - Order Allocated - LARIAT,allocated,Sysco Standard Delivery,04186340,11/05/2025,11/06/2025,6040760,Salt Kosher Flake Coarse,12/3LB,SYSCO CLASSIC,5.0,5.0,EA,3.95,,19.75,0,0,0,food
19a558d4b620deae,19a558d4b620deae,2025-11-05T19:45:14Z,Sysco Order #04186340 - Order Allocated - LARIAT,allocated,Sysco Standard Delivery,04186340,11/05/2025,11/06/2025,4874526,Pork Chop Bone In Frenched Long Bone Frozen,10/12 OZ,BUCKHEAD PRIDE/ NEWPORT PRIDE,1.0,1.0,CS,17.95,,143.6,0,0,0,food
19a558d4b620deae,19a558d4b620deae,2025-11-05T19:45:14Z,Sysco Order #04186340 - Order Allocated - LARIAT,allocated,Sysco Standard Delivery,04186340,11/05/2025,11/06/2025,7792187,Chicken Thigh Boneless Skinless Controlled Vac,4/10 LB,SYSCO CLASSIC,2.0,2.0,CS,64.73,,129.46,0,0,0,food
19a558d4b620deae,19a558d4b620deae,2025-11-05T19:45:14Z,Sysco Order #04186340 - Order Allocated - LARIAT,allocated,Sysco Standard Delivery,04186340,11/05/2025,11/06/2025,0610337,Drink Energy Red Bull,24/8.4 OZ,RED BULL,1.0,1.0,CS,51.95,,51.95,0,0,0,beverage
19a7a1d1c9bd2e21,19a7a1d1c9bd2e21,2025-11-12T22:08:39Z,Sysco Order #04201201 - Order Allocated - LARIAT,allocated,Sysco Standard Delivery,04201201,11/12/2025,11/13/2025,1008663,Tomato 2 Layer 5x6 Fresh,1/60 CT,IMPERIAL FRESH,1.0,1.0,CS,29.99,,29.99,0,0,0,food
19a7a1d1c9bd2e21,19a7a1d1c9bd2e21,2025-11-12T22:08:39Z,Sysco Order #04201201 - Order Allocated - LARIAT,allocated,Sysco Standard Delivery,04201201,11/12/2025,11/13/2025,0610337,Drink Energy Red Bull,24/8.4 OZ,RED BULL,1.0,1.0,CS,51.95,,51.95,0,0,0,beverage
19a7a1d1c9bd2e21,19a7a1d1c9bd2e21,2025-11-12T22:08:39Z,Sysco Order #04201201 - Order Allocated - LARIAT,allocated,Sysco Standard Delivery,04201201,11/12/2025,11/13/2025,5934567,Liner Trash 39 Inch X 56 Inch 1.7 Mil Silver Linear Low-density Polyethylene (lldpe),50/55GAL,SYSCO CLASSIC,1.0,1.0,CS,44.09,,44.09,0,0,0,non_food
19a7a1d1c9bd2e21,19a7a1d1c9bd2e21,2025-11-12T22:08:39Z,Sysco Order #04201201 - Order Allocated - LARIAT,allocated,Sysco Standard Delivery,04201201,11/12/2025,11/13/2025,3554615,"Potato Fry 5/16"" Beer Extra Long",6/5 LB,SYSCO IMPERIAL,2.0,2.0,CS,55.0,,110.0,0,0,0,food
19a7a1d1c9bd2e21,19a7a1d1c9bd2e21,2025-11-12T22:08:39Z,Sysco Order #04201201 - Order Allocated - LARIAT,allocated,Sysco Standard Delivery,04201201,11/12/2025,11/13/2025,1185156,Pepper Jalapeno Fresh,1/5 LB,IMPERIAL FRESH,1.0,1.0,CS,14.65,,14.65,0,0,0,food
19a7a1d1c9bd2e21,19a7a1d1c9bd2e21,2025-11-12T22:08:39Z,Sysco Order #04201201 - Order Allocated - LARIAT,allocated,Sysco Standard Delivery,04201201,11/12/2025,11/13/2025,7134591,Cucumber English Medium Seedless 12 Count,1/12CT,IMPERIAL FRESH,1.0,1.0,CS,20.79,,20.79,0,0,0,food
19a7a1d1c9bd2e21,19a7a1d1c9bd2e21,2025-11-12T22:08:39Z,Sysco Order #04201201 - Order Allocated - LARIAT,allocated,Sysco Standard Delivery,04201201,11/12/2025,11/13/2025,1094697,Onions White Jumbo Bag,1/50LB,IMPERIAL FRESH,1.0,1.0,CS,27.65,,27.65,0,0,0,food
19a7a1d1c9bd2e21,19a7a1d1c9bd2e21,2025-11-12T22:08:39Z,Sysco Order #04201201 - Order Allocated - LARIAT,allocated,Sysco Standard Delivery,04201201,11/12/2025,11/13/2025,2916452,Drink Energy,24/12 OZ,RED BULL,1.0,1.0,CS,67.85,,67.85,0,0,0,beverage
19a7a1d1c9bd2e21,19a7a1d1c9bd2e21,2025-11-12T22:08:39Z,Sysco Order #04201201 - Order Allocated - LARIAT,allocated,Sysco Standard Delivery,04201201,11/12/2025,11/13/2025,7759566,Lettuce Spring Mix,4/3 LB,IMPERIAL FRESH,1.0,1.0,CS,36.85,,36.85,0,0,0,food
19a7a1d1c9bd2e21,19a7a1d1c9bd2e21,2025-11-12T22:08:39Z,Sysco Order #04201201 - Order Allocated - LARIAT,allocated,Sysco Standard Delivery,04201201,11/12/2025,11/13/2025,7644909,Fry On Shortening Frying Liquid,1/35 LB,SYSCO PREMIUM,1.0,1.0,CS,60.49,,60.49,0,0,0,food
19ad6b6421bf13cb,19ad6b6421bf13cb,2025-11-30T21:41:00Z,Sysco Order #04233505 - Order Allocated - LARIAT,allocated,Sysco Standard Delivery,04233505,11/30/2025,12/01/2025,1185156,Pepper Jalapeno Fresh,1/5 LB,IMPERIAL FRESH,1.0,1.0,CS,14.99,,14.99,0,0,0,food
19ad6b6421bf13cb,19ad6b6421bf13cb,2025-11-30T21:41:00Z,Sysco Order #04233505 - Order Allocated - LARIAT,allocated,Sysco Standard Delivery,04233505,11/30/2025,12/01/2025,5934567,Liner Trash 39 Inch X 56 Inch 1.7 Mil Silver Linear Low-density Polyethylene (lldpe),50/55GAL,SYSCO CLASSIC,1.0,1.0,CS,44.09,,44.09,0,0,0,non_food
19ad6b6421bf13cb,19ad6b6421bf13cb,2025-11-30T21:41:00Z,Sysco Order #04233505 - Order Allocated - LARIAT,allocated,Sysco Standard Delivery,04233505,11/30/2025,12/01/2025,7644909,Fry On Shortening Frying Liquid,1/35 LB,SYSCO PREMIUM,6.0,6.0,CS,56.3,,337.8,0,0,0,food
19ad6b6421bf13cb,19ad6b6421bf13cb,2025-11-30T21:41:00Z,Sysco Order #04233505 - Order Allocated - LARIAT,allocated,Sysco Standard Delivery,04233505,11/30/2025,12/01/2025,3555349,"Potato Fry 1/4"" X 1/2"" Beer Batter",6/5 LB,SYSCO IMPERIAL,2.0,2.0,CS,66.65,,133.3,0,0,0,food
19ad6b6421bf13cb,19ad6b6421bf13cb,2025-11-30T21:41:00Z,Sysco Order #04233505 - Order Allocated - LARIAT,allocated,Sysco Standard Delivery,04233505,11/30/2025,12/01/2025,7134591,Cucumber English Medium Seedless 12 Count,1/12CT,IMPERIAL FRESH,1.0,1.0,CS,20.79,,20.79,0,0,0,food
19ad6b6421bf13cb,19ad6b6421bf13cb,2025-11-30T21:41:00Z,Sysco Order #04233505 - Order Allocated - LARIAT,allocated,Sysco Standard Delivery,04233505,11/30/2025,12/01/2025,7759566,Lettuce Spring Mix,4/3 LB,IMPERIAL FRESH,2.0,2.0,CS,32.75,,65.5,0,0,0,food
19ad6b6421bf13cb,19ad6b6421bf13cb,2025-11-30T21:41:00Z,Sysco Order #04233505 - Order Allocated - LARIAT,allocated,Sysco Standard Delivery,04233505,11/30/2025,12/01/2025,2369233,Chicken Wing Steamed Precooked Large,2/5LB,SYSCO CLASSIC,4.0,4.0,CS,45.55,,182.2,0,0,0,food
19ad6b6421bf13cb,19ad6b6421bf13cb,2025-11-30T21:41:00Z,Sysco Order #04233505 - Order Allocated - LARIAT,allocated,Sysco Standard Delivery,04233505,11/30/2025,12/01/2025,7380755,Chicken Leg Whole Raw Frozen,4/5#AVG,RED BIRD INC (POULTRY),1.0,1.0,CS,2.599,LB,49.38,0,0,0,food
19ad6b6421bf13cb,19ad6b6421bf13cb,2025-11-30T21:41:00Z,Sysco Order #04233505 - Order Allocated - LARIAT,allocated,Sysco Standard Delivery,04233505,11/30/2025,12/01/2025,6040760,Salt Kosher Flake Coarse,12/3LB,SYSCO CLASSIC,10.0,10.0,EA,3.95,,39.5,0,0,0,food
19ad6b6421bf13cb,19ad6b6421bf13cb,2025-11-30T21:41:00Z,Sysco Order #04233505 - Order Allocated - LARIAT,allocated,Sysco Standard Delivery,04233505,11/30/2025,12/01/2025,5661143,Tomato Cherry Heirloom Mix,12/.5 PTS,PACKER,1.0,1.0,CS,40.95,,40.95,0,0,0,food
19ad6b6421bf13cb,19ad6b6421bf13cb,2025-11-30T21:41:00Z,Sysco Order #04233505 - Order Allocated - LARIAT,allocated,Sysco Standard Delivery,04233505,11/30/2025,12/01/2025,9903289,Cilantro Fresh Iceless,1/60 CT,IMPERIAL FRESH,1.0,1.0,CS,28.99,,28.99,0,0,0,food
19ad6b6421bf13cb,19ad6b6421bf13cb,2025-11-30T21:41:00Z,Sysco Order #04233505 - Order Allocated - LARIAT,allocated,Sysco Standard Delivery,04233505,11/30/2025,12/01/2025,5098496,Pork Ham Shank Pig Wing 4 Ounce,2/4.5LB,SYSCO CLASSIC,1.0,1.0,CS,89.69,,89.69,0,0,0,food
19ad6b6421bf13cb,19ad6b6421bf13cb,2025-11-30T21:41:00Z,Sysco Order #04233505 - Order Allocated - LARIAT,allocated,Sysco Standard Delivery,04233505,11/30/2025,12/01/2025,3852940,Beef Ground Chuck Brisket Shortrib Patty,24/7 OZ,BUCKHEAD PRIDE/ NEWPORT PRIDE,2.0,2.0,CS,74.45,,148.9,0,0,0,food
19ad6b6421bf13cb,19ad6b6421bf13cb,2025-11-30T21:41:00Z,Sysco Order #04233505 - Order Allocated - LARIAT,allocated,Sysco Standard Delivery,04233505,11/30/2025,12/01/2025,5061643,Oil Salad Canola Zero Trans Fat,1/35 LB,SYSCO CLASSIC,1.0,1.0,CS,41.45,,41.45,0,0,0,food
19ad6b6421bf13cb,19ad6b6421bf13cb,2025-11-30T21:41:00Z,Sysco Order #04233505 - Order Allocated - LARIAT,allocated,Sysco Standard Delivery,04233505,11/30/2025,12/01/2025,3554615,"Potato Fry 5/16"" Beer Extra Long",6/5 LB,SYSCO IMPERIAL,2.0,2.0,CS,55.0,,110.0,0,0,0,food
19ad6b6421bf13cb,19ad6b6421bf13cb,2025-11-30T21:41:00Z,Sysco Order #04233505 - Order Allocated - LARIAT,allocated,Sysco Standard Delivery,04233505,11/30/2025,12/01/2025,7005009,Chile Green Hatch Diced Mild,5/5LB,YOUNG GUNS PRODUCE,1.0,1.0,CS,53.75,,53.75,0,0,0,food
19ad6b6421bf13cb,19ad6b6421bf13cb,2025-11-30T21:41:00Z,Sysco Order #04233505 - Order Allocated - LARIAT,allocated,Sysco Standard Delivery,04233505,11/30/2025,12/01/2025,8071803,Pangasius Fillet Iqf 7-9 Ounce,1/15 LB,PORTICO IMPERIAL,1.0,1.0,CS,49.79,,49.79,0,0,0,food
19ad6b6421bf13cb,19ad6b6421bf13cb,2025-11-30T21:41:00Z,Sysco Order #04233505 - Order Allocated - LARIAT,allocated,Sysco Standard Delivery,04233505,11/30/2025,12/01/2025,9702150,Pretzel Soft Bavarian 7 Oz,10/4 PK,TEXAS TWIST,1.0,1.0,CS,79.95,,79.95,0,0,0,food
19ad6b6421bf13cb,19ad6b6421bf13cb,2025-11-30T21:41:00Z,Sysco Order #04233505 - Order Allocated - LARIAT,allocated,Sysco Standard Delivery,04233505,11/30/2025,12/01/2025,7235243,Chicken Breast Cutlet 5 Ounce,4/5 LB,RED BIRD INC (POULTRY),1.0,1.0,CS,5.359,LB,107.57,0,0,0,food
19ad6b6421bf13cb,19ad6b6421bf13cb,2025-11-30T21:41:00Z,Sysco Order #04233505 - Order Allocated - LARIAT,allocated,Sysco Standard Delivery,04233505,11/30/2025,12/01/2025,3777570,Bacon Shingle Center-cut 7-9 Per Pound Honey Gas Flushed,1/15#,DAILYS BACON,1.0,1.0,CS,67.99,,67.99,0,0,0,food
19ad6b6421bf13cb,19ad6b6421bf13cb,2025-11-30T21:41:00Z,Sysco Order #04233505 - Order Allocated - LARIAT,allocated,Sysco Standard Delivery,04233505,11/30/2025,12/01/2025,6438545,Bacon Layflat Hickory Smoked #2,1/15LB,RANCH & GRILL,3.0,3.0,CS,46.99,,140.97,0,0,0,food
19ad6b6421bf13cb,19ad6b6421bf13cb,2025-11-30T21:41:00Z,Sysco Order #04233505 - Order Allocated - LARIAT,allocated,Sysco Standard Delivery,04233505,11/30/2025,12/01/2025,7585326,"Bread Sourdough Thick Sliced .75""",6/32 OZ,ROTELLA,1.0,1.0,CS,38.49,,38.49,0,0,0,food
19ad6b6421bf13cb,19ad6b6421bf13cb,2025-11-30T21:41:00Z,Sysco Order #04233505 - Order Allocated - LARIAT,allocated,Sysco Standard Delivery,04233505,11/30/2025,12/01/2025,7181814,Sausage Chorizo Bulk Raw,2/7 LB,Polidori,1.0,1.0,CS,67.73,,67.73,0,0,0,food
19ad6b6421bf13cb,19ad6b6421bf13cb,2025-11-30T21:41:00Z,Sysco Order #04233505 - Order Allocated - LARIAT,allocated,Sysco Standard Delivery,04233505,11/30/2025,12/01/2025,6046902,Pork Butt Boneless 1/4 6-9 Pounds Each Fresh,8/6-9#AV,BUTCHERS BLOCK,1.0,1.0,CS,1.999,LB,143.68,0,0,0,food
19ad6b6421bf13cb,19ad6b6421bf13cb,2025-11-30T21:41:00Z,Sysco Order #04233505 - Order Allocated - LARIAT,allocated,Sysco Standard Delivery,04233505,11/30/2025,12/01/2025,9448986,Beef Cheek Meat,1/30 LB,PACKER,1.0,1.0,CS,5.259,LB,156.74,0,0,0,food
19ad6b6421bf13cb,19ad6b6421bf13cb,2025-11-30T21:41:00Z,Sysco Order #04233505 - Order Allocated - LARIAT,allocated,Sysco Standard Delivery,04233505,11/30/2025,12/01/2025,4944450,Soup Base Chicken Real,6/1LB,SYSCO IMPERIAL,1.0,1.0,CS,47.75,,47.75,0,0,0,food
19ad6b6421bf13cb,19ad6b6421bf13cb,2025-11-30T21:41:00Z,Sysco Order #04233505 - Order Allocated - LARIAT,allocated,Sysco Standard Delivery,04233505,11/30/2025,12/01/2025,9869108,Horseradish White Prepared,6/32 OZ,SYSCO CLASSIC,1.0,1.0,EA,11.11,,11.11,0,0,0,food
19ad6b6421bf13cb,19ad6b6421bf13cb,2025-11-30T21:41:00Z,Sysco Order #04233505 - Order Allocated - LARIAT,allocated,Sysco Standard Delivery,04233505,11/30/2025,12/01/2025,1675701,Cabbage Green Shredded Fresh In Bag,4/5 LB,IMPERIAL FRESH,1.0,1.0,CS,30.95,,30.95,0,0,0,food
19ad6b6421bf13cb,19ad6b6421bf13cb,2025-11-30T21:41:00Z,Sysco Order #04233505 - Order Allocated - LARIAT,allocated,Sysco Standard Delivery,04233505,11/30/2025,12/01/2025,1675719,Cabbage Red Shredded Fresh,4/5 LB,IMPERIAL FRESH,2.0,2.0,EA,13.95,,27.9,0,0,0,food
19ad6b6421bf13cb,19ad6b6421bf13cb,2025-11-30T21:41:00Z,Sysco Order #04233505 - Order Allocated - LARIAT,allocated,Sysco Standard Delivery,04233505,11/30/2025,12/01/2025,6395974,Asparagus Jumbo,1/11 LB,PROPACK,1.0,1.0,CS,51.95,,51.95,0,0,0,food
19ad6b6421bf13cb,19ad6b6421bf13cb,2025-11-30T21:41:00Z,Sysco Order #04233505 - Order Allocated - LARIAT,allocated,Sysco Standard Delivery,04233505,11/30/2025,12/01/2025,2575926,Cheese American Loaf Special Melting White,6/5 LB,CASA SOLANA IMPERIAL,1.0,1.0,CS,91.75,,91.75,0,0,0,food
19ad6b6421bf13cb,19ad6b6421bf13cb,2025-11-30T21:41:00Z,Sysco Order #04233505 - Order Allocated - LARIAT,allocated,Sysco Standard Delivery,04233505,11/30/2025,12/01/2025,4685614,Glove Nitrile Foodservice Powder Free Black La,10/100CT,SYSCO CLASSIC,1.0,1.0,CS,44.82,,44.82,0,0,0,non_food
19ad6b6421bf13cb,19ad6b6421bf13cb,2025-11-30T21:41:00Z,Sysco Order #04233505 - Order Allocated - LARIAT,allocated,Sysco Standard Delivery,04233505,11/30/2025,12/01/2025,4685621,Glove Nitrile Foodservice Powder Free Black Ex,10/100CT,SYSCO CLASSIC,1.0,1.0,CS,44.82,,44.82,0,0,0,non_food
19ad6b6421bf13cb,19ad6b6421bf13cb,2025-11-30T21:41:00Z,Sysco Order #04233505 - Order Allocated - LARIAT,allocated,Sysco Standard Delivery,04233505,11/30/2025,12/01/2025,8231512,Container Plastic Deli Translucent With Lid,240/32OZ,DELITAINER (NEWSPRING),1.0,1.0,CS,53.85,,53.85,0,0,0,non_food
19ad6b6421bf13cb,19ad6b6421bf13cb,2025-11-30T21:41:00Z,Sysco Order #04233505 - Order Allocated - LARIAT,allocated,Sysco Standard Delivery,04233505,11/30/2025,12/01/2025,6040885,Pasta Cavatappi 100% Durum Wheat Semolina,2/10 LB,PASTA LABELLA,2.0,2.0,CS,32.99,,65.98,0,0,0,food
19ad6b6421bf13cb,19ad6b6421bf13cb,2025-11-30T21:41:00Z,Sysco Order #04233505 - Order Allocated - LARIAT,allocated,Sysco Standard Delivery,04233505,11/30/2025,12/01/2025,8516029,"Potato Sweet Julienne .188""",5/3 LB,LAMB WESTON,2.0,2.0,CS,49.95,,99.9,0,0,0,food
19ad6b6421bf13cb,19ad6b6421bf13cb,2025-11-30T21:41:00Z,Sysco Order #04233505 - Order Allocated - LARIAT,allocated,Sysco Standard Delivery,04233505,11/30/2025,12/01/2025,2916452,Drink Energy,24/12 OZ,RED BULL,1.0,1.0,CS,67.85,,67.85,0,0,0,beverage
19ad75e1723b588e,19ad75e1723b588e,2025-12-01T00:44:18Z,Sysco Order #04234009 - Order Confirmation - LARIAT,confirmation,Sysco Standard Delivery,04234009,12/01/2025,12/04/2025,9041435,Lime Fresh,1/25 CT,SYSCO IMPERIAL,1.0,1.0,CS,17.29,,17.29,0,0,0,food
19ad75e1723b588e,19ad75e1723b588e,2025-12-01T00:44:18Z,Sysco Order #04234009 - Order Confirmation - LARIAT,confirmation,Sysco Standard Delivery,04234009,12/01/2025,12/04/2025,4063095,Juice Lemon Pasteurized Ultra Premium,6/.5 GAL,SYSCO NATURAL,1.0,1.0,CS,48.13,,48.13,0,0,0,beverage
19ad75e1723b588e,19ad75e1723b588e,2025-12-01T00:44:18Z,Sysco Order #04234009 - Order Confirmation - LARIAT,confirmation,Sysco Standard Delivery,04234009,12/01/2025,12/04/2025,3865730,Juice Lime Pasteurized Ultra Premium,6/1QT,SYSCO NATURAL,1.0,1.0,CS,28.82,,28.82,0,0,0,beverage
19ad75e1723b588e,19ad75e1723b588e,2025-12-01T00:44:18Z,Sysco Order #04234009 - Order Confirmation - LARIAT,confirmation,Sysco Standard Delivery,04234009,12/01/2025,12/04/2025,2252039,Lemon Choice Fresh,1/140 CT,RELIANCE FRESH,1.0,1.0,CS,37.99,,37.99,0,0,0,food
19b0a5dbc5773851,19b0a5dbc5773851,2025-12-10T22:24:33Z,Sysco Order #04255058 - Order Allocated - LARIAT,allocated,Sysco Standard Delivery,04255058,12/10/2025,12/11/2025,6986210,Appetizer Brie With Raspberries In Phyllo,4/25 CT,SYSCO PREMIUM,1.0,1.0,CS,137.59,,137.59,0,0,0,food
19b0a5dbc5773851,19b0a5dbc5773851,2025-12-10T22:24:33Z,Sysco Order #04255058 - Order Allocated - LARIAT,allocated,Sysco Standard Delivery,04255058,12/10/2025,12/11/2025,3729672,Drink Energy Red Bull Blue Edition,24/12 OZ,RED BULL,1.0,1.0,CS,67.85,,67.85,0,0,0,beverage
19b0a5dbc5773851,19b0a5dbc5773851,2025-12-10T22:24:33Z,Sysco Order #04255058 - Order Allocated - LARIAT,allocated,Sysco Standard Delivery,04255058,12/10/2025,12/11/2025,3852940,Beef Ground Chuck Brisket Shortrib Patty,24/7 OZ,BUCKHEAD PRIDE/ NEWPORT PRIDE,3.0,3.0,CS,71.65,,214.95,0,0,0,food
19b0a5dbc5773851,19b0a5dbc5773851,2025-12-10T22:24:33Z,Sysco Order #04255058 - Order Allocated - LARIAT,allocated,Sysco Standard Delivery,04255058,12/10/2025,12/11/2025,3787967,Crab Cake Mini Claw,100/.75 OZ,PHILLIP FOODS,1.0,1.0,CS,117.95,,117.95,0,0,0,food
19b0a5dbc5773851,19b0a5dbc5773851,2025-12-10T22:24:33Z,Sysco Order #04255058 - Order Allocated - LARIAT,allocated,Sysco Standard Delivery,04255058,12/10/2025,12/11/2025,8605725,Chicken Thighs Skin-on Boneless,4/5LB,RED BIRD INC (POULTRY),2.0,2.0,CS,4.299,LB,178.52,0,0,0,food
19b0a5dbc5773851,19b0a5dbc5773851,2025-12-10T22:24:33Z,Sysco Order #04255058 - Order Allocated - LARIAT,allocated,Sysco Standard Delivery,04255058,12/10/2025,12/11/2025,1008663,Tomato 2 Layer 5x6 Fresh,1/60 CT,IMPERIAL FRESH,1.0,1.0,CS,29.99,,29.99,0,0,0,food
19b0a5dbc5773851,19b0a5dbc5773851,2025-12-10T22:24:33Z,Sysco Order #04255058 - Order Allocated - LARIAT,allocated,Sysco Standard Delivery,04255058,12/10/2025,12/11/2025,6040760,Salt Kosher Flake Coarse,12/3LB,SYSCO CLASSIC,11.0,11.0,EA,3.95,,43.45,0,0,0,food
19b0a5dbc5773851,19b0a5dbc5773851,2025-12-10T22:24:33Z,Sysco Order #04255058 - Order Allocated - LARIAT,allocated,Sysco Standard Delivery,04255058,12/10/2025,12/11/2025,7108963,Coffee Cold Brew Concentrate 5+1,6/32 OZ,CITAVO IMPERIAL,2.0,2.0,CS,91.49,,182.98,0,0,0,beverage
19b0a5dbc5773851,19b0a5dbc5773851,2025-12-10T22:24:33Z,Sysco Order #04255058 - Order Allocated - LARIAT,allocated,Sysco Standard Delivery,04255058,12/10/2025,12/11/2025,2004810,Rosemary Fresh Herb,1/4 OZ,IMPERIAL FRESH,1.0,1.0,CS,9.95,,9.95,0,0,0,food
19b0a5dbc5773851,19b0a5dbc5773851,2025-12-10T22:24:33Z,Sysco Order #04255058 - Order Allocated - LARIAT,allocated,Sysco Standard Delivery,04255058,12/10/2025,12/11/2025,2005262,Thyme Fresh Herb,1/4 OZ,IMPERIAL FRESH,1.0,1.0,CS,9.75,,9.75,0,0,0,food
19b1ef11d2aa82f3,19b1ef11d2aa82f3,2025-12-14T22:17:56Z,Sysco Order Dec 14 2025 11:09 AM  - Order Confirmation - LARIAT,confirmation,Sysco Standard Delivery,04262282,12/14/2025,12/14/2025,4108936,Towel Multifold Advanced White 2-ply,16/189CT,TORK (TOWELS ETC),1.0,1.0,CS,55.55,,55.55,0,0,0,non_food
19b1ef11d2aa82f3,19b1ef11d2aa82f3,2025-12-14T22:17:56Z,Sysco Order Dec 14 2025 11:09 AM  - Order Confirmation - LARIAT,confirmation,Sysco Standard Delivery,04262282,12/14/2025,12/14/2025,7637430,Cleaner Bowl Phosphoric Acid 20% Ready To Use,6/32OZ,KEYSTONE PRODUCTS,1.0,1.0,CS,57.95,,57.95,0,0,0,non_food
19b1ef11d2aa82f3,19b1ef11d2aa82f3,2025-12-14T22:17:56Z,Sysco Order Dec 14 2025 11:09 AM  - Order Confirmation - LARIAT,confirmation,Sysco Standard Delivery,04262282,12/14/2025,12/14/2025,8458826,Cleaner Glass Blue Ready To Use,4/1GAL,SYSCO RELIANCE,1.0,1.0,CS,33.2,,33.2,0,0,0,non_food
19b1ef11d2aa82f3,19b1ef11d2aa82f3,2025-12-14T22:17:56Z,Sysco Order Dec 14 2025 11:09 AM  - Order Confirmation - LARIAT,confirmation,Sysco Standard Delivery,04262282,12/14/2025,12/14/2025,3617531,Vegetarian Blend Sweet Potato & Roasted Root Vegetables,6/2.5LB,SYSCO SUPREME,2.0,2.0,CS,56.45,,112.9,0,0,0,food
19b1ef11d2aa82f3,19b1ef11d2aa82f3,2025-12-14T22:17:56Z,Sysco Order Dec 14 2025 11:09 AM  - Order Confirmation - LARIAT,confirmation,Sysco Standard Delivery,04262282,12/14/2025,12/14/2025,7005009,Chile Green Hatch Diced Mild,5/5LB,YOUNG GUNS PRODUCE,2.0,2.0,CS,53.75,,107.5,0,0,0,food
19b1ef11d2aa82f3,19b1ef11d2aa82f3,2025-12-14T22:17:56Z,Sysco Order Dec 14 2025 11:09 AM  - Order Confirmation - LARIAT,confirmation,Sysco Standard Delivery,04262282,12/14/2025,12/14/2025,6040760,Salt Kosher Flake Coarse,12/3LB,SYSCO CLASSIC,12.0,12.0,EA,3.95,,47.4,0,0,0,food
19b1ef11d2aa82f3,19b1ef11d2aa82f3,2025-12-14T22:17:56Z,Sysco Order Dec 14 2025 11:09 AM  - Order Confirmation - LARIAT,confirmation,Sysco Standard Delivery,04262282,12/14/2025,12/14/2025,3852940,Beef Ground Chuck Brisket Shortrib Patty,24/7 OZ,BUCKHEAD PRIDE/ NEWPORT PRIDE,3.0,3.0,CS,74.95,,224.85,0,0,0,food
19b1ef11d2aa82f3,19b1ef11d2aa82f3,2025-12-14T22:17:56Z,Sysco Order Dec 14 2025 11:09 AM  - Order Confirmation - LARIAT,confirmation,Sysco Standard Delivery,04262282,12/14/2025,12/14/2025,3729672,Drink Energy Red Bull Blue Edition,24/12 OZ,RED BULL,1.0,1.0,CS,67.85,,67.85,0,0,0,beverage
19b1ef11d2aa82f3,19b1ef11d2aa82f3,2025-12-14T22:17:56Z,Sysco Order Dec 14 2025 11:09 AM  - Order Confirmation - LARIAT,confirmation,Sysco Standard Delivery,04262282,12/14/2025,12/14/2025,3554615,"Potato Fry 5/16"" Beer Extra Long",6/5 LB,SYSCO IMPERIAL,1.0,1.0,CS,55.0,,55.0,0,0,0,food
19b1ef11d2aa82f3,19b1ef11d2aa82f3,2025-12-14T22:17:56Z,Sysco Order Dec 14 2025 11:09 AM  - Order Confirmation - LARIAT,confirmation,Sysco Standard Delivery,04262282,12/14/2025,12/14/2025,7585326,"Bread Sourdough Thick Sliced .75""",6/32 OZ,ROTELLA,1.0,1.0,CS,38.49,,38.49,0,0,0,food
19b1ef11d2aa82f3,19b1ef11d2aa82f3,2025-12-14T22:17:56Z,Sysco Order Dec 14 2025 11:09 AM  - Order Confirmation - LARIAT,confirmation,Sysco Standard Delivery,04262282,12/14/2025,12/14/2025,7644909,Fry On Shortening Frying Liquid,1/35 LB,SYSCO PREMIUM,6.0,6.0,CS,56.3,,337.8,0,0,0,food
19b1ef11d2aa82f3,19b1ef11d2aa82f3,2025-12-14T22:17:56Z,Sysco Order Dec 14 2025 11:09 AM  - Order Confirmation - LARIAT,confirmation,Sysco Standard Delivery,04262282,12/14/2025,12/14/2025,5098496,Pork Ham Shank Pig Wing 4 Ounce,2/4.5LB,SYSCO CLASSIC,2.0,2.0,CS,89.69,,179.38,0,0,0,food
19b1ef11d2aa82f3,19b1ef11d2aa82f3,2025-12-14T22:17:56Z,Sysco Order Dec 14 2025 11:09 AM  - Order Confirmation - LARIAT,confirmation,Sysco Standard Delivery,04262282,12/14/2025,12/14/2025,1400464,Chicken Tenders Breaded Golden Flat Large,2/5 LB,SYSCO CLASSIC,2.0,2.0,CS,55.95,,111.9,0,0,0,food
19b1ef11d2aa82f3,19b1ef11d2aa82f3,2025-12-14T22:17:56Z,Sysco Order Dec 14 2025 11:09 AM  - Order Confirmation - LARIAT,confirmation,Sysco Standard Delivery,04262282,12/14/2025,12/14/2025,7121503,Sausage Breakfast Patty 3.5 Ounce Antibiotic Free,42/3.5OZ,Polidori,1.0,1.0,CS,55.95,,55.95,0,0,0,food
19b1ef11d2aa82f3,19b1ef11d2aa82f3,2025-12-14T22:17:56Z,Sysco Order Dec 14 2025 11:09 AM  - Order Confirmation - LARIAT,confirmation,Sysco Standard Delivery,04262282,12/14/2025,12/14/2025,2369233,Chicken Wing Steamed Precooked Large,2/5LB,SYSCO CLASSIC,4.0,4.0,CS,43.95,,175.8,0,0,0,food
19b1ef11d2aa82f3,19b1ef11d2aa82f3,2025-12-14T22:17:56Z,Sysco Order Dec 14 2025 11:09 AM  - Order Confirmation - LARIAT,confirmation,Sysco Standard Delivery,04262282,12/14/2025,12/14/2025,6438545,Bacon Layflat Hickory Smoked #2,1/15LB,RANCH & GRILL,3.0,3.0,CS,45.45,,136.35,0,0,0,food
19b1ef11d2aa82f3,19b1ef11d2aa82f3,2025-12-14T22:17:56Z,Sysco Order Dec 14 2025 11:09 AM  - Order Confirmation - LARIAT,confirmation,Sysco Standard Delivery,04262282,12/14/2025,12/14/2025,6046902,Pork Butt Boneless 1/4 6-9 Pounds Each Fresh,8/6-9#AV,BUTCHERS BLOCK,1.0,1.0,CS,1.999,LB,146.92,0,0,0,food
19b1ef11d2aa82f3,19b1ef11d2aa82f3,2025-12-14T22:17:56Z,Sysco Order Dec 14 2025 11:09 AM  - Order Confirmation - LARIAT,confirmation,Sysco Standard Delivery,04262282,12/14/2025,12/14/2025,7218368,Shallot Whole Fresh,1/10 LB,IMPERIAL FRESH,1.0,1.0,CS,35.95,,35.95,0,0,0,food
19b1ef11d2aa82f3,19b1ef11d2aa82f3,2025-12-14T22:17:56Z,Sysco Order Dec 14 2025 11:09 AM  - Order Confirmation - LARIAT,confirmation,Sysco Standard Delivery,04262282,12/14/2025,12/14/2025,2916452,Drink Energy,24/12 OZ,RED BULL,1.0,1.0,CS,67.85,,67.85,0,0,0,beverage
19b1ef11d2aa82f3,19b1ef11d2aa82f3,2025-12-14T22:17:56Z,Sysco Order Dec 14 2025 11:09 AM  - Order Confirmation - LARIAT,confirmation,Sysco Standard Delivery,04262282,12/14/2025,12/14/2025,6062746,POLISH METAL WEIMAN STAINLESS STEEL CLEANER AND POLISH - CASE OF 6 - 17 OZ,6/17,OTHER,1.0,1.0,CS,75.93,,75.93,1,0,0,non_food
19b1ef11d2aa82f3,19b1ef11d2aa82f3,2025-12-14T22:17:56Z,Sysco Order Dec 14 2025 11:09 AM  - Order Confirmation - LARIAT,confirmation,Sysco Standard Delivery,14152617,12/14/2025,12/14/2025,7329264,Dispenser Whipped Cream Stainless Steel 2 Pint,1/1 EA,MR BAR-B-Q,1.0,1.0,CS,130.01,,130.01,1,0,0,food
19b1ef11d2aa82f3,19b1ef11d2aa82f3,2025-12-14T22:17:56Z,Sysco Order Dec 14 2025 11:09 AM  - Order Confirmation - LARIAT,confirmation,Sold and Shipped by DON,14152617,12/14/2025,12/14/2025,5934567,Liner Trash 39 Inch X 56 Inch 1.7 Mil Silver Linear Low-density Polyethylene (lldpe),50/55GAL,SYSCO CLASSIC,2.0,2.0,CS,44.09,,88.18,0,0,0,non_food
19b523c412f891d0,19b523c412f891d0,2025-12-24T21:20:38Z,Sysco Order #04283369 - Order Allocated - LARIAT,allocated,Sysco Standard Delivery,04283369,12/24/2025,12/26/2025,2916452,Drink Energy,24/12 OZ,RED BULL,1.0,1.0,CS,67.85,,67.85,0,0,0,beverage
19b523c412f891d0,19b523c412f891d0,2025-12-24T21:20:38Z,Sysco Order #04283369 - Order Allocated - LARIAT,allocated,Sysco Standard Delivery,04283369,12/24/2025,12/26/2025,3852940,Beef Ground Chuck Brisket Shortrib Patty,24/7 OZ,BUCKHEAD PRIDE/ NEWPORT PRIDE,4.0,4.0,CS,72.88,,291.52,0,0,0,food
19b523c412f891d0,19b523c412f891d0,2025-12-24T21:20:38Z,Sysco Order #04283369 - Order Allocated - LARIAT,allocated,Sysco Standard Delivery,04283369,12/24/2025,12/26/2025,3554615,"Potato Fry 5/16"" Beer Extra Long",6/5 LB,SYSCO IMPERIAL,2.0,2.0,CS,55.0,,110.0,0,0,0,food
19b523c412f891d0,19b523c412f891d0,2025-12-24T21:20:38Z,Sysco Order #04283369 - Order Allocated - LARIAT,allocated,Sysco Standard Delivery,04283369,12/24/2025,12/26/2025,7644909,Fry On Shortening Frying Liquid,1/35 LB,SYSCO PREMIUM,4.0,4.0,CS,58.36,,233.44,0,0,0,food
19b523c412f891d0,19b523c412f891d0,2025-12-24T21:20:38Z,Sysco Order #04283369 - Order Allocated - LARIAT,allocated,Sysco Standard Delivery,04283369,12/24/2025,12/26/2025,8071803,Pangasius Fillet Iqf 7-9 Ounce,1/15 LB,PORTICO IMPERIAL,3.0,3.0,CS,49.79,,149.37,0,0,0,food
19b523c412f891d0,19b523c412f891d0,2025-12-24T21:20:38Z,Sysco Order #04283369 - Order Allocated - LARIAT,allocated,Sysco Standard Delivery,04283369,12/24/2025,12/26/2025,5098496,Pork Ham Shank Pig Wing 4 Ounce,2/4.5LB,SYSCO CLASSIC,2.0,2.0,CS,89.69,,179.38,0,0,0,food
19b523c412f891d0,19b523c412f891d0,2025-12-24T21:20:38Z,Sysco Order #04283369 - Order Allocated - LARIAT,allocated,Sysco Standard Delivery,04283369,12/24/2025,12/26/2025,7005009,Chile Green Hatch Diced Mild,5/5LB,YOUNG GUNS PRODUCE,1.0,1.0,CS,53.75,,53.75,0,0,0,food
19b762a8bfa1c773,19b7659c20c61ebf,2025-12-31T21:39:12Z,Sysco Order #04295722 - Order Allocated - LARIAT,allocated,Sysco Standard Delivery,04295722,12/31/2025,01/02/2026,3554615,"Potato Fry 5/16"" Beer Extra Long",6/5 LB,SYSCO IMPERIAL,1.0,2.0,CS,55.0,,55.0,0,1,0,food
19b762a8bfa1c773,19b7659c20c61ebf,2025-12-31T21:39:12Z,Sysco Order #04295722 - Order Allocated - LARIAT,allocated,Sysco Standard Delivery,04295722,12/31/2025,01/02/2026,6800494,"Potato Fry 5/16"" Beer Extra Long",6/5 LB,BREW CITY,1.0,1.0,CS,62.55,,62.55,0,0,1,food
19b762a8bfa1c773,19b7659c20c61ebf,2025-12-31T21:39:12Z,Sysco Order #04295722 - Order Allocated - LARIAT,allocated,Sysco Standard Delivery,04295722,12/31/2025,01/02/2026,4471223,Tape Paper Regular Thermal 3-1/8 Inch,50/1EA,SYSCO CLASSIC,1.0,1.0,CS,65.09,,65.09,0,0,0,non_food
19b762a8bfa1c773,19b7659c20c61ebf,2025-12-31T21:39:12Z,Sysco Order #04295722 - Order Allocated - LARIAT,allocated,Sysco Standard Delivery,04295722,12/31/2025,01/02/2026,1185156,Pepper Jalapeno Fresh,1/5 LB,IMPERIAL FRESH,1.0,1.0,CS,15.45,,15.45,0,0,0,food
19b762a8bfa1c773,19b7659c20c61ebf,2025-12-31T21:39:12Z,Sysco Order #04295722 - Order Allocated - LARIAT,allocated,Sysco Standard Delivery,04295722,12/31/2025,01/02/2026,1070879,Avocado Hass Fresh,1/24 CT,PROPACK,1.0,1.0,CS,20.69,,20.69,0,0,0,food
19b762a8bfa1c773,19b7659c20c61ebf,2025-12-31T21:39:12Z,Sysco Order #04295722 - Order Allocated - LARIAT,allocated,Sysco Standard Delivery,04295722,12/31/2025,01/02/2026,2369233,Chicken Wing Steamed Precooked Large,2/5LB,SYSCO CLASSIC,4.0,4.0,CS,43.95,,175.8,0,0,0,food
19b762a8bfa1c773,19b7659c20c61ebf,2025-12-31T21:39:12Z,Sysco Order #04295722 - Order Allocated - LARIAT,allocated,Sysco Standard Delivery,04295722,12/31/2025,01/02/2026,1008663,Tomato 2 Layer 5x6 Fresh,1/60 CT,IMPERIAL FRESH,1.0,1.0,CS,30.45,,30.45,0,0,0,food
19b762a8bfa1c773,19b7659c20c61ebf,2025-12-31T21:39:12Z,Sysco Order #04295722 - Order Allocated - LARIAT,allocated,Sysco Standard Delivery,04295722,12/31/2025,01/02/2026,5934567,Liner Trash 39 Inch X 56 Inch 1.7 Mil Silver Linear Low-density Polyethylene (lldpe),50/55GAL,SYSCO CLASSIC,1.0,1.0,CS,44.09,,44.09,0,0,0,non_food
19b762a8bfa1c773,19b7659c20c61ebf,2025-12-31T21:39:12Z,Sysco Order #04295722 - Order Allocated - LARIAT,allocated,Sysco Standard Delivery,04295722,12/31/2025,01/02/2026,3533643,Tomatillo Whole,6/100 OZ,DEL SOL (CANNED),1.0,1.0,CS,36.65,,36.65,0,0,0,food
19b762a8bfa1c773,19b7659c20c61ebf,2025-12-31T21:39:12Z,Sysco Order #04295722 - Order Allocated - LARIAT,allocated,Sysco Standard Delivery,04295722,12/31/2025,01/02/2026,2916452,Drink Energy,24/12 OZ,RED BULL,1.0,1.0,CS,67.85,,67.85,0,0,0,beverage
19b762a8bfa1c773,19b7659c20c61ebf,2025-12-31T21:39:12Z,Sysco Order #04295722 - Order Allocated - LARIAT,allocated,Sysco Standard Delivery,04295722,12/31/2025,01/02/2026,6040760,Salt Kosher Flake Coarse,12/3LB,SYSCO CLASSIC,24.0,24.0,EA,3.95,,94.8,0,0,0,food
19b762a8bfa1c773,19b7659c20c61ebf,2025-12-31T21:39:12Z,Sysco Order #04295722 - Order Allocated - LARIAT,allocated,Sysco Standard Delivery,04295722,12/31/2025,01/02/2026,5061643,Oil Salad Canola Zero Trans Fat,1/35 LB,SYSCO CLASSIC,1.0,1.0,CS,41.79,,41.79,0,0,0,food
19b762a8bfa1c773,19b7659c20c61ebf,2025-12-31T21:39:12Z,Sysco Order #04295722 - Order Allocated - LARIAT,allocated,Sysco Standard Delivery,04295722,12/31/2025,01/02/2026,6395974,Asparagus Jumbo,1/11 LB,PROPACK,1.0,1.0,CS,54.45,,54.45,0,0,0,food
19b762a8bfa1c773,19b7659c20c61ebf,2025-12-31T21:39:12Z,Sysco Order #04295722 - Order Allocated - LARIAT,allocated,Sysco Standard Delivery,04295722,12/31/2025,01/02/2026,4566873,Mix Cornbread Homestyle Complete,6/5 LB,KRUSTEAZ,1.0,1.0,CS,87.49,,87.49,0,0,0,food
19b762a8bfa1c773,19b7659c20c61ebf,2025-12-31T21:39:12Z,Sysco Order #04295722 - Order Allocated - LARIAT,allocated,Sysco Standard Delivery,04295722,12/31/2025,01/02/2026,1423726,Container Paper #4 Takeout Kraft,2/45CT,EARTH PLUS,2.0,2.0,CS,52.95,,105.9,0,0,0,non_food
19b762a8bfa1c773,19b7659c20c61ebf,2025-12-31T21:39:12Z,Sysco Order #04295722 - Order Allocated - LARIAT,allocated,Sysco Standard Delivery,04295722,12/31/2025,01/02/2026,4064986,Mustard French Whole Grain In Tin,4/8.6 LB,SYSCO IMPERIAL,1.0,1.0,CS,116.79,,116.79,0,0,0,food
19b762a8bfa1c773,19b7659c20c61ebf,2025-12-31T21:39:12Z,Sysco Order #04295722 - Order Allocated - LARIAT,allocated,Sysco Standard Delivery,04295722,12/31/2025,01/02/2026,8231512,Container Plastic Deli Translucent With Lid,240/32OZ,DELITAINER (NEWSPRING),2.0,2.0,CS,53.85,,107.7,0,0,0,non_food
19b762a8bfa1c773,19b7659c20c61ebf,2025-12-31T21:39:12Z,Sysco Order #04295722 - Order Allocated - LARIAT,allocated,Sysco Standard Delivery,04295722,12/31/2025,01/02/2026,4595138,Cleaner Grill And Panini High Temperature,6/32 OZ,ECOLAB,2.0,2.0,CS,161.99,,323.98,0,0,0,non_food
19b762a8bfa1c773,19b7659c20c61ebf,2025-12-31T21:39:12Z,Sysco Order #04295722 - Order Allocated - LARIAT,allocated,Sysco Standard Delivery,04295722,12/31/2025,01/02/2026,4011078,Pudding Vanilla Ready To Use,6/#10,SYSCO CLASSIC,1.0,1.0,CS,76.99,,76.99,0,0,0,food
19b762a8bfa1c773,19b7659c20c61ebf,2025-12-31T21:39:12Z,Sysco Order #04295722 - Order Allocated - LARIAT,allocated,Sysco Standard Delivery,04295722,12/31/2025,01/02/2026,6219349,Syrup Maple 55%,4/128FOZ,SYSCO IMPERIAL,1.0,1.0,CS,201.59,,201.59,0,0,0,food
19b762a8bfa1c773,19b7659c20c61ebf,2025-12-31T21:39:12Z,Sysco Order #04295722 - Order Allocated - LARIAT,allocated,Sysco Standard Delivery,04295722,12/31/2025,01/02/2026,3617531,Vegetarian Blend Sweet Potato & Roasted Root Vegetables,6/2.5LB,SYSCO SUPREME,1.0,1.0,CS,56.45,,56.45,0,0,0,food
19b762a8bfa1c773,19b7659c20c61ebf,2025-12-31T21:39:12Z,Sysco Order #04295722 - Order Allocated - LARIAT,allocated,Sysco Standard Delivery,04295722,12/31/2025,01/02/2026,3852940,Beef Ground Chuck Brisket Shortrib Patty,24/7 OZ,BUCKHEAD PRIDE/ NEWPORT PRIDE,3.0,3.0,CS,72.88,,218.64,0,0,0,food
19b762a8bfa1c773,19b7659c20c61ebf,2025-12-31T21:39:12Z,Sysco Order #04295722 - Order Allocated - LARIAT,allocated,Sysco Standard Delivery,04295722,12/31/2025,01/02/2026,5098496,Pork Ham Shank Pig Wing 4 Ounce,2/4.5LB,SYSCO CLASSIC,2.0,2.0,CS,89.69,,179.38,0,0,0,food
19b762a8bfa1c773,19b7659c20c61ebf,2025-12-31T21:39:12Z,Sysco Order #04295722 - Order Allocated - LARIAT,allocated,Sysco Standard Delivery,04295722,12/31/2025,01/02/2026,7235243,Chicken Breast Cutlet 5 Ounce,4/5 LB,RED BIRD INC (POULTRY),2.0,2.0,CS,5.359,LB,212.95,0,0,0,food
19b762a8bfa1c773,19b7659c20c61ebf,2025-12-31T21:39:12Z,Sysco Order #04295722 - Order Allocated - LARIAT,allocated,Sysco Standard Delivery,04295722,12/31/2025,01/02/2026,3777570,Bacon Shingle Center-cut 7-9 Per Pound Honey Gas Flushed,1/15#,DAILYS BACON,2.0,2.0,CS,65.85,,131.7,0,0,0,food
19b762a8bfa1c773,19b7659c20c61ebf,2025-12-31T21:39:12Z,Sysco Order #04295722 - Order Allocated - LARIAT,allocated,Sysco Standard Delivery,04295722,12/31/2025,01/02/2026,7585326,"Bread Sourdough Thick Sliced .75""",6/32 OZ,ROTELLA,2.0,2.0,CS,38.49,,76.98,0,0,0,food
19b762a8bfa1c773,19b7659c20c61ebf,2025-12-31T21:39:12Z,Sysco Order #04295722 - Order Allocated - LARIAT,allocated,Sysco Standard Delivery,04295722,12/31/2025,01/02/2026,9869108,Horseradish White Prepared,6/32 OZ,SYSCO CLASSIC,1.0,1.0,EA,11.11,,11.11,0,0,0,food
19b762a8bfa1c773,19b7659c20c61ebf,2025-12-31T21:39:12Z,Sysco Order #04295722 - Order Allocated - LARIAT,allocated,Sysco Standard Delivery,04295722,12/31/2025,01/02/2026,2575926,Cheese American Loaf Special Melting White,6/5 LB,CASA SOLANA IMPERIAL,2.0,2.0,CS,86.99,,173.98,0,0,0,food
19b762a8bfa1c773,19b7659c20c61ebf,2025-12-31T21:39:12Z,Sysco Order #04295722 - Order Allocated - LARIAT,allocated,Sysco Standard Delivery,04295722,12/31/2025,01/02/2026,2406189,Cheese Cheddar Jack Fancy Shredded,4/5LB,CASA SOLANA IMPERIAL,1.0,1.0,CS,57.95,,57.95,0,0,0,food
,,,,,,04627746,06/07/2026,,7465969,Pan Foil Steam Table 2.56 Inch Deep,,,1,,CS,,,57.72,,,,non_food
,,,,,,04612237,05/31/2026,,1675701,Cabbage Green Shredded Fresh In Bag,,,1,,CS,,,25.55,,,,food
,,,,,,04568201,05/10/2026,,3554553,Cheese Monterey Pepper Jack Sliced Interleaf .,,,1,,CS,,,49.99,,,,food
,,,,,,04568201,05/10/2026,,2916452,Drink Energy,,,1,,CS,,,62.00,,,,beverage
,,,,,,04568201,05/10/2026,,1007350,Avocado Hass Breaking Fresh,,,1,,CS,,,45.45,,,,food
,,,,,,04697231,07/08/2026,,2004810,Rosemary Fresh Herb,,,1,,CS,,,8.99,,,,food
,,,,,,04698081,07/08/2026,,9927799,Pepper Jalapeno Fresh,,,1,,CS,,,25.45,,,,food
,,,,,,04698081,07/08/2026,,4676306,Milk Whole Gallon,,,1,,CS,,,23.13,,,,food
,,,,,,04698081,07/08/2026,,1070879,Avocado Hass Fresh,,,1,,CS,,,26.89,,,,food
,,,,,,04745437,07/29/2026,,6971939,Nectar Peach,,,2,,CS,,,111.50,,,,beverage
,,,,,,04745359,07/29/2026,,5661143,Tomato Cherry Heirloom Mix,,,1,,CS,,,48.95,,,,food
,,,,,,04745480,07/29/2026,,8312696,Juice Pomegranate 100% Fresh,,,1,,CS,,,24.79,,,,beverage
,,,,,,04359182,02/01/2026,,3554553,Cheese Monterey Pepper Jack Sliced Interleaf .,,,1,,CS,,,41.95,,,,food
,,,,,,04359182,02/01/2026,,3777570,Bacon Shingle Center-cut 7-9 Per Pound Honey Gas Flushed,,,4,,CS,,,263.96,,,,food
,,,,,,04338418,01/21/2026,,6395974,Asparagus Jumbo,,,1,,CS,,,54.45,,,,food
,,,,,,04338374,01/21/2026,,5228549,Spice Chili Powder Dark,,,1,,EA,,,58.61,,,,food
,,,,,,04255088,12/10/2025,,3617531,Vegetarian Blend Sweet Potato & Roasted Root Vegetables,,,1,,CS,,,56.45,,,,food
,,,,,,04152493,10/19/2025,,1970896,"Tortilla Corn White 6""",,,2,,CS,,,91.90,,,,food
,,,,,,04085431,09/17/2025,,7210310,Buttermilk Whole Qt,,,1,,CS,,,35.85,,,,food
,,,,,,04085431,09/17/2025,,4566873,Mix Cornbread Homestyle Complete,,,1,,CS,,,81.95,,,,food
,,,,,,04002584,08/10/2025,,7644909,Fry On Shortening Frying Liquid,,,6,,CS,,,376.08,,,,food
,,,,,,03978489,07/30/2025,,7644909,Fry On Shortening Frying Liquid,,,6,,CS,,,374.34,,,,food
,,,,,,03978489,07/30/2025,,6040885,Pasta Cavatappi 100% Durum Wheat Semolina,,,2,,CS,,,59.98,,,,food
,,,,,,03949534,07/16/2025,,1491552,"Bun Brioche 4.5""",,,2,,CS,,,110.50,,,,food
,,,,,,03949534,07/16/2025,,1309863,"Bread Pita Plain 7""",,,1,,CS,,,54.75,,,,food
,,,,,,03949534,07/16/2025,,1675750,Carrots Matchstick Shredded,,,1,,CS,,,30.49,,,,food
,,,,,,04338463,01/21/2026,,1552272,Cheese Mozzarella Fresh Cryovac Log,,,1,,CS,,,36.90,,,,food
,,,,,,04735930,07/25/2026,,5972639,Water Bottled,,,1,,CS,,,21.85,,,,beverage
,,,,,,04735930,07/25/2026,,5020302,Potato Hash Brown Dice Skinon,,,1,,CS,,,76.39,,,,food
,,,,,,04735930,07/25/2026,,3855251,Melon Watermelon Seedless Fresh,,,1,,CS,,,49.95,,,,food
,,,,,,14418432,07/25/2026,,4576940,Crayon Assorted Round Box,,,1,,CS,,,36.26,,,,non_food
,,,,,,M435294ea7ee0,07/25/2026,,6069255,TISSUE TOILET TOILET PAPER - 20 ROLLS,,,1,,EA,,,64.87,,,,non_food
